block,instance,n,n_sweeps,p_s,deg_mean,coupling,b_accum,e_accum_fJ,e_accum_provenance,synapse_on,synapse_pJ_per_update,k,n_par,share,rail_vt,platform,e_update_pJ,tts_s,energy_J,energy_ratio_vs_cmos,tts_ratio_vs_cmos
caliber,G1,800,10000,0.685,47.94,count_core,8,366.76,MEASURED,0,0.0,3,64,1.0,4.0,sMTJ-array,0.783,0.0003886866695581642,2.4971623570382984e-05,0.15660000000000002,0.15
caliber,G1,800,10000,0.685,47.94,count_core,8,366.76,MEASURED,0,0.0,3,64,1.0,4.0,sMTJ-array-e2e,14.675,0.00726325823181023,0.0004680186154474716,2.935,2.8030000000000004
caliber,G1,800,10000,0.685,47.94,count_core,8,366.76,MEASURED,0,0.0,3,64,1.0,4.0,cmos-pbit,5.0,0.002591244463721095,0.00015946119776745197,1.0,1.0
caliber,G1,800,10000,0.685,47.94,count_core,8,366.76,MEASURED,0,0.0,3,64,1.0,4.0,fpga-sbm,1000.0000000000001,0.000159461197767452,0.0318922395534904,200.00000000000006,0.06153846153846154
caliber,G1,800,10000,0.685,47.94,count_core,8,366.76,MEASURED,0,0.0,3,64,1.0,4.0,cpu-numba,3959460.399957606,4.509859270643103,126.27605957800687,791892.0799915212,1740.4221538275192
caliber,G1,800,10000,0.685,47.94,count_core,8,366.76,MEASURED,1,17.5824,3,64,1.0,4.0,sMTJ-array,18.365426459999995,0.0003886866695581642,0.000585714580164331,0.8132618738969648,0.15
caliber,G1,800,10000,0.685,47.94,count_core,8,366.76,MEASURED,1,17.5824,3,64,1.0,4.0,sMTJ-array-e2e,32.25742646,0.00726325823181023,0.0010287615720414197,1.428430488510047,2.8030000000000004
caliber,G1,800,10000,0.685,47.94,count_core,8,366.76,MEASURED,1,17.5824,3,64,1.0,4.0,cmos-pbit,22.582426459999994,0.002591244463721095,0.0007202041543613999,1.0,1.0
caliber,G1,800,10000,0.685,47.94,count_core,8,366.76,MEASURED,1,17.5824,3,64,1.0,4.0,fpga-sbm,1000.0000000000001,0.000159461197767452,0.0318922395534904,44.282221034630155,0.06153846153846154
caliber,G1,800,10000,0.685,47.94,count_core,8,366.76,MEASURED,1,17.5824,3,64,1.0,4.0,cpu-numba,3959460.399957606,4.509859270643103,126.27605957800687,175333.7006087878,1740.4221538275192
caliber,G22,2000,10000,0.02,19.99,count_core,8,366.76,MEASURED,0,0.0,3,64,1.0,4.0,sMTJ-array,0.783,0.054707561084087704,0.0035696683607367224,0.1566,0.15
caliber,G22,2000,10000,0.02,19.99,count_core,8,366.76,MEASURED,0,0.0,3,64,1.0,4.0,sMTJ-array-e2e,14.675,1.0223019581246524,0.06690278824241559,2.935,2.8030000000000004
caliber,G22,2000,10000,0.02,19.99,count_core,8,366.76,MEASURED,0,0.0,3,64,1.0,4.0,cmos-pbit,5.0,0.36471707389391805,0.02279481711836988,1.0,1.0
caliber,G22,2000,10000,0.02,19.99,count_core,8,366.76,MEASURED,0,0.0,3,64,1.0,4.0,fpga-sbm,1000.0000000000001,0.0182358536946959,4.558963423673976,200.00000000000003,0.049999999999999996
caliber,G22,2000,10000,0.02,19.99,count_core,8,366.76,MEASURED,0,0.0,3,64,1.0,4.0,cpu-numba,3959460.399957606,644.6798264604378,18051.035140892258,791892.0799915213,1767.6162499810741
caliber,G22,2000,10000,0.02,19.99,count_core,8,366.76,MEASURED,1,7.3315,3,64,1.0,4.0,sMTJ-array,8.114512409999998,0.054707561084087704,0.03699376527813855,0.6580305918858497,0.15
caliber,G22,2000,10000,0.02,19.99,count_core,8,366.76,MEASURED,1,7.3315,3,64,1.0,4.0,sMTJ-array-e2e,22.00651241,1.0223019581246524,0.10032688515981741,1.784575296064597,2.8030000000000004
caliber,G22,2000,10000,0.02,19.99,count_core,8,366.76,MEASURED,1,7.3315,3,64,1.0,4.0,cmos-pbit,12.331512409999998,0.36471707389391805,0.0562189140357717,1.0,1.0
caliber,G22,2000,10000,0.02,19.99,count_core,8,366.76,MEASURED,1,7.3315,3,64,1.0,4.0,fpga-sbm,1000.0000000000001,0.0182358536946959,4.558963423673976,81.09305385680591,0.049999999999999996
caliber,G22,2000,10000,0.02,19.99,count_core,8,366.76,MEASURED,1,7.3315,3,64,1.0,4.0,cpu-numba,3959460.399957606,644.6798264604378,18051.035140892258,321084.7354576524,1767.6162499810741
caliber,factor_M15,5,20000,0.26,4.0,rand_core,8,681.48,MEASURED,0,0.0,3,64,1.0,4.0,sMTJ-array,0.783,0.00022941343220452486,1.1975381161076197e-06,0.1566,0.15
caliber,factor_M15,5,20000,0.26,4.0,rand_core,8,681.48,MEASURED,0,0.0,3,64,1.0,4.0,sMTJ-array-e2e,14.675,0.004286972336461889,2.244428078400935e-05,2.935,2.803000000000001
caliber,factor_M15,5,20000,0.26,4.0,rand_core,8,681.48,MEASURED,0,0.0,3,64,1.0,4.0,cmos-pbit,5.0,0.001529422881363499,7.647114406817495e-06,1.0,1.0
caliber,factor_M15,5,20000,0.26,4.0,rand_core,8,681.48,MEASURED,0,0.0,3,64,1.0,4.0,fpga-sbm,1000.0000000000001,0.00030588457627269983,0.001529422881363499,200.0,0.2
caliber,factor_M15,5,20000,0.26,4.0,rand_core,8,681.48,MEASURED,0,0.0,3,64,1.0,4.0,cpu-numba,3959460.399957606,0.2162746190552798,6.055689333547835,791892.0799915213,141.40929999848595
caliber,factor_M15,5,20000,0.26,4.0,rand_core,8,681.48,MEASURED,1,2.7259,3,64,1.0,4.0,sMTJ-array,3.5089289999999997,0.00022941343220452486,5.36663630167994e-06,0.4541756725954898,0.15
caliber,factor_M15,5,20000,0.26,4.0,rand_core,8,681.48,MEASURED,1,2.7259,3,64,1.0,4.0,sMTJ-array-e2e,17.400928999999998,0.004286972336461889,2.661337896958167e-05,2.2522765870615693,2.803000000000001
caliber,factor_M15,5,20000,0.26,4.0,rand_core,8,681.48,MEASURED,1,2.7259,3,64,1.0,4.0,cmos-pbit,7.725929,0.001529422881363499,1.1816212592389815e-05,1.0,1.0
caliber,factor_M15,5,20000,0.26,4.0,rand_core,8,681.48,MEASURED,1,2.7259,3,64,1.0,4.0,fpga-sbm,1000.0000000000001,0.00030588457627269983,0.001529422881363499,129.43427256450326,0.2
caliber,factor_M15,5,20000,0.26,4.0,rand_core,8,681.48,MEASURED,1,2.7259,3,64,1.0,4.0,cpu-numba,3959460.399957606,0.2162746190552798,6.055689333547835,512489.87661646993,141.40929999848595
caliber,factor_M21,5,20000,0.135,4.0,rand_core,9,758.42,ANALYTIC (measured linear fit in b),0,0.0,3,64,1.0,4.0,sMTJ-array,0.783,0.00047631225687171645,2.48634998087036e-06,0.15660000000000002,0.15
caliber,factor_M21,5,20000,0.135,4.0,rand_core,9,758.42,ANALYTIC (measured linear fit in b),0,0.0,3,64,1.0,4.0,sMTJ-array-e2e,14.675,0.008900688373409476,4.659921579728293e-05,2.9350000000000005,2.803
caliber,factor_M21,5,20000,0.135,4.0,rand_core,9,758.42,ANALYTIC (measured linear fit in b),0,0.0,3,64,1.0,4.0,cmos-pbit,5.0,0.003175415045811443,1.5877075229057214e-05,1.0,1.0
caliber,factor_M21,5,20000,0.135,4.0,rand_core,9,758.42,ANALYTIC (measured linear fit in b),0,0.0,3,64,1.0,4.0,fpga-sbm,1000.0000000000001,0.0006350830091622887,0.003175415045811443,200.00000000000003,0.2
caliber,factor_M21,5,20000,0.135,4.0,rand_core,9,758.42,ANALYTIC (measured linear fit in b),0,0.0,3,64,1.0,4.0,cpu-numba,3959460.399957606,0.44903321883285635,12.572930127319978,791892.0799915214,141.40929999848595
caliber,factor_M21,5,20000,0.135,4.0,rand_core,9,758.42,ANALYTIC (measured linear fit in b),1,3.0337,3,64,1.0,4.0,sMTJ-array,3.8166671249999964,0.00047631225687171645,1.2119502213578894e-05,0.4750840513571813,0.15
caliber,factor_M21,5,20000,0.135,4.0,rand_core,9,758.42,ANALYTIC (measured linear fit in b),1,3.0337,3,64,1.0,4.0,sMTJ-array-e2e,17.708667124999998,0.008900688373409476,5.623236802999147e-05,2.2043068065257945,2.803
caliber,factor_M21,5,20000,0.135,4.0,rand_core,9,758.42,ANALYTIC (measured linear fit in b),1,3.0337,3,64,1.0,4.0,cmos-pbit,8.033667124999997,0.003175415045811443,2.5510227461765746e-05,1.0,1.0
caliber,factor_M21,5,20000,0.135,4.0,rand_core,9,758.42,ANALYTIC (measured linear fit in b),1,3.0337,3,64,1.0,4.0,fpga-sbm,1000.0000000000001,0.0006350830091622887,0.003175415045811443,124.47615571326034,0.2
caliber,factor_M21,5,20000,0.135,4.0,rand_core,9,758.42,ANALYTIC (measured linear fit in b),1,3.0337,3,64,1.0,4.0,cpu-numba,3959460.399957606,0.44903321883285635,12.572930127319978,492858.4092856111,141.40929999848595
caliber,factor_M33,7,20000,0.065,6.0,rand_core,11,923.43,ANALYTIC (measured linear fit in b),0,0.0,3,64,1.0,4.0,sMTJ-array,0.783,0.0010278059494469886,7.5112058785585925e-06,0.15660000000000002,0.15
caliber,factor_M33,7,20000,0.065,6.0,rand_core,11,923.43,ANALYTIC (measured linear fit in b),0,0.0,3,64,1.0,4.0,sMTJ-array-e2e,14.675,0.01920626717533273,0.00014077515487592255,2.9350000000000005,2.8030000000000004
caliber,factor_M33,7,20000,0.065,6.0,rand_core,11,923.43,ANALYTIC (measured linear fit in b),0,0.0,3,64,1.0,4.0,cmos-pbit,5.0,0.006852039662979924,4.7964277640859464e-05,1.0,1.0
caliber,factor_M33,7,20000,0.065,6.0,rand_core,11,923.43,ANALYTIC (measured linear fit in b),0,0.0,3,64,1.0,4.0,fpga-sbm,1000.0000000000001,0.001370407932595985,0.009592855528171894,200.00000000000003,0.2
caliber,factor_M33,7,20000,0.065,6.0,rand_core,11,923.43,ANALYTIC (measured linear fit in b),0,0.0,3,64,1.0,4.0,cpu-numba,3959460.399957606,1.3565189852253936,37.98253158631102,791892.0799915213,197.9730199978803
caliber,factor_M33,7,20000,0.065,6.0,rand_core,11,923.43,ANALYTIC (measured linear fit in b),1,5.5406,3,64,1.0,4.0,sMTJ-array,6.323553562499997,0.0010278059494469886,6.0660935749719165e-05,0.5999261352835613,0.15
caliber,factor_M33,7,20000,0.065,6.0,rand_core,11,923.43,ANALYTIC (measured linear fit in b),1,5.5406,3,64,1.0,4.0,sMTJ-array-e2e,20.2155535625,0.01920626717533273,0.0001939248847470831,1.9178834814160646,2.8030000000000004
caliber,factor_M33,7,20000,0.065,6.0,rand_core,11,923.43,ANALYTIC (measured linear fit in b),1,5.5406,3,64,1.0,4.0,cmos-pbit,10.540553562499996,0.006852039662979924,0.00010111400751202004,1.0,1.0
caliber,factor_M33,7,20000,0.065,6.0,rand_core,11,923.43,ANALYTIC (measured linear fit in b),1,5.5406,3,64,1.0,4.0,fpga-sbm,1000.0000000000001,0.001370407932595985,0.009592855528171894,94.87167766574312,0.2
caliber,factor_M33,7,20000,0.065,6.0,rand_core,11,923.43,ANALYTIC (measured linear fit in b),1,5.5406,3,64,1.0,4.0,cpu-numba,3959460.399957606,1.3565189852253936,37.98253158631102,375640.65079505235,197.9730199978803
caliber,factor_M35,8,20000,0.19,7.0,rand_core,10,840.92,ANALYTIC (measured linear fit in b),0,0.0,3,64,1.0,4.0,sMTJ-array,0.783,0.00032781517990174256,2.737912382539354e-06,0.1566,0.15
caliber,factor_M35,8,20000,0.19,7.0,rand_core,10,840.92,ANALYTIC (measured linear fit in b),0,0.0,3,64,1.0,4.0,sMTJ-array-e2e,14.675,0.00612577299509723,5.1314002827286105e-05,2.935,2.8030000000000004
caliber,factor_M35,8,20000,0.19,7.0,rand_core,10,840.92,ANALYTIC (measured linear fit in b),0,0.0,3,64,1.0,4.0,cmos-pbit,5.0,0.002185434532678284,1.748347626142627e-05,1.0,1.0
caliber,factor_M35,8,20000,0.19,7.0,rand_core,10,840.92,ANALYTIC (measured linear fit in b),0,0.0,3,64,1.0,4.0,fpga-sbm,1000.0000000000001,0.0004370869065356568,0.0034966952522852545,200.00000000000003,0.2
caliber,factor_M35,8,20000,0.19,7.0,rand_core,10,840.92,ANALYTIC (measured linear fit in b),0,0.0,3,64,1.0,4.0,cpu-numba,3959460.399957606,0.494465227933687,13.845026382143235,791892.0799915212,226.25487999757752
caliber,factor_M35,8,20000,0.19,7.0,rand_core,10,840.92,ANALYTIC (measured linear fit in b),1,5.8864,3,64,1.0,4.0,sMTJ-array,6.669448312499996,0.00032781517990174256,2.3321028249680636e-05,0.612637668507738,0.15
caliber,factor_M35,8,20000,0.19,7.0,rand_core,10,840.92,ANALYTIC (measured linear fit in b),1,5.8864,3,64,1.0,4.0,sMTJ-array-e2e,20.561448312499994,0.00612577299509723,7.189711869442738e-05,1.8887196009456095,2.8030000000000004
caliber,factor_M35,8,20000,0.19,7.0,rand_core,10,840.92,ANALYTIC (measured linear fit in b),1,5.8864,3,64,1.0,4.0,cmos-pbit,10.886448312499995,0.002185434532678284,3.806659212856755e-05,1.0,1.0
caliber,factor_M35,8,20000,0.19,7.0,rand_core,10,840.92,ANALYTIC (measured linear fit in b),1,5.8864,3,64,1.0,4.0,fpga-sbm,1000.0000000000001,0.0004370869065356568,0.0034966952522852545,91.85732309515345,0.2
caliber,factor_M35,8,20000,0.19,7.0,rand_core,10,840.92,ANALYTIC (measured linear fit in b),1,5.8864,3,64,1.0,4.0,cpu-numba,3959460.399957606,0.494465227933687,13.845026382143235,363705.4332413713,226.25487999757752
caliber,factor_M51,9,20000,0.05,8.0,rand_core,12,994.79,MEASURED,0,0.0,3,64,1.0,4.0,sMTJ-array,0.783,0.001346717024410645,1.2653753161362421e-05,0.1566,0.14999999999999997
caliber,factor_M51,9,20000,0.05,8.0,rand_core,12,994.79,MEASURED,0,0.0,3,64,1.0,4.0,sMTJ-array-e2e,14.675,0.025165652129486925,0.00023715686799871463,2.9350000000000005,2.803
caliber,factor_M51,9,20000,0.05,8.0,rand_core,12,994.79,MEASURED,0,0.0,3,64,1.0,4.0,cmos-pbit,5.0,0.008978113496070968,8.08030214646387e-05,1.0,1.0
caliber,factor_M51,9,20000,0.05,8.0,rand_core,12,994.79,MEASURED,0,0.0,3,64,1.0,4.0,fpga-sbm,1000.0000000000001,0.0017956226992141937,0.016160604292927743,200.00000000000003,0.2
caliber,factor_M51,9,20000,0.05,8.0,rand_core,12,994.79,MEASURED,0,0.0,3,64,1.0,4.0,cpu-numba,3959460.399957606,2.285259740615439,63.98727273723228,791892.0799915212,254.5367399972747
caliber,factor_M51,9,20000,0.05,8.0,rand_core,12,994.79,MEASURED,1,7.9583,3,64,1.0,4.0,sMTJ-array,8.741322,0.001346717024410645,0.00014126504583906373,0.6745720626482349,0.14999999999999997
caliber,factor_M51,9,20000,0.05,8.0,rand_core,12,994.79,MEASURED,1,7.9583,3,64,1.0,4.0,sMTJ-array-e2e,22.633322000000003,0.025165652129486925,0.0003657681606764159,1.7466244472085195,2.803
caliber,factor_M51,9,20000,0.05,8.0,rand_core,12,994.79,MEASURED,1,7.9583,3,64,1.0,4.0,cmos-pbit,12.958322,0.008978113496070968,0.00020941431414234001,1.0,1.0
caliber,factor_M51,9,20000,0.05,8.0,rand_core,12,994.79,MEASURED,1,7.9583,3,64,1.0,4.0,fpga-sbm,1000.0000000000001,0.0017956226992141937,0.016160604292927743,77.17048549958861,0.2
caliber,factor_M51,9,20000,0.05,8.0,rand_core,12,994.79,MEASURED,1,7.9583,3,64,1.0,4.0,cpu-numba,3959460.399957606,2.285259740615439,63.98727273723228,305553.4813811237,254.5367399972747
caliber,factor_M65,11,20000,0.05,10.0,rand_core,13,1088.43,ANALYTIC (measured linear fit in b),0,0.0,3,64,1.0,4.0,sMTJ-array,0.783,0.001346717024410645,1.546569830833185e-05,0.15660000000000002,0.14999999999999997
caliber,factor_M65,11,20000,0.05,10.0,rand_core,13,1088.43,ANALYTIC (measured linear fit in b),0,0.0,3,64,1.0,4.0,sMTJ-array-e2e,14.675,0.025165652129486925,0.00028985839422065123,2.9350000000000005,2.803
caliber,factor_M65,11,20000,0.05,10.0,rand_core,13,1088.43,ANALYTIC (measured linear fit in b),0,0.0,3,64,1.0,4.0,cmos-pbit,5.0,0.008978113496070968,9.875924845678064e-05,1.0,1.0
caliber,factor_M65,11,20000,0.05,10.0,rand_core,13,1088.43,ANALYTIC (measured linear fit in b),0,0.0,3,64,1.0,4.0,fpga-sbm,1000.0000000000001,0.0017956226992141937,0.01975184969135613,200.00000000000003,0.2
caliber,factor_M65,11,20000,0.05,10.0,rand_core,13,1088.43,ANALYTIC (measured linear fit in b),0,0.0,3,64,1.0,4.0,cpu-numba,3959460.399957606,2.7930952385299808,78.20666667883945,791892.0799915212,311.10045999666903
caliber,factor_M65,11,20000,0.05,10.0,rand_core,13,1088.43,ANALYTIC (measured linear fit in b),1,10.8843,3,64,1.0,4.0,sMTJ-array,11.667344062499994,0.001346717024410645,0.0002304516262198363,0.734518467781395,0.14999999999999997
caliber,factor_M65,11,20000,0.05,10.0,rand_core,13,1088.43,ANALYTIC (measured linear fit in b),1,10.8843,3,64,1.0,4.0,sMTJ-array-e2e,25.559344062499996,0.025165652129486925,0.0005048443221321556,1.6090903069041982,2.803
caliber,factor_M65,11,20000,0.05,10.0,rand_core,13,1088.43,ANALYTIC (measured linear fit in b),1,10.8843,3,64,1.0,4.0,cmos-pbit,15.884344062499995,0.008978113496070968,0.0003137451763682851,1.0,1.0
caliber,factor_M65,11,20000,0.05,10.0,rand_core,13,1088.43,ANALYTIC (measured linear fit in b),1,10.8843,3,64,1.0,4.0,fpga-sbm,1000.0000000000001,0.0017956226992141937,0.01975184969135613,62.95507048105408,0.2
caliber,factor_M65,11,20000,0.05,10.0,rand_core,13,1088.43,ANALYTIC (measured linear fit in b),1,10.8843,3,64,1.0,4.0,cpu-numba,3959460.399957606,2.7930952385299808,78.20666667883945,249268.10854627364,311.10045999666903
caliber,factor_M77,11,20000,0.095,10.0,rand_core,13,1088.43,ANALYTIC (measured linear fit in b),0,0.0,3,64,1.0,4.0,sMTJ-array,0.783,0.0006920188415970162,7.947144376900133e-06,0.1566,0.15
caliber,factor_M77,11,20000,0.095,10.0,rand_core,13,1088.43,ANALYTIC (measured linear fit in b),0,0.0,3,64,1.0,4.0,sMTJ-array-e2e,14.675,0.012931525419976244,0.0001489455220063978,2.9350000000000005,2.803
caliber,factor_M77,11,20000,0.095,10.0,rand_core,13,1088.43,ANALYTIC (measured linear fit in b),0,0.0,3,64,1.0,4.0,cmos-pbit,5.0,0.0046134589439801085,5.074804838378118e-05,1.0,1.0
caliber,factor_M77,11,20000,0.095,10.0,rand_core,13,1088.43,ANALYTIC (measured linear fit in b),0,0.0,3,64,1.0,4.0,fpga-sbm,1000.0000000000001,0.0009226917887960217,0.010149609676756238,200.00000000000003,0.19999999999999998
caliber,factor_M77,11,20000,0.095,10.0,rand_core,13,1088.43,ANALYTIC (measured linear fit in b),0,0.0,3,64,1.0,4.0,cpu-numba,3959460.399957606,1.4352491996479588,40.186977590142845,791892.0799915214,311.1004599966691
caliber,factor_M77,11,20000,0.095,10.0,rand_core,13,1088.43,ANALYTIC (measured linear fit in b),1,10.8843,3,64,1.0,4.0,sMTJ-array,11.667344062499994,0.0006920188415970162,0.00011841898819879439,0.7345184677813951,0.15
caliber,factor_M77,11,20000,0.095,10.0,rand_core,13,1088.43,ANALYTIC (measured linear fit in b),1,10.8843,3,64,1.0,4.0,sMTJ-array-e2e,25.559344062499996,0.012931525419976244,0.00025941736582829204,1.6090903069041982,2.803
caliber,factor_M77,11,20000,0.095,10.0,rand_core,13,1088.43,ANALYTIC (measured linear fit in b),1,10.8843,3,64,1.0,4.0,cmos-pbit,15.884344062499995,0.0046134589439801085,0.00016121989220567543,1.0,1.0
caliber,factor_M77,11,20000,0.095,10.0,rand_core,13,1088.43,ANALYTIC (measured linear fit in b),1,10.8843,3,64,1.0,4.0,fpga-sbm,1000.0000000000001,0.0009226917887960217,0.010149609676756238,62.95507048105408,0.19999999999999998
caliber,factor_M77,11,20000,0.095,10.0,rand_core,13,1088.43,ANALYTIC (measured linear fit in b),1,10.8843,3,64,1.0,4.0,cpu-numba,3959460.399957606,1.4352491996479588,40.186977590142845,249268.10854627367,311.1004599966691
caliber,factor_M91,11,20000,0.06,10.0,rand_core,14,1170.94,ANALYTIC (measured linear fit in b),0,0.0,3,64,1.0,4.0,sMTJ-array,0.783,0.0011163976093723409,1.2820710146031961e-05,0.1566,0.15000000000000002
caliber,factor_M91,11,20000,0.06,10.0,rand_core,14,1170.94,ANALYTIC (measured linear fit in b),0,0.0,3,64,1.0,4.0,sMTJ-array-e2e,14.675,0.02086174999380448,0.00024028597879057351,2.9350000000000005,2.8030000000000004
caliber,factor_M91,11,20000,0.06,10.0,rand_core,14,1170.94,ANALYTIC (measured linear fit in b),0,0.0,3,64,1.0,4.0,cmos-pbit,5.0,0.007442650729148939,8.186915802063832e-05,1.0,1.0
caliber,factor_M91,11,20000,0.06,10.0,rand_core,14,1170.94,ANALYTIC (measured linear fit in b),0,0.0,3,64,1.0,4.0,fpga-sbm,1000.0000000000001,0.0014885301458297878,0.016373831604127666,200.00000000000003,0.2
caliber,factor_M91,11,20000,0.06,10.0,rand_core,14,1170.94,ANALYTIC (measured linear fit in b),0,0.0,3,64,1.0,4.0,cpu-numba,3959460.399957606,2.3154120654327794,64.83153783211782,791892.0799915213,311.1004599966691
caliber,factor_M91,11,20000,0.06,10.0,rand_core,14,1170.94,ANALYTIC (measured linear fit in b),1,11.7094,3,64,1.0,4.0,sMTJ-array,12.492388124999994,0.0011163976093723409,0.00020454825949215406,0.7476269048002617,0.15000000000000002
caliber,factor_M91,11,20000,0.06,10.0,rand_core,14,1170.94,ANALYTIC (measured linear fit in b),1,11.7094,3,64,1.0,4.0,sMTJ-array-e2e,26.384388124999997,0.02086174999380448,0.0004320135281366956,1.579015815996554,2.8030000000000004
caliber,factor_M91,11,20000,0.06,10.0,rand_core,14,1170.94,ANALYTIC (measured linear fit in b),1,11.7094,3,64,1.0,4.0,cmos-pbit,16.709388124999993,0.007442650729148939,0.0002735967073667604,1.0,1.0
caliber,factor_M91,11,20000,0.06,10.0,rand_core,14,1170.94,ANALYTIC (measured linear fit in b),1,11.7094,3,64,1.0,4.0,fpga-sbm,1000.0000000000001,0.0014885301458297878,0.016373831604127666,59.84659596863607,0.2
caliber,factor_M91,11,20000,0.06,10.0,rand_core,14,1170.94,ANALYTIC (measured linear fit in b),1,11.7094,3,64,1.0,4.0,cpu-numba,3959460.399957606,2.3154120654327794,64.83153783211782,236960.22681007703,311.1004599966691
caliber,factor_M143,15,20000,0.075,14.0,rand_core,15,1253.44,ANALYTIC (measured linear fit in b),0,0.0,3,64,1.0,4.0,sMTJ-array,0.783,0.0008860465235497955,1.3875488558789797e-05,0.1566,0.15
caliber,factor_M143,15,20000,0.075,14.0,rand_core,15,1253.44,ANALYTIC (measured linear fit in b),0,0.0,3,64,1.0,4.0,sMTJ-array-e2e,14.675,0.016557256036733844,0.000260054654661865,2.935,2.803
caliber,factor_M143,15,20000,0.075,14.0,rand_core,15,1253.44,ANALYTIC (measured linear fit in b),0,0.0,3,64,1.0,4.0,cmos-pbit,5.0,0.005906976823665303,8.860465235497955e-05,1.0,1.0
caliber,factor_M143,15,20000,0.075,14.0,rand_core,15,1253.44,ANALYTIC (measured linear fit in b),0,0.0,3,64,1.0,4.0,fpga-sbm,1000.0000000000001,0.0011813953647330606,0.01772093047099591,200.00000000000003,0.2
caliber,factor_M143,15,20000,0.075,14.0,rand_core,15,1253.44,ANALYTIC (measured linear fit in b),0,0.0,3,64,1.0,4.0,cpu-numba,3959460.399957606,2.5059043732253716,70.1653224503104,791892.0799915213,424.2278999954579
caliber,factor_M143,15,20000,0.075,14.0,rand_core,15,1253.44,ANALYTIC (measured linear fit in b),1,17.5482,3,64,1.0,4.0,sMTJ-array,18.331205062499997,0.0008860465235497955,0.0003248460103621307,0.8129784615533188,0.15
caliber,factor_M143,15,20000,0.075,14.0,rand_core,15,1253.44,ANALYTIC (measured linear fit in b),1,17.5482,3,64,1.0,4.0,sMTJ-array-e2e,32.2232050625,0.016557256036733844,0.0005710251764652058,1.429080717209306,2.803
caliber,factor_M143,15,20000,0.075,14.0,rand_core,15,1253.44,ANALYTIC (measured linear fit in b),1,17.5482,3,64,1.0,4.0,cmos-pbit,22.548205062499996,0.005906976823665303,0.00039957517415832036,1.0,1.0
caliber,factor_M143,15,20000,0.075,14.0,rand_core,15,1253.44,ANALYTIC (measured linear fit in b),1,17.5482,3,64,1.0,4.0,fpga-sbm,1000.0000000000001,0.0011813953647330606,0.01772093047099591,44.349428135328786,0.2
caliber,factor_M143,15,20000,0.075,14.0,rand_core,15,1253.44,ANALYTIC (measured linear fit in b),1,17.5482,3,64,1.0,4.0,cpu-numba,3959460.399957606,2.5059043732253716,70.1653224503104,175599.8044626,424.2278999954579
caliber,burma14,196,50000,0.01,52.0,rand_core,14,1170.94,ANALYTIC (measured linear fit in b),0,0.0,3,64,1.0,4.0,sMTJ-array,0.783,0.06873158648300826,0.0035160330381247703,0.1566,0.15
caliber,burma14,196,50000,0.01,52.0,rand_core,14,1170.94,ANALYTIC (measured linear fit in b),0,0.0,3,64,1.0,4.0,sMTJ-array-e2e,14.675,1.2843642460791478,0.06589755406702555,2.935,2.8030000000000004
caliber,burma14,196,50000,0.01,52.0,rand_core,14,1170.94,ANALYTIC (measured linear fit in b),0,0.0,3,64,1.0,4.0,cmos-pbit,5.0,0.45821057655338837,0.02245231825111603,1.0,1.0
caliber,burma14,196,50000,0.01,52.0,rand_core,14,1170.94,ANALYTIC (measured linear fit in b),0,0.0,3,64,1.0,4.0,fpga-sbm,1000.0000000000001,0.022910528827669422,4.490463650223206,200.0,0.05000000000000001
caliber,burma14,196,50000,0.01,52.0,rand_core,14,1170.94,ANALYTIC (measured linear fit in b),0,0.0,3,64,1.0,4.0,cpu-numba,3959460.399957606,634.9933214467097,17779.813000507867,791892.0799915212,1385.8111399851625
caliber,burma14,196,50000,0.01,52.0,rand_core,14,1170.94,ANALYTIC (measured linear fit in b),1,60.8888,3,64,1.0,4.0,sMTJ-array,61.67181824999998,0.06873158648300826,0.27693505809479707,0.9359982450436498,0.15
caliber,burma14,196,50000,0.01,52.0,rand_core,14,1170.94,ANALYTIC (measured linear fit in b),1,60.8888,3,64,1.0,4.0,sMTJ-array-e2e,75.56381824999998,1.2843642460791478,0.3393165791236979,1.146838268722478,2.8030000000000004
caliber,burma14,196,50000,0.01,52.0,rand_core,14,1170.94,ANALYTIC (measured linear fit in b),1,60.8888,3,64,1.0,4.0,cmos-pbit,65.88881824999999,0.45821057655338837,0.2958713433077883,1.0,1.0
caliber,burma14,196,50000,0.01,52.0,rand_core,14,1170.94,ANALYTIC (measured linear fit in b),1,60.8888,3,64,1.0,4.0,fpga-sbm,1000.0000000000001,0.022910528827669422,4.490463650223206,15.177082038499004,0.05000000000000001
caliber,burma14,196,50000,0.01,52.0,rand_core,14,1170.94,ANALYTIC (measured linear fit in b),1,60.8888,3,64,1.0,4.0,cpu-numba,3959460.399957606,634.9933214467097,17779.813000507867,60093.05531834466,1385.8111399851625
caliber,ulysses16,256,50000,0.01,60.0,rand_core,14,1170.94,ANALYTIC (measured linear fit in b),0,0.0,3,64,1.0,4.0,sMTJ-array,0.783,0.06873158648300826,0.00459236968244868,0.1566,0.15
caliber,ulysses16,256,50000,0.01,60.0,rand_core,14,1170.94,ANALYTIC (measured linear fit in b),0,0.0,3,64,1.0,4.0,sMTJ-array-e2e,14.675,1.2843642460791478,0.08607027469978848,2.935,2.8030000000000004
caliber,ulysses16,256,50000,0.01,60.0,rand_core,14,1170.94,ANALYTIC (measured linear fit in b),0,0.0,3,64,1.0,4.0,cmos-pbit,5.0,0.45821057655338837,0.029325476899416857,1.0,1.0
caliber,ulysses16,256,50000,0.01,60.0,rand_core,14,1170.94,ANALYTIC (measured linear fit in b),0,0.0,3,64,1.0,4.0,fpga-sbm,1000.0000000000001,0.022910528827669422,5.865095379883372,200.00000000000003,0.05000000000000001
caliber,ulysses16,256,50000,0.01,60.0,rand_core,14,1170.94,ANALYTIC (measured linear fit in b),0,0.0,3,64,1.0,4.0,cpu-numba,3959460.399957606,829.3790320936616,23222.612898622523,791892.0799915213,1810.0390399806204
caliber,ulysses16,256,50000,0.01,60.0,rand_core,14,1170.94,ANALYTIC (measured linear fit in b),1,70.2563,3,64,1.0,4.0,sMTJ-array,71.03932874999998,0.06873158648300826,0.4166524388416408,0.9439648456143963,0.15
caliber,ulysses16,256,50000,0.01,60.0,rand_core,14,1170.94,ANALYTIC (measured linear fit in b),1,70.2563,3,64,1.0,4.0,sMTJ-array-e2e,84.93132874999998,1.2843642460791478,0.49813034385898064,1.1285606162392026,2.8030000000000004
caliber,ulysses16,256,50000,0.01,60.0,rand_core,14,1170.94,ANALYTIC (measured linear fit in b),1,70.2563,3,64,1.0,4.0,cmos-pbit,75.25632874999998,0.45821057655338837,0.44138554605860897,1.0,1.0
caliber,ulysses16,256,50000,0.01,60.0,rand_core,14,1170.94,ANALYTIC (measured linear fit in b),1,70.2563,3,64,1.0,4.0,fpga-sbm,1000.0000000000001,0.022910528827669422,5.865095379883372,13.287918991132031,0.05000000000000001
caliber,ulysses16,256,50000,0.01,60.0,rand_core,14,1170.94,ANALYTIC (measured linear fit in b),1,70.2563,3,64,1.0,4.0,cpu-numba,3959460.399957606,829.3790320936616,23222.612898622523,52612.9890432319,1810.0390399806204
grid,G1,800,10000,0.685,47.94,count_core,8,366.76,MEASURED,0,0.0,1,16,1.0,4.0,sMTJ-array,0.783,0.0014949487290698623,2.4971623570382984e-05,0.15660000000000002,0.15
grid,G1,800,10000,0.685,47.94,count_core,8,366.76,MEASURED,0,0.0,1,16,1.0,4.0,sMTJ-array-e2e,7.3,0.023949078639699202,0.0002328133487404799,1.46,2.4030000000000005
grid,G1,800,10000,0.685,47.94,count_core,8,366.76,MEASURED,0,0.0,1,16,1.0,4.0,cmos-pbit,5.0,0.00996632486046575,0.00015946119776745197,1.0,1.0
grid,G1,800,10000,0.685,47.94,count_core,8,366.76,MEASURED,0,0.0,1,16,1.0,4.0,fpga-sbm,1000.0000000000001,0.000159461197767452,0.0318922395534904,200.00000000000006,0.016
grid,G1,800,10000,0.685,47.94,count_core,8,366.76,MEASURED,0,0.0,1,16,1.0,4.0,cpu-numba,3959460.399957606,4.509859270643103,126.27605957800687,791892.0799915212,452.50975999515504
grid,G1,800,10000,0.685,47.94,count_core,8,366.76,MEASURED,1,17.5824,1,16,1.0,4.0,sMTJ-array,18.365426459999995,0.0014949487290698623,0.000585714580164331,0.8132618738969648,0.15
grid,G1,800,10000,0.685,47.94,count_core,8,366.76,MEASURED,1,17.5824,1,16,1.0,4.0,sMTJ-array-e2e,24.882426459999994,0.023949078639699202,0.0007935563053344279,1.1018491083796496,2.4030000000000005
grid,G1,800,10000,0.685,47.94,count_core,8,366.76,MEASURED,1,17.5824,1,16,1.0,4.0,cmos-pbit,22.582426459999994,0.00996632486046575,0.0007202041543613999,1.0,1.0
grid,G1,800,10000,0.685,47.94,count_core,8,366.76,MEASURED,1,17.5824,1,16,1.0,4.0,fpga-sbm,1000.0000000000001,0.000159461197767452,0.0318922395534904,44.282221034630155,0.016
grid,G1,800,10000,0.685,47.94,count_core,8,366.76,MEASURED,1,17.5824,1,16,1.0,4.0,cpu-numba,3959460.399957606,4.509859270643103,126.27605957800687,175333.7006087878,452.50975999515504
grid,G1,800,10000,0.685,47.94,count_core,8,366.76,MEASURED,0,0.0,1,16,1.0,10.0,sMTJ-array,0.783,0.0014949487290698623,2.4971623570382984e-05,0.15660000000000002,0.15
grid,G1,800,10000,0.685,47.94,count_core,8,366.76,MEASURED,0,0.0,1,16,1.0,10.0,sMTJ-array-e2e,7.348932233394181,0.023949078639699202,0.00023437390724977443,1.4697864466788364,2.4030000000000005
grid,G1,800,10000,0.685,47.94,count_core,8,366.76,MEASURED,0,0.0,1,16,1.0,10.0,cmos-pbit,5.0,0.00996632486046575,0.00015946119776745197,1.0,1.0
grid,G1,800,10000,0.685,47.94,count_core,8,366.76,MEASURED,0,0.0,1,16,1.0,10.0,fpga-sbm,1000.0000000000001,0.000159461197767452,0.0318922395534904,200.00000000000006,0.016
grid,G1,800,10000,0.685,47.94,count_core,8,366.76,MEASURED,0,0.0,1,16,1.0,10.0,cpu-numba,3959460.399957606,4.509859270643103,126.27605957800687,791892.0799915212,452.50975999515504
grid,G1,800,10000,0.685,47.94,count_core,8,366.76,MEASURED,1,17.5824,1,16,1.0,10.0,sMTJ-array,18.365426459999995,0.0014949487290698623,0.000585714580164331,0.8132618738969648,0.15
grid,G1,800,10000,0.685,47.94,count_core,8,366.76,MEASURED,1,17.5824,1,16,1.0,10.0,sMTJ-array-e2e,24.931358693394177,0.023949078639699202,0.0007951168638437225,1.1040159363545288,2.4030000000000005
grid,G1,800,10000,0.685,47.94,count_core,8,366.76,MEASURED,1,17.5824,1,16,1.0,10.0,cmos-pbit,22.582426459999994,0.00996632486046575,0.0007202041543613999,1.0,1.0
grid,G1,800,10000,0.685,47.94,count_core,8,366.76,MEASURED,1,17.5824,1,16,1.0,10.0,fpga-sbm,1000.0000000000001,0.000159461197767452,0.0318922395534904,44.282221034630155,0.016
grid,G1,800,10000,0.685,47.94,count_core,8,366.76,MEASURED,1,17.5824,1,16,1.0,10.0,cpu-numba,3959460.399957606,4.509859270643103,126.27605957800687,175333.7006087878,452.50975999515504
grid,G1,800,10000,0.685,47.94,count_core,8,366.76,MEASURED,0,0.0,1,16,4.0,4.0,sMTJ-array,0.783,0.0014949487290698623,2.4971623570382984e-05,0.15660000000000002,0.15
grid,G1,800,10000,0.685,47.94,count_core,8,366.76,MEASURED,0,0.0,1,16,4.0,4.0,sMTJ-array-e2e,3.6354999999999995,0.07785692980995844,0.00011594423689671432,0.7271,7.812
grid,G1,800,10000,0.685,47.94,count_core,8,366.76,MEASURED,0,0.0,1,16,4.0,4.0,cmos-pbit,5.0,0.00996632486046575,0.00015946119776745197,1.0,1.0
grid,G1,800,10000,0.685,47.94,count_core,8,366.76,MEASURED,0,0.0,1,16,4.0,4.0,fpga-sbm,1000.0000000000001,0.000159461197767452,0.0318922395534904,200.00000000000006,0.016
grid,G1,800,10000,0.685,47.94,count_core,8,366.76,MEASURED,0,0.0,1,16,4.0,4.0,cpu-numba,3959460.399957606,4.509859270643103,126.27605957800687,791892.0799915212,452.50975999515504
grid,G1,800,10000,0.685,47.94,count_core,8,366.76,MEASURED,1,17.5824,1,16,4.0,4.0,sMTJ-array,18.365426459999995,0.0014949487290698623,0.000585714580164331,0.8132618738969648,0.15
grid,G1,800,10000,0.685,47.94,count_core,8,366.76,MEASURED,1,17.5824,1,16,4.0,4.0,sMTJ-array-e2e,21.217926459999994,0.07785692980995844,0.0006766871934906623,0.9395769093982473,7.812
grid,G1,800,10000,0.685,47.94,count_core,8,366.76,MEASURED,1,17.5824,1,16,4.0,4.0,cmos-pbit,22.582426459999994,0.00996632486046575,0.0007202041543613999,1.0,1.0
grid,G1,800,10000,0.685,47.94,count_core,8,366.76,MEASURED,1,17.5824,1,16,4.0,4.0,fpga-sbm,1000.0000000000001,0.000159461197767452,0.0318922395534904,44.282221034630155,0.016
grid,G1,800,10000,0.685,47.94,count_core,8,366.76,MEASURED,1,17.5824,1,16,4.0,4.0,cpu-numba,3959460.399957606,4.509859270643103,126.27605957800687,175333.7006087878,452.50975999515504
grid,G1,800,10000,0.685,47.94,count_core,8,366.76,MEASURED,0,0.0,1,16,4.0,10.0,sMTJ-array,0.783,0.0014949487290698623,2.4971623570382984e-05,0.15660000000000002,0.15
grid,G1,800,10000,0.685,47.94,count_core,8,366.76,MEASURED,0,0.0,1,16,4.0,10.0,sMTJ-array-e2e,3.6477330583485448,0.07785692980995844,0.00011633437652403796,0.729546611669709,7.812
grid,G1,800,10000,0.685,47.94,count_core,8,366.76,MEASURED,0,0.0,1,16,4.0,10.0,cmos-pbit,5.0,0.00996632486046575,0.00015946119776745197,1.0,1.0
grid,G1,800,10000,0.685,47.94,count_core,8,366.76,MEASURED,0,0.0,1,16,4.0,10.0,fpga-sbm,1000.0000000000001,0.000159461197767452,0.0318922395534904,200.00000000000006,0.016
grid,G1,800,10000,0.685,47.94,count_core,8,366.76,MEASURED,0,0.0,1,16,4.0,10.0,cpu-numba,3959460.399957606,4.509859270643103,126.27605957800687,791892.0799915212,452.50975999515504
grid,G1,800,10000,0.685,47.94,count_core,8,366.76,MEASURED,1,17.5824,1,16,4.0,10.0,sMTJ-array,18.365426459999995,0.0014949487290698623,0.000585714580164331,0.8132618738969648,0.15
grid,G1,800,10000,0.685,47.94,count_core,8,366.76,MEASURED,1,17.5824,1,16,4.0,10.0,sMTJ-array-e2e,21.23015951834854,0.07785692980995844,0.000677077333117986,0.9401186163919671,7.812
grid,G1,800,10000,0.685,47.94,count_core,8,366.76,MEASURED,1,17.5824,1,16,4.0,10.0,cmos-pbit,22.582426459999994,0.00996632486046575,0.0007202041543613999,1.0,1.0
grid,G1,800,10000,0.685,47.94,count_core,8,366.76,MEASURED,1,17.5824,1,16,4.0,10.0,fpga-sbm,1000.0000000000001,0.000159461197767452,0.0318922395534904,44.282221034630155,0.016
grid,G1,800,10000,0.685,47.94,count_core,8,366.76,MEASURED,1,17.5824,1,16,4.0,10.0,cpu-numba,3959460.399957606,4.509859270643103,126.27605957800687,175333.7006087878,452.50975999515504
grid,G1,800,10000,0.685,47.94,count_core,8,366.76,MEASURED,0,0.0,1,16,16.0,4.0,sMTJ-array,0.783,0.0014949487290698623,2.4971623570382984e-05,0.15660000000000002,0.15
grid,G1,800,10000,0.685,47.94,count_core,8,366.76,MEASURED,0,0.0,1,16,16.0,4.0,sMTJ-array-e2e,2.719374999999999,0.29348833449099543,8.672695893577292e-05,0.5438749999999999,29.448000000000004
grid,G1,800,10000,0.685,47.94,count_core,8,366.76,MEASURED,0,0.0,1,16,16.0,4.0,cmos-pbit,5.0,0.00996632486046575,0.00015946119776745197,1.0,1.0
grid,G1,800,10000,0.685,47.94,count_core,8,366.76,MEASURED,0,0.0,1,16,16.0,4.0,fpga-sbm,1000.0000000000001,0.000159461197767452,0.0318922395534904,200.00000000000006,0.016
grid,G1,800,10000,0.685,47.94,count_core,8,366.76,MEASURED,0,0.0,1,16,16.0,4.0,cpu-numba,3959460.399957606,4.509859270643103,126.27605957800687,791892.0799915212,452.50975999515504
grid,G1,800,10000,0.685,47.94,count_core,8,366.76,MEASURED,1,17.5824,1,16,16.0,4.0,sMTJ-array,18.365426459999995,0.0014949487290698623,0.000585714580164331,0.8132618738969648,0.15
grid,G1,800,10000,0.685,47.94,count_core,8,366.76,MEASURED,1,17.5824,1,16,16.0,4.0,sMTJ-array-e2e,20.301801459999993,0.29348833449099543,0.000647469915529721,0.8990088596528968,29.448000000000004
grid,G1,800,10000,0.685,47.94,count_core,8,366.76,MEASURED,1,17.5824,1,16,16.0,4.0,cmos-pbit,22.582426459999994,0.00996632486046575,0.0007202041543613999,1.0,1.0
grid,G1,800,10000,0.685,47.94,count_core,8,366.76,MEASURED,1,17.5824,1,16,16.0,4.0,fpga-sbm,1000.0000000000001,0.000159461197767452,0.0318922395534904,44.282221034630155,0.016
grid,G1,800,10000,0.685,47.94,count_core,8,366.76,MEASURED,1,17.5824,1,16,16.0,4.0,cpu-numba,3959460.399957606,4.509859270643103,126.27605957800687,175333.7006087878,452.50975999515504
grid,G1,800,10000,0.685,47.94,count_core,8,366.76,MEASURED,0,0.0,1,16,16.0,10.0,sMTJ-array,0.783,0.0014949487290698623,2.4971623570382984e-05,0.15660000000000002,0.15
grid,G1,800,10000,0.685,47.94,count_core,8,366.76,MEASURED,0,0.0,1,16,16.0,10.0,sMTJ-array-e2e,2.722433264587136,0.29348833449099543,8.682449384260384e-05,0.5444866529174271,29.448000000000004
grid,G1,800,10000,0.685,47.94,count_core,8,366.76,MEASURED,0,0.0,1,16,16.0,10.0,cmos-pbit,5.0,0.00996632486046575,0.00015946119776745197,1.0,1.0
grid,G1,800,10000,0.685,47.94,count_core,8,366.76,MEASURED,0,0.0,1,16,16.0,10.0,fpga-sbm,1000.0000000000001,0.000159461197767452,0.0318922395534904,200.00000000000006,0.016
grid,G1,800,10000,0.685,47.94,count_core,8,366.76,MEASURED,0,0.0,1,16,16.0,10.0,cpu-numba,3959460.399957606,4.509859270643103,126.27605957800687,791892.0799915212,452.50975999515504
grid,G1,800,10000,0.685,47.94,count_core,8,366.76,MEASURED,1,17.5824,1,16,16.0,10.0,sMTJ-array,18.365426459999995,0.0014949487290698623,0.000585714580164331,0.8132618738969648,0.15
grid,G1,800,10000,0.685,47.94,count_core,8,366.76,MEASURED,1,17.5824,1,16,16.0,10.0,sMTJ-array-e2e,20.304859724587132,0.29348833449099543,0.0006475674504365518,0.8991442864013267,29.448000000000004
grid,G1,800,10000,0.685,47.94,count_core,8,366.76,MEASURED,1,17.5824,1,16,16.0,10.0,cmos-pbit,22.582426459999994,0.00996632486046575,0.0007202041543613999,1.0,1.0
grid,G1,800,10000,0.685,47.94,count_core,8,366.76,MEASURED,1,17.5824,1,16,16.0,10.0,fpga-sbm,1000.0000000000001,0.000159461197767452,0.0318922395534904,44.282221034630155,0.016
grid,G1,800,10000,0.685,47.94,count_core,8,366.76,MEASURED,1,17.5824,1,16,16.0,10.0,cpu-numba,3959460.399957606,4.509859270643103,126.27605957800687,175333.7006087878,452.50975999515504
grid,G1,800,10000,0.685,47.94,count_core,8,366.76,MEASURED,0,0.0,1,64,1.0,4.0,sMTJ-array,0.783,0.0003886866695581642,2.4971623570382984e-05,0.15660000000000002,0.15
grid,G1,800,10000,0.685,47.94,count_core,8,366.76,MEASURED,0,0.0,1,64,1.0,4.0,sMTJ-array-e2e,7.3,0.006226760446321792,0.0002328133487404799,1.46,2.4030000000000005
grid,G1,800,10000,0.685,47.94,count_core,8,366.76,MEASURED,0,0.0,1,64,1.0,4.0,cmos-pbit,5.0,0.002591244463721095,0.00015946119776745197,1.0,1.0
grid,G1,800,10000,0.685,47.94,count_core,8,366.76,MEASURED,0,0.0,1,64,1.0,4.0,fpga-sbm,1000.0000000000001,0.000159461197767452,0.0318922395534904,200.00000000000006,0.06153846153846154
grid,G1,800,10000,0.685,47.94,count_core,8,366.76,MEASURED,0,0.0,1,64,1.0,4.0,cpu-numba,3959460.399957606,4.509859270643103,126.27605957800687,791892.0799915212,1740.4221538275192
grid,G1,800,10000,0.685,47.94,count_core,8,366.76,MEASURED,1,17.5824,1,64,1.0,4.0,sMTJ-array,18.365426459999995,0.0003886866695581642,0.000585714580164331,0.8132618738969648,0.15
grid,G1,800,10000,0.685,47.94,count_core,8,366.76,MEASURED,1,17.5824,1,64,1.0,4.0,sMTJ-array-e2e,24.882426459999994,0.006226760446321792,0.0007935563053344279,1.1018491083796496,2.4030000000000005
grid,G1,800,10000,0.685,47.94,count_core,8,366.76,MEASURED,1,17.5824,1,64,1.0,4.0,cmos-pbit,22.582426459999994,0.002591244463721095,0.0007202041543613999,1.0,1.0
grid,G1,800,10000,0.685,47.94,count_core,8,366.76,MEASURED,1,17.5824,1,64,1.0,4.0,fpga-sbm,1000.0000000000001,0.000159461197767452,0.0318922395534904,44.282221034630155,0.06153846153846154
grid,G1,800,10000,0.685,47.94,count_core,8,366.76,MEASURED,1,17.5824,1,64,1.0,4.0,cpu-numba,3959460.399957606,4.509859270643103,126.27605957800687,175333.7006087878,1740.4221538275192
grid,G1,800,10000,0.685,47.94,count_core,8,366.76,MEASURED,0,0.0,1,64,1.0,10.0,sMTJ-array,0.783,0.0003886866695581642,2.4971623570382984e-05,0.15660000000000002,0.15
grid,G1,800,10000,0.685,47.94,count_core,8,366.76,MEASURED,0,0.0,1,64,1.0,10.0,sMTJ-array-e2e,7.348932233394181,0.006226760446321792,0.00023437390724977443,1.4697864466788364,2.4030000000000005
grid,G1,800,10000,0.685,47.94,count_core,8,366.76,MEASURED,0,0.0,1,64,1.0,10.0,cmos-pbit,5.0,0.002591244463721095,0.00015946119776745197,1.0,1.0
grid,G1,800,10000,0.685,47.94,count_core,8,366.76,MEASURED,0,0.0,1,64,1.0,10.0,fpga-sbm,1000.0000000000001,0.000159461197767452,0.0318922395534904,200.00000000000006,0.06153846153846154
grid,G1,800,10000,0.685,47.94,count_core,8,366.76,MEASURED,0,0.0,1,64,1.0,10.0,cpu-numba,3959460.399957606,4.509859270643103,126.27605957800687,791892.0799915212,1740.4221538275192
grid,G1,800,10000,0.685,47.94,count_core,8,366.76,MEASURED,1,17.5824,1,64,1.0,10.0,sMTJ-array,18.365426459999995,0.0003886866695581642,0.000585714580164331,0.8132618738969648,0.15
grid,G1,800,10000,0.685,47.94,count_core,8,366.76,MEASURED,1,17.5824,1,64,1.0,10.0,sMTJ-array-e2e,24.931358693394177,0.006226760446321792,0.0007951168638437225,1.1040159363545288,2.4030000000000005
grid,G1,800,10000,0.685,47.94,count_core,8,366.76,MEASURED,1,17.5824,1,64,1.0,10.0,cmos-pbit,22.582426459999994,0.002591244463721095,0.0007202041543613999,1.0,1.0
grid,G1,800,10000,0.685,47.94,count_core,8,366.76,MEASURED,1,17.5824,1,64,1.0,10.0,fpga-sbm,1000.0000000000001,0.000159461197767452,0.0318922395534904,44.282221034630155,0.06153846153846154
grid,G1,800,10000,0.685,47.94,count_core,8,366.76,MEASURED,1,17.5824,1,64,1.0,10.0,cpu-numba,3959460.399957606,4.509859270643103,126.27605957800687,175333.7006087878,1740.4221538275192
grid,G1,800,10000,0.685,47.94,count_core,8,366.76,MEASURED,0,0.0,1,64,4.0,4.0,sMTJ-array,0.783,0.0003886866695581642,2.4971623570382984e-05,0.15660000000000002,0.15
grid,G1,800,10000,0.685,47.94,count_core,8,366.76,MEASURED,0,0.0,1,64,4.0,4.0,sMTJ-array-e2e,3.6354999999999995,0.020242801750589196,0.00011594423689671432,0.7271,7.812000000000001
grid,G1,800,10000,0.685,47.94,count_core,8,366.76,MEASURED,0,0.0,1,64,4.0,4.0,cmos-pbit,5.0,0.002591244463721095,0.00015946119776745197,1.0,1.0
grid,G1,800,10000,0.685,47.94,count_core,8,366.76,MEASURED,0,0.0,1,64,4.0,4.0,fpga-sbm,1000.0000000000001,0.000159461197767452,0.0318922395534904,200.00000000000006,0.06153846153846154
grid,G1,800,10000,0.685,47.94,count_core,8,366.76,MEASURED,0,0.0,1,64,4.0,4.0,cpu-numba,3959460.399957606,4.509859270643103,126.27605957800687,791892.0799915212,1740.4221538275192
grid,G1,800,10000,0.685,47.94,count_core,8,366.76,MEASURED,1,17.5824,1,64,4.0,4.0,sMTJ-array,18.365426459999995,0.0003886866695581642,0.000585714580164331,0.8132618738969648,0.15
grid,G1,800,10000,0.685,47.94,count_core,8,366.76,MEASURED,1,17.5824,1,64,4.0,4.0,sMTJ-array-e2e,21.217926459999994,0.020242801750589196,0.0006766871934906623,0.9395769093982473,7.812000000000001
grid,G1,800,10000,0.685,47.94,count_core,8,366.76,MEASURED,1,17.5824,1,64,4.0,4.0,cmos-pbit,22.582426459999994,0.002591244463721095,0.0007202041543613999,1.0,1.0
grid,G1,800,10000,0.685,47.94,count_core,8,366.76,MEASURED,1,17.5824,1,64,4.0,4.0,fpga-sbm,1000.0000000000001,0.000159461197767452,0.0318922395534904,44.282221034630155,0.06153846153846154
grid,G1,800,10000,0.685,47.94,count_core,8,366.76,MEASURED,1,17.5824,1,64,4.0,4.0,cpu-numba,3959460.399957606,4.509859270643103,126.27605957800687,175333.7006087878,1740.4221538275192
grid,G1,800,10000,0.685,47.94,count_core,8,366.76,MEASURED,0,0.0,1,64,4.0,10.0,sMTJ-array,0.783,0.0003886866695581642,2.4971623570382984e-05,0.15660000000000002,0.15
grid,G1,800,10000,0.685,47.94,count_core,8,366.76,MEASURED,0,0.0,1,64,4.0,10.0,sMTJ-array-e2e,3.6477330583485448,0.020242801750589196,0.00011633437652403796,0.729546611669709,7.812000000000001
grid,G1,800,10000,0.685,47.94,count_core,8,366.76,MEASURED,0,0.0,1,64,4.0,10.0,cmos-pbit,5.0,0.002591244463721095,0.00015946119776745197,1.0,1.0
grid,G1,800,10000,0.685,47.94,count_core,8,366.76,MEASURED,0,0.0,1,64,4.0,10.0,fpga-sbm,1000.0000000000001,0.000159461197767452,0.0318922395534904,200.00000000000006,0.06153846153846154
grid,G1,800,10000,0.685,47.94,count_core,8,366.76,MEASURED,0,0.0,1,64,4.0,10.0,cpu-numba,3959460.399957606,4.509859270643103,126.27605957800687,791892.0799915212,1740.4221538275192
grid,G1,800,10000,0.685,47.94,count_core,8,366.76,MEASURED,1,17.5824,1,64,4.0,10.0,sMTJ-array,18.365426459999995,0.0003886866695581642,0.000585714580164331,0.8132618738969648,0.15
grid,G1,800,10000,0.685,47.94,count_core,8,366.76,MEASURED,1,17.5824,1,64,4.0,10.0,sMTJ-array-e2e,21.23015951834854,0.020242801750589196,0.000677077333117986,0.9401186163919671,7.812000000000001
grid,G1,800,10000,0.685,47.94,count_core,8,366.76,MEASURED,1,17.5824,1,64,4.0,10.0,cmos-pbit,22.582426459999994,0.002591244463721095,0.0007202041543613999,1.0,1.0
grid,G1,800,10000,0.685,47.94,count_core,8,366.76,MEASURED,1,17.5824,1,64,4.0,10.0,fpga-sbm,1000.0000000000001,0.000159461197767452,0.0318922395534904,44.282221034630155,0.06153846153846154
grid,G1,800,10000,0.685,47.94,count_core,8,366.76,MEASURED,1,17.5824,1,64,4.0,10.0,cpu-numba,3959460.399957606,4.509859270643103,126.27605957800687,175333.7006087878,1740.4221538275192
grid,G1,800,10000,0.685,47.94,count_core,8,366.76,MEASURED,0,0.0,1,64,16.0,4.0,sMTJ-array,0.783,0.0003886866695581642,2.4971623570382984e-05,0.15660000000000002,0.15
grid,G1,800,10000,0.685,47.94,count_core,8,366.76,MEASURED,0,0.0,1,64,16.0,4.0,sMTJ-array-e2e,2.719374999999999,0.0763069669676588,8.672695893577292e-05,0.5438749999999999,29.448
grid,G1,800,10000,0.685,47.94,count_core,8,366.76,MEASURED,0,0.0,1,64,16.0,4.0,cmos-pbit,5.0,0.002591244463721095,0.00015946119776745197,1.0,1.0
grid,G1,800,10000,0.685,47.94,count_core,8,366.76,MEASURED,0,0.0,1,64,16.0,4.0,fpga-sbm,1000.0000000000001,0.000159461197767452,0.0318922395534904,200.00000000000006,0.06153846153846154
grid,G1,800,10000,0.685,47.94,count_core,8,366.76,MEASURED,0,0.0,1,64,16.0,4.0,cpu-numba,3959460.399957606,4.509859270643103,126.27605957800687,791892.0799915212,1740.4221538275192
grid,G1,800,10000,0.685,47.94,count_core,8,366.76,MEASURED,1,17.5824,1,64,16.0,4.0,sMTJ-array,18.365426459999995,0.0003886866695581642,0.000585714580164331,0.8132618738969648,0.15
grid,G1,800,10000,0.685,47.94,count_core,8,366.76,MEASURED,1,17.5824,1,64,16.0,4.0,sMTJ-array-e2e,20.301801459999993,0.0763069669676588,0.000647469915529721,0.8990088596528968,29.448
grid,G1,800,10000,0.685,47.94,count_core,8,366.76,MEASURED,1,17.5824,1,64,16.0,4.0,cmos-pbit,22.582426459999994,0.002591244463721095,0.0007202041543613999,1.0,1.0
grid,G1,800,10000,0.685,47.94,count_core,8,366.76,MEASURED,1,17.5824,1,64,16.0,4.0,fpga-sbm,1000.0000000000001,0.000159461197767452,0.0318922395534904,44.282221034630155,0.06153846153846154
grid,G1,800,10000,0.685,47.94,count_core,8,366.76,MEASURED,1,17.5824,1,64,16.0,4.0,cpu-numba,3959460.399957606,4.509859270643103,126.27605957800687,175333.7006087878,1740.4221538275192
grid,G1,800,10000,0.685,47.94,count_core,8,366.76,MEASURED,0,0.0,1,64,16.0,10.0,sMTJ-array,0.783,0.0003886866695581642,2.4971623570382984e-05,0.15660000000000002,0.15
grid,G1,800,10000,0.685,47.94,count_core,8,366.76,MEASURED,0,0.0,1,64,16.0,10.0,sMTJ-array-e2e,2.722433264587136,0.0763069669676588,8.682449384260384e-05,0.5444866529174271,29.448
grid,G1,800,10000,0.685,47.94,count_core,8,366.76,MEASURED,0,0.0,1,64,16.0,10.0,cmos-pbit,5.0,0.002591244463721095,0.00015946119776745197,1.0,1.0
grid,G1,800,10000,0.685,47.94,count_core,8,366.76,MEASURED,0,0.0,1,64,16.0,10.0,fpga-sbm,1000.0000000000001,0.000159461197767452,0.0318922395534904,200.00000000000006,0.06153846153846154
grid,G1,800,10000,0.685,47.94,count_core,8,366.76,MEASURED,0,0.0,1,64,16.0,10.0,cpu-numba,3959460.399957606,4.509859270643103,126.27605957800687,791892.0799915212,1740.4221538275192
grid,G1,800,10000,0.685,47.94,count_core,8,366.76,MEASURED,1,17.5824,1,64,16.0,10.0,sMTJ-array,18.365426459999995,0.0003886866695581642,0.000585714580164331,0.8132618738969648,0.15
grid,G1,800,10000,0.685,47.94,count_core,8,366.76,MEASURED,1,17.5824,1,64,16.0,10.0,sMTJ-array-e2e,20.304859724587132,0.0763069669676588,0.0006475674504365518,0.8991442864013267,29.448
grid,G1,800,10000,0.685,47.94,count_core,8,366.76,MEASURED,1,17.5824,1,64,16.0,10.0,cmos-pbit,22.582426459999994,0.002591244463721095,0.0007202041543613999,1.0,1.0
grid,G1,800,10000,0.685,47.94,count_core,8,366.76,MEASURED,1,17.5824,1,64,16.0,10.0,fpga-sbm,1000.0000000000001,0.000159461197767452,0.0318922395534904,44.282221034630155,0.06153846153846154
grid,G1,800,10000,0.685,47.94,count_core,8,366.76,MEASURED,1,17.5824,1,64,16.0,10.0,cpu-numba,3959460.399957606,4.509859270643103,126.27605957800687,175333.7006087878,1740.4221538275192
grid,G1,800,10000,0.685,47.94,count_core,8,366.76,MEASURED,0,0.0,1,256,1.0,4.0,sMTJ-array,0.783,0.00011959589832558899,2.4971623570382984e-05,0.15660000000000002,0.15
grid,G1,800,10000,0.685,47.94,count_core,8,366.76,MEASURED,0,0.0,1,256,1.0,4.0,sMTJ-array-e2e,7.3,0.0019159262911759359,0.0002328133487404799,1.46,2.4030000000000005
grid,G1,800,10000,0.685,47.94,count_core,8,366.76,MEASURED,0,0.0,1,256,1.0,4.0,cmos-pbit,5.0,0.0007973059888372599,0.00015946119776745197,1.0,1.0
grid,G1,800,10000,0.685,47.94,count_core,8,366.76,MEASURED,0,0.0,1,256,1.0,4.0,fpga-sbm,1000.0000000000001,0.000159461197767452,0.0318922395534904,200.00000000000006,0.20000000000000004
grid,G1,800,10000,0.685,47.94,count_core,8,366.76,MEASURED,0,0.0,1,256,1.0,4.0,cpu-numba,3959460.399957606,4.509859270643103,126.27605957800687,791892.0799915212,5656.371999939438
grid,G1,800,10000,0.685,47.94,count_core,8,366.76,MEASURED,1,17.5824,1,256,1.0,4.0,sMTJ-array,18.365426459999995,0.00011959589832558899,0.000585714580164331,0.8132618738969648,0.15
grid,G1,800,10000,0.685,47.94,count_core,8,366.76,MEASURED,1,17.5824,1,256,1.0,4.0,sMTJ-array-e2e,24.882426459999994,0.0019159262911759359,0.0007935563053344279,1.1018491083796496,2.4030000000000005
grid,G1,800,10000,0.685,47.94,count_core,8,366.76,MEASURED,1,17.5824,1,256,1.0,4.0,cmos-pbit,22.582426459999994,0.0007973059888372599,0.0007202041543613999,1.0,1.0
grid,G1,800,10000,0.685,47.94,count_core,8,366.76,MEASURED,1,17.5824,1,256,1.0,4.0,fpga-sbm,1000.0000000000001,0.000159461197767452,0.0318922395534904,44.282221034630155,0.20000000000000004
grid,G1,800,10000,0.685,47.94,count_core,8,366.76,MEASURED,1,17.5824,1,256,1.0,4.0,cpu-numba,3959460.399957606,4.509859270643103,126.27605957800687,175333.7006087878,5656.371999939438
grid,G1,800,10000,0.685,47.94,count_core,8,366.76,MEASURED,0,0.0,1,256,1.0,10.0,sMTJ-array,0.783,0.00011959589832558899,2.4971623570382984e-05,0.15660000000000002,0.15
grid,G1,800,10000,0.685,47.94,count_core,8,366.76,MEASURED,0,0.0,1,256,1.0,10.0,sMTJ-array-e2e,7.348932233394181,0.0019159262911759359,0.00023437390724977443,1.4697864466788364,2.4030000000000005
grid,G1,800,10000,0.685,47.94,count_core,8,366.76,MEASURED,0,0.0,1,256,1.0,10.0,cmos-pbit,5.0,0.0007973059888372599,0.00015946119776745197,1.0,1.0
grid,G1,800,10000,0.685,47.94,count_core,8,366.76,MEASURED,0,0.0,1,256,1.0,10.0,fpga-sbm,1000.0000000000001,0.000159461197767452,0.0318922395534904,200.00000000000006,0.20000000000000004
grid,G1,800,10000,0.685,47.94,count_core,8,366.76,MEASURED,0,0.0,1,256,1.0,10.0,cpu-numba,3959460.399957606,4.509859270643103,126.27605957800687,791892.0799915212,5656.371999939438
grid,G1,800,10000,0.685,47.94,count_core,8,366.76,MEASURED,1,17.5824,1,256,1.0,10.0,sMTJ-array,18.365426459999995,0.00011959589832558899,0.000585714580164331,0.8132618738969648,0.15
grid,G1,800,10000,0.685,47.94,count_core,8,366.76,MEASURED,1,17.5824,1,256,1.0,10.0,sMTJ-array-e2e,24.931358693394177,0.0019159262911759359,0.0007951168638437225,1.1040159363545288,2.4030000000000005
grid,G1,800,10000,0.685,47.94,count_core,8,366.76,MEASURED,1,17.5824,1,256,1.0,10.0,cmos-pbit,22.582426459999994,0.0007973059888372599,0.0007202041543613999,1.0,1.0
grid,G1,800,10000,0.685,47.94,count_core,8,366.76,MEASURED,1,17.5824,1,256,1.0,10.0,fpga-sbm,1000.0000000000001,0.000159461197767452,0.0318922395534904,44.282221034630155,0.20000000000000004
grid,G1,800,10000,0.685,47.94,count_core,8,366.76,MEASURED,1,17.5824,1,256,1.0,10.0,cpu-numba,3959460.399957606,4.509859270643103,126.27605957800687,175333.7006087878,5656.371999939438
grid,G1,800,10000,0.685,47.94,count_core,8,366.76,MEASURED,0,0.0,1,256,4.0,4.0,sMTJ-array,0.783,0.00011959589832558899,2.4971623570382984e-05,0.15660000000000002,0.15
grid,G1,800,10000,0.685,47.94,count_core,8,366.76,MEASURED,0,0.0,1,256,4.0,4.0,sMTJ-array-e2e,3.6354999999999995,0.006228554384796676,0.00011594423689671432,0.7271,7.812000000000002
grid,G1,800,10000,0.685,47.94,count_core,8,366.76,MEASURED,0,0.0,1,256,4.0,4.0,cmos-pbit,5.0,0.0007973059888372599,0.00015946119776745197,1.0,1.0
grid,G1,800,10000,0.685,47.94,count_core,8,366.76,MEASURED,0,0.0,1,256,4.0,4.0,fpga-sbm,1000.0000000000001,0.000159461197767452,0.0318922395534904,200.00000000000006,0.20000000000000004
grid,G1,800,10000,0.685,47.94,count_core,8,366.76,MEASURED,0,0.0,1,256,4.0,4.0,cpu-numba,3959460.399957606,4.509859270643103,126.27605957800687,791892.0799915212,5656.371999939438
grid,G1,800,10000,0.685,47.94,count_core,8,366.76,MEASURED,1,17.5824,1,256,4.0,4.0,sMTJ-array,18.365426459999995,0.00011959589832558899,0.000585714580164331,0.8132618738969648,0.15
grid,G1,800,10000,0.685,47.94,count_core,8,366.76,MEASURED,1,17.5824,1,256,4.0,4.0,sMTJ-array-e2e,21.217926459999994,0.006228554384796676,0.0006766871934906623,0.9395769093982473,7.812000000000002
grid,G1,800,10000,0.685,47.94,count_core,8,366.76,MEASURED,1,17.5824,1,256,4.0,4.0,cmos-pbit,22.582426459999994,0.0007973059888372599,0.0007202041543613999,1.0,1.0
grid,G1,800,10000,0.685,47.94,count_core,8,366.76,MEASURED,1,17.5824,1,256,4.0,4.0,fpga-sbm,1000.0000000000001,0.000159461197767452,0.0318922395534904,44.282221034630155,0.20000000000000004
grid,G1,800,10000,0.685,47.94,count_core,8,366.76,MEASURED,1,17.5824,1,256,4.0,4.0,cpu-numba,3959460.399957606,4.509859270643103,126.27605957800687,175333.7006087878,5656.371999939438
grid,G1,800,10000,0.685,47.94,count_core,8,366.76,MEASURED,0,0.0,1,256,4.0,10.0,sMTJ-array,0.783,0.00011959589832558899,2.4971623570382984e-05,0.15660000000000002,0.15
grid,G1,800,10000,0.685,47.94,count_core,8,366.76,MEASURED,0,0.0,1,256,4.0,10.0,sMTJ-array-e2e,3.6477330583485448,0.006228554384796676,0.00011633437652403796,0.729546611669709,7.812000000000002
grid,G1,800,10000,0.685,47.94,count_core,8,366.76,MEASURED,0,0.0,1,256,4.0,10.0,cmos-pbit,5.0,0.0007973059888372599,0.00015946119776745197,1.0,1.0
grid,G1,800,10000,0.685,47.94,count_core,8,366.76,MEASURED,0,0.0,1,256,4.0,10.0,fpga-sbm,1000.0000000000001,0.000159461197767452,0.0318922395534904,200.00000000000006,0.20000000000000004
grid,G1,800,10000,0.685,47.94,count_core,8,366.76,MEASURED,0,0.0,1,256,4.0,10.0,cpu-numba,3959460.399957606,4.509859270643103,126.27605957800687,791892.0799915212,5656.371999939438
grid,G1,800,10000,0.685,47.94,count_core,8,366.76,MEASURED,1,17.5824,1,256,4.0,10.0,sMTJ-array,18.365426459999995,0.00011959589832558899,0.000585714580164331,0.8132618738969648,0.15
grid,G1,800,10000,0.685,47.94,count_core,8,366.76,MEASURED,1,17.5824,1,256,4.0,10.0,sMTJ-array-e2e,21.23015951834854,0.006228554384796676,0.000677077333117986,0.9401186163919671,7.812000000000002
grid,G1,800,10000,0.685,47.94,count_core,8,366.76,MEASURED,1,17.5824,1,256,4.0,10.0,cmos-pbit,22.582426459999994,0.0007973059888372599,0.0007202041543613999,1.0,1.0
grid,G1,800,10000,0.685,47.94,count_core,8,366.76,MEASURED,1,17.5824,1,256,4.0,10.0,fpga-sbm,1000.0000000000001,0.000159461197767452,0.0318922395534904,44.282221034630155,0.20000000000000004
grid,G1,800,10000,0.685,47.94,count_core,8,366.76,MEASURED,1,17.5824,1,256,4.0,10.0,cpu-numba,3959460.399957606,4.509859270643103,126.27605957800687,175333.7006087878,5656.371999939438
grid,G1,800,10000,0.685,47.94,count_core,8,366.76,MEASURED,0,0.0,1,256,16.0,4.0,sMTJ-array,0.783,0.00011959589832558899,2.4971623570382984e-05,0.15660000000000002,0.15
grid,G1,800,10000,0.685,47.94,count_core,8,366.76,MEASURED,0,0.0,1,256,16.0,4.0,sMTJ-array-e2e,2.719374999999999,0.023479066759279632,8.672695893577292e-05,0.5438749999999999,29.448000000000004
grid,G1,800,10000,0.685,47.94,count_core,8,366.76,MEASURED,0,0.0,1,256,16.0,4.0,cmos-pbit,5.0,0.0007973059888372599,0.00015946119776745197,1.0,1.0
grid,G1,800,10000,0.685,47.94,count_core,8,366.76,MEASURED,0,0.0,1,256,16.0,4.0,fpga-sbm,1000.0000000000001,0.000159461197767452,0.0318922395534904,200.00000000000006,0.20000000000000004
grid,G1,800,10000,0.685,47.94,count_core,8,366.76,MEASURED,0,0.0,1,256,16.0,4.0,cpu-numba,3959460.399957606,4.509859270643103,126.27605957800687,791892.0799915212,5656.371999939438
grid,G1,800,10000,0.685,47.94,count_core,8,366.76,MEASURED,1,17.5824,1,256,16.0,4.0,sMTJ-array,18.365426459999995,0.00011959589832558899,0.000585714580164331,0.8132618738969648,0.15
grid,G1,800,10000,0.685,47.94,count_core,8,366.76,MEASURED,1,17.5824,1,256,16.0,4.0,sMTJ-array-e2e,20.301801459999993,0.023479066759279632,0.000647469915529721,0.8990088596528968,29.448000000000004
grid,G1,800,10000,0.685,47.94,count_core,8,366.76,MEASURED,1,17.5824,1,256,16.0,4.0,cmos-pbit,22.582426459999994,0.0007973059888372599,0.0007202041543613999,1.0,1.0
grid,G1,800,10000,0.685,47.94,count_core,8,366.76,MEASURED,1,17.5824,1,256,16.0,4.0,fpga-sbm,1000.0000000000001,0.000159461197767452,0.0318922395534904,44.282221034630155,0.20000000000000004
grid,G1,800,10000,0.685,47.94,count_core,8,366.76,MEASURED,1,17.5824,1,256,16.0,4.0,cpu-numba,3959460.399957606,4.509859270643103,126.27605957800687,175333.7006087878,5656.371999939438
grid,G1,800,10000,0.685,47.94,count_core,8,366.76,MEASURED,0,0.0,1,256,16.0,10.0,sMTJ-array,0.783,0.00011959589832558899,2.4971623570382984e-05,0.15660000000000002,0.15
grid,G1,800,10000,0.685,47.94,count_core,8,366.76,MEASURED,0,0.0,1,256,16.0,10.0,sMTJ-array-e2e,2.722433264587136,0.023479066759279632,8.682449384260384e-05,0.5444866529174271,29.448000000000004
grid,G1,800,10000,0.685,47.94,count_core,8,366.76,MEASURED,0,0.0,1,256,16.0,10.0,cmos-pbit,5.0,0.0007973059888372599,0.00015946119776745197,1.0,1.0
grid,G1,800,10000,0.685,47.94,count_core,8,366.76,MEASURED,0,0.0,1,256,16.0,10.0,fpga-sbm,1000.0000000000001,0.000159461197767452,0.0318922395534904,200.00000000000006,0.20000000000000004
grid,G1,800,10000,0.685,47.94,count_core,8,366.76,MEASURED,0,0.0,1,256,16.0,10.0,cpu-numba,3959460.399957606,4.509859270643103,126.27605957800687,791892.0799915212,5656.371999939438
grid,G1,800,10000,0.685,47.94,count_core,8,366.76,MEASURED,1,17.5824,1,256,16.0,10.0,sMTJ-array,18.365426459999995,0.00011959589832558899,0.000585714580164331,0.8132618738969648,0.15
grid,G1,800,10000,0.685,47.94,count_core,8,366.76,MEASURED,1,17.5824,1,256,16.0,10.0,sMTJ-array-e2e,20.304859724587132,0.023479066759279632,0.0006475674504365518,0.8991442864013267,29.448000000000004
grid,G1,800,10000,0.685,47.94,count_core,8,366.76,MEASURED,1,17.5824,1,256,16.0,10.0,cmos-pbit,22.582426459999994,0.0007973059888372599,0.0007202041543613999,1.0,1.0
grid,G1,800,10000,0.685,47.94,count_core,8,366.76,MEASURED,1,17.5824,1,256,16.0,10.0,fpga-sbm,1000.0000000000001,0.000159461197767452,0.0318922395534904,44.282221034630155,0.20000000000000004
grid,G1,800,10000,0.685,47.94,count_core,8,366.76,MEASURED,1,17.5824,1,256,16.0,10.0,cpu-numba,3959460.399957606,4.509859270643103,126.27605957800687,175333.7006087878,5656.371999939438
grid,G1,800,10000,0.685,47.94,count_core,8,366.76,MEASURED,0,0.0,2,16,1.0,4.0,sMTJ-array,0.783,0.0014949487290698623,2.4971623570382984e-05,0.15660000000000002,0.15
grid,G1,800,10000,0.685,47.94,count_core,8,366.76,MEASURED,0,0.0,2,16,1.0,4.0,sMTJ-array-e2e,10.986999999999998,0.02594234361179235,0.000350400035974199,2.1974,2.603
grid,G1,800,10000,0.685,47.94,count_core,8,366.76,MEASURED,0,0.0,2,16,1.0,4.0,cmos-pbit,5.0,0.00996632486046575,0.00015946119776745197,1.0,1.0
grid,G1,800,10000,0.685,47.94,count_core,8,366.76,MEASURED,0,0.0,2,16,1.0,4.0,fpga-sbm,1000.0000000000001,0.000159461197767452,0.0318922395534904,200.00000000000006,0.016
grid,G1,800,10000,0.685,47.94,count_core,8,366.76,MEASURED,0,0.0,2,16,1.0,4.0,cpu-numba,3959460.399957606,4.509859270643103,126.27605957800687,791892.0799915212,452.50975999515504
grid,G1,800,10000,0.685,47.94,count_core,8,366.76,MEASURED,1,17.5824,2,16,1.0,4.0,sMTJ-array,18.365426459999995,0.0014949487290698623,0.000585714580164331,0.8132618738969648,0.15
grid,G1,800,10000,0.685,47.94,count_core,8,366.76,MEASURED,1,17.5824,2,16,1.0,4.0,sMTJ-array-e2e,28.569426459999995,0.02594234361179235,0.0009111429925681469,1.2651176573343308,2.603
grid,G1,800,10000,0.685,47.94,count_core,8,366.76,MEASURED,1,17.5824,2,16,1.0,4.0,cmos-pbit,22.582426459999994,0.00996632486046575,0.0007202041543613999,1.0,1.0
grid,G1,800,10000,0.685,47.94,count_core,8,366.76,MEASURED,1,17.5824,2,16,1.0,4.0,fpga-sbm,1000.0000000000001,0.000159461197767452,0.0318922395534904,44.282221034630155,0.016
grid,G1,800,10000,0.685,47.94,count_core,8,366.76,MEASURED,1,17.5824,2,16,1.0,4.0,cpu-numba,3959460.399957606,4.509859270643103,126.27605957800687,175333.7006087878,452.50975999515504
grid,G1,800,10000,0.685,47.94,count_core,8,366.76,MEASURED,0,0.0,2,16,1.0,10.0,sMTJ-array,0.783,0.0014949487290698623,2.4971623570382984e-05,0.15660000000000002,0.15
grid,G1,800,10000,0.685,47.94,count_core,8,366.76,MEASURED,0,0.0,2,16,1.0,10.0,sMTJ-array-e2e,11.060388335307524,0.02594234361179235,0.0003527405543442584,2.212077667061505,2.603
grid,G1,800,10000,0.685,47.94,count_core,8,366.76,MEASURED,0,0.0,2,16,1.0,10.0,cmos-pbit,5.0,0.00996632486046575,0.00015946119776745197,1.0,1.0
grid,G1,800,10000,0.685,47.94,count_core,8,366.76,MEASURED,0,0.0,2,16,1.0,10.0,fpga-sbm,1000.0000000000001,0.000159461197767452,0.0318922395534904,200.00000000000006,0.016
grid,G1,800,10000,0.685,47.94,count_core,8,366.76,MEASURED,0,0.0,2,16,1.0,10.0,cpu-numba,3959460.399957606,4.509859270643103,126.27605957800687,791892.0799915212,452.50975999515504
grid,G1,800,10000,0.685,47.94,count_core,8,366.76,MEASURED,1,17.5824,2,16,1.0,10.0,sMTJ-array,18.365426459999995,0.0014949487290698623,0.000585714580164331,0.8132618738969648,0.15
grid,G1,800,10000,0.685,47.94,count_core,8,366.76,MEASURED,1,17.5824,2,16,1.0,10.0,sMTJ-array-e2e,28.642814795307523,0.02594234361179235,0.0009134835109382064,1.2683674558197822,2.603
grid,G1,800,10000,0.685,47.94,count_core,8,366.76,MEASURED,1,17.5824,2,16,1.0,10.0,cmos-pbit,22.582426459999994,0.00996632486046575,0.0007202041543613999,1.0,1.0
grid,G1,800,10000,0.685,47.94,count_core,8,366.76,MEASURED,1,17.5824,2,16,1.0,10.0,fpga-sbm,1000.0000000000001,0.000159461197767452,0.0318922395534904,44.282221034630155,0.016
grid,G1,800,10000,0.685,47.94,count_core,8,366.76,MEASURED,1,17.5824,2,16,1.0,10.0,cpu-numba,3959460.399957606,4.509859270643103,126.27605957800687,175333.7006087878,452.50975999515504
grid,G1,800,10000,0.685,47.94,count_core,8,366.76,MEASURED,0,0.0,2,16,4.0,4.0,sMTJ-array,0.783,0.0014949487290698623,2.4971623570382984e-05,0.15660000000000002,0.15
grid,G1,800,10000,0.685,47.94,count_core,8,366.76,MEASURED,0,0.0,2,16,4.0,4.0,sMTJ-array-e2e,5.491,0.07985019478205159,0.00017512028738821578,1.0982,8.012
grid,G1,800,10000,0.685,47.94,count_core,8,366.76,MEASURED,0,0.0,2,16,4.0,4.0,cmos-pbit,5.0,0.00996632486046575,0.00015946119776745197,1.0,1.0
grid,G1,800,10000,0.685,47.94,count_core,8,366.76,MEASURED,0,0.0,2,16,4.0,4.0,fpga-sbm,1000.0000000000001,0.000159461197767452,0.0318922395534904,200.00000000000006,0.016
grid,G1,800,10000,0.685,47.94,count_core,8,366.76,MEASURED,0,0.0,2,16,4.0,4.0,cpu-numba,3959460.399957606,4.509859270643103,126.27605957800687,791892.0799915212,452.50975999515504
grid,G1,800,10000,0.685,47.94,count_core,8,366.76,MEASURED,1,17.5824,2,16,4.0,4.0,sMTJ-array,18.365426459999995,0.0014949487290698623,0.000585714580164331,0.8132618738969648,0.15
grid,G1,800,10000,0.685,47.94,count_core,8,366.76,MEASURED,1,17.5824,2,16,4.0,4.0,sMTJ-array-e2e,23.073426459999997,0.07985019478205159,0.0007358632439821637,1.0217425705280034,8.012
grid,G1,800,10000,0.685,47.94,count_core,8,366.76,MEASURED,1,17.5824,2,16,4.0,4.0,cmos-pbit,22.582426459999994,0.00996632486046575,0.0007202041543613999,1.0,1.0
grid,G1,800,10000,0.685,47.94,count_core,8,366.76,MEASURED,1,17.5824,2,16,4.0,4.0,fpga-sbm,1000.0000000000001,0.000159461197767452,0.0318922395534904,44.282221034630155,0.016
grid,G1,800,10000,0.685,47.94,count_core,8,366.76,MEASURED,1,17.5824,2,16,4.0,4.0,cpu-numba,3959460.399957606,4.509859270643103,126.27605957800687,175333.7006087878,452.50975999515504
grid,G1,800,10000,0.685,47.94,count_core,8,366.76,MEASURED,0,0.0,2,16,4.0,10.0,sMTJ-array,0.783,0.0014949487290698623,2.4971623570382984e-05,0.15660000000000002,0.15
grid,G1,800,10000,0.685,47.94,count_core,8,366.76,MEASURED,0,0.0,2,16,4.0,10.0,sMTJ-array-e2e,5.5093470838268805,0.07985019478205159,0.0001757054169807306,1.1018694167653762,8.012
grid,G1,800,10000,0.685,47.94,count_core,8,366.76,MEASURED,0,0.0,2,16,4.0,10.0,cmos-pbit,5.0,0.00996632486046575,0.00015946119776745197,1.0,1.0
grid,G1,800,10000,0.685,47.94,count_core,8,366.76,MEASURED,0,0.0,2,16,4.0,10.0,fpga-sbm,1000.0000000000001,0.000159461197767452,0.0318922395534904,200.00000000000006,0.016
grid,G1,800,10000,0.685,47.94,count_core,8,366.76,MEASURED,0,0.0,2,16,4.0,10.0,cpu-numba,3959460.399957606,4.509859270643103,126.27605957800687,791892.0799915212,452.50975999515504
grid,G1,800,10000,0.685,47.94,count_core,8,366.76,MEASURED,1,17.5824,2,16,4.0,10.0,sMTJ-array,18.365426459999995,0.0014949487290698623,0.000585714580164331,0.8132618738969648,0.15
grid,G1,800,10000,0.685,47.94,count_core,8,366.76,MEASURED,1,17.5824,2,16,4.0,10.0,sMTJ-array-e2e,23.091773543826875,0.07985019478205159,0.0007364483735746786,1.0225550201493663,8.012
grid,G1,800,10000,0.685,47.94,count_core,8,366.76,MEASURED,1,17.5824,2,16,4.0,10.0,cmos-pbit,22.582426459999994,0.00996632486046575,0.0007202041543613999,1.0,1.0
grid,G1,800,10000,0.685,47.94,count_core,8,366.76,MEASURED,1,17.5824,2,16,4.0,10.0,fpga-sbm,1000.0000000000001,0.000159461197767452,0.0318922395534904,44.282221034630155,0.016
grid,G1,800,10000,0.685,47.94,count_core,8,366.76,MEASURED,1,17.5824,2,16,4.0,10.0,cpu-numba,3959460.399957606,4.509859270643103,126.27605957800687,175333.7006087878,452.50975999515504
grid,G1,800,10000,0.685,47.94,count_core,8,366.76,MEASURED,0,0.0,2,16,16.0,4.0,sMTJ-array,0.783,0.0014949487290698623,2.4971623570382984e-05,0.15660000000000002,0.15
grid,G1,800,10000,0.685,47.94,count_core,8,366.76,MEASURED,0,0.0,2,16,16.0,4.0,sMTJ-array-e2e,4.116999999999999,0.29548159946308855,0.00013130035024171995,0.8234,29.648
grid,G1,800,10000,0.685,47.94,count_core,8,366.76,MEASURED,0,0.0,2,16,16.0,4.0,cmos-pbit,5.0,0.00996632486046575,0.00015946119776745197,1.0,1.0
grid,G1,800,10000,0.685,47.94,count_core,8,366.76,MEASURED,0,0.0,2,16,16.0,4.0,fpga-sbm,1000.0000000000001,0.000159461197767452,0.0318922395534904,200.00000000000006,0.016
grid,G1,800,10000,0.685,47.94,count_core,8,366.76,MEASURED,0,0.0,2,16,16.0,4.0,cpu-numba,3959460.399957606,4.509859270643103,126.27605957800687,791892.0799915212,452.50975999515504
grid,G1,800,10000,0.685,47.94,count_core,8,366.76,MEASURED,1,17.5824,2,16,16.0,4.0,sMTJ-array,18.365426459999995,0.0014949487290698623,0.000585714580164331,0.8132618738969648,0.15
grid,G1,800,10000,0.685,47.94,count_core,8,366.76,MEASURED,1,17.5824,2,16,16.0,4.0,sMTJ-array-e2e,21.699426459999998,0.29548159946308855,0.0006920433068356679,0.9608987988264217,29.648
grid,G1,800,10000,0.685,47.94,count_core,8,366.76,MEASURED,1,17.5824,2,16,16.0,4.0,cmos-pbit,22.582426459999994,0.00996632486046575,0.0007202041543613999,1.0,1.0
grid,G1,800,10000,0.685,47.94,count_core,8,366.76,MEASURED,1,17.5824,2,16,16.0,4.0,fpga-sbm,1000.0000000000001,0.000159461197767452,0.0318922395534904,44.282221034630155,0.016
grid,G1,800,10000,0.685,47.94,count_core,8,366.76,MEASURED,1,17.5824,2,16,16.0,4.0,cpu-numba,3959460.399957606,4.509859270643103,126.27605957800687,175333.7006087878,452.50975999515504
grid,G1,800,10000,0.685,47.94,count_core,8,366.76,MEASURED,0,0.0,2,16,16.0,10.0,sMTJ-array,0.783,0.0014949487290698623,2.4971623570382984e-05,0.15660000000000002,0.15
grid,G1,800,10000,0.685,47.94,count_core,8,366.76,MEASURED,0,0.0,2,16,16.0,10.0,sMTJ-array-e2e,4.1215867709567195,0.29548159946308855,0.00013144663263984864,0.8243173541913439,29.648
grid,G1,800,10000,0.685,47.94,count_core,8,366.76,MEASURED,0,0.0,2,16,16.0,10.0,cmos-pbit,5.0,0.00996632486046575,0.00015946119776745197,1.0,1.0
grid,G1,800,10000,0.685,47.94,count_core,8,366.76,MEASURED,0,0.0,2,16,16.0,10.0,fpga-sbm,1000.0000000000001,0.000159461197767452,0.0318922395534904,200.00000000000006,0.016
grid,G1,800,10000,0.685,47.94,count_core,8,366.76,MEASURED,0,0.0,2,16,16.0,10.0,cpu-numba,3959460.399957606,4.509859270643103,126.27605957800687,791892.0799915212,452.50975999515504
grid,G1,800,10000,0.685,47.94,count_core,8,366.76,MEASURED,1,17.5824,2,16,16.0,10.0,sMTJ-array,18.365426459999995,0.0014949487290698623,0.000585714580164331,0.8132618738969648,0.15
grid,G1,800,10000,0.685,47.94,count_core,8,366.76,MEASURED,1,17.5824,2,16,16.0,10.0,sMTJ-array-e2e,21.704013230956715,0.29548159946308855,0.0006921895892337966,0.9611019112317624,29.648
grid,G1,800,10000,0.685,47.94,count_core,8,366.76,MEASURED,1,17.5824,2,16,16.0,10.0,cmos-pbit,22.582426459999994,0.00996632486046575,0.0007202041543613999,1.0,1.0
grid,G1,800,10000,0.685,47.94,count_core,8,366.76,MEASURED,1,17.5824,2,16,16.0,10.0,fpga-sbm,1000.0000000000001,0.000159461197767452,0.0318922395534904,44.282221034630155,0.016
grid,G1,800,10000,0.685,47.94,count_core,8,366.76,MEASURED,1,17.5824,2,16,16.0,10.0,cpu-numba,3959460.399957606,4.509859270643103,126.27605957800687,175333.7006087878,452.50975999515504
grid,G1,800,10000,0.685,47.94,count_core,8,366.76,MEASURED,0,0.0,2,64,1.0,4.0,sMTJ-array,0.783,0.0003886866695581642,2.4971623570382984e-05,0.15660000000000002,0.15
grid,G1,800,10000,0.685,47.94,count_core,8,366.76,MEASURED,0,0.0,2,64,1.0,4.0,sMTJ-array-e2e,10.986999999999998,0.006745009339066011,0.000350400035974199,2.1974,2.6030000000000006
grid,G1,800,10000,0.685,47.94,count_core,8,366.76,MEASURED,0,0.0,2,64,1.0,4.0,cmos-pbit,5.0,0.002591244463721095,0.00015946119776745197,1.0,1.0
grid,G1,800,10000,0.685,47.94,count_core,8,366.76,MEASURED,0,0.0,2,64,1.0,4.0,fpga-sbm,1000.0000000000001,0.000159461197767452,0.0318922395534904,200.00000000000006,0.06153846153846154
grid,G1,800,10000,0.685,47.94,count_core,8,366.76,MEASURED,0,0.0,2,64,1.0,4.0,cpu-numba,3959460.399957606,4.509859270643103,126.27605957800687,791892.0799915212,1740.4221538275192
grid,G1,800,10000,0.685,47.94,count_core,8,366.76,MEASURED,1,17.5824,2,64,1.0,4.0,sMTJ-array,18.365426459999995,0.0003886866695581642,0.000585714580164331,0.8132618738969648,0.15
grid,G1,800,10000,0.685,47.94,count_core,8,366.76,MEASURED,1,17.5824,2,64,1.0,4.0,sMTJ-array-e2e,28.569426459999995,0.006745009339066011,0.0009111429925681469,1.2651176573343308,2.6030000000000006
grid,G1,800,10000,0.685,47.94,count_core,8,366.76,MEASURED,1,17.5824,2,64,1.0,4.0,cmos-pbit,22.582426459999994,0.002591244463721095,0.0007202041543613999,1.0,1.0
grid,G1,800,10000,0.685,47.94,count_core,8,366.76,MEASURED,1,17.5824,2,64,1.0,4.0,fpga-sbm,1000.0000000000001,0.000159461197767452,0.0318922395534904,44.282221034630155,0.06153846153846154
grid,G1,800,10000,0.685,47.94,count_core,8,366.76,MEASURED,1,17.5824,2,64,1.0,4.0,cpu-numba,3959460.399957606,4.509859270643103,126.27605957800687,175333.7006087878,1740.4221538275192
grid,G1,800,10000,0.685,47.94,count_core,8,366.76,MEASURED,0,0.0,2,64,1.0,10.0,sMTJ-array,0.783,0.0003886866695581642,2.4971623570382984e-05,0.15660000000000002,0.15
grid,G1,800,10000,0.685,47.94,count_core,8,366.76,MEASURED,0,0.0,2,64,1.0,10.0,sMTJ-array-e2e,11.060388335307524,0.006745009339066011,0.0003527405543442584,2.212077667061505,2.6030000000000006
grid,G1,800,10000,0.685,47.94,count_core,8,366.76,MEASURED,0,0.0,2,64,1.0,10.0,cmos-pbit,5.0,0.002591244463721095,0.00015946119776745197,1.0,1.0
grid,G1,800,10000,0.685,47.94,count_core,8,366.76,MEASURED,0,0.0,2,64,1.0,10.0,fpga-sbm,1000.0000000000001,0.000159461197767452,0.0318922395534904,200.00000000000006,0.06153846153846154
grid,G1,800,10000,0.685,47.94,count_core,8,366.76,MEASURED,0,0.0,2,64,1.0,10.0,cpu-numba,3959460.399957606,4.509859270643103,126.27605957800687,791892.0799915212,1740.4221538275192
grid,G1,800,10000,0.685,47.94,count_core,8,366.76,MEASURED,1,17.5824,2,64,1.0,10.0,sMTJ-array,18.365426459999995,0.0003886866695581642,0.000585714580164331,0.8132618738969648,0.15
grid,G1,800,10000,0.685,47.94,count_core,8,366.76,MEASURED,1,17.5824,2,64,1.0,10.0,sMTJ-array-e2e,28.642814795307523,0.006745009339066011,0.0009134835109382064,1.2683674558197822,2.6030000000000006
grid,G1,800,10000,0.685,47.94,count_core,8,366.76,MEASURED,1,17.5824,2,64,1.0,10.0,cmos-pbit,22.582426459999994,0.002591244463721095,0.0007202041543613999,1.0,1.0
grid,G1,800,10000,0.685,47.94,count_core,8,366.76,MEASURED,1,17.5824,2,64,1.0,10.0,fpga-sbm,1000.0000000000001,0.000159461197767452,0.0318922395534904,44.282221034630155,0.06153846153846154
grid,G1,800,10000,0.685,47.94,count_core,8,366.76,MEASURED,1,17.5824,2,64,1.0,10.0,cpu-numba,3959460.399957606,4.509859270643103,126.27605957800687,175333.7006087878,1740.4221538275192
grid,G1,800,10000,0.685,47.94,count_core,8,366.76,MEASURED,0,0.0,2,64,4.0,4.0,sMTJ-array,0.783,0.0003886866695581642,2.4971623570382984e-05,0.15660000000000002,0.15
grid,G1,800,10000,0.685,47.94,count_core,8,366.76,MEASURED,0,0.0,2,64,4.0,4.0,sMTJ-array-e2e,5.491,0.020761050643333414,0.00017512028738821578,1.0982,8.012
grid,G1,800,10000,0.685,47.94,count_core,8,366.76,MEASURED,0,0.0,2,64,4.0,4.0,cmos-pbit,5.0,0.002591244463721095,0.00015946119776745197,1.0,1.0
grid,G1,800,10000,0.685,47.94,count_core,8,366.76,MEASURED,0,0.0,2,64,4.0,4.0,fpga-sbm,1000.0000000000001,0.000159461197767452,0.0318922395534904,200.00000000000006,0.06153846153846154
grid,G1,800,10000,0.685,47.94,count_core,8,366.76,MEASURED,0,0.0,2,64,4.0,4.0,cpu-numba,3959460.399957606,4.509859270643103,126.27605957800687,791892.0799915212,1740.4221538275192
grid,G1,800,10000,0.685,47.94,count_core,8,366.76,MEASURED,1,17.5824,2,64,4.0,4.0,sMTJ-array,18.365426459999995,0.0003886866695581642,0.000585714580164331,0.8132618738969648,0.15
grid,G1,800,10000,0.685,47.94,count_core,8,366.76,MEASURED,1,17.5824,2,64,4.0,4.0,sMTJ-array-e2e,23.073426459999997,0.020761050643333414,0.0007358632439821637,1.0217425705280034,8.012
grid,G1,800,10000,0.685,47.94,count_core,8,366.76,MEASURED,1,17.5824,2,64,4.0,4.0,cmos-pbit,22.582426459999994,0.002591244463721095,0.0007202041543613999,1.0,1.0
grid,G1,800,10000,0.685,47.94,count_core,8,366.76,MEASURED,1,17.5824,2,64,4.0,4.0,fpga-sbm,1000.0000000000001,0.000159461197767452,0.0318922395534904,44.282221034630155,0.06153846153846154
grid,G1,800,10000,0.685,47.94,count_core,8,366.76,MEASURED,1,17.5824,2,64,4.0,4.0,cpu-numba,3959460.399957606,4.509859270643103,126.27605957800687,175333.7006087878,1740.4221538275192
grid,G1,800,10000,0.685,47.94,count_core,8,366.76,MEASURED,0,0.0,2,64,4.0,10.0,sMTJ-array,0.783,0.0003886866695581642,2.4971623570382984e-05,0.15660000000000002,0.15
grid,G1,800,10000,0.685,47.94,count_core,8,366.76,MEASURED,0,0.0,2,64,4.0,10.0,sMTJ-array-e2e,5.5093470838268805,0.020761050643333414,0.0001757054169807306,1.1018694167653762,8.012
grid,G1,800,10000,0.685,47.94,count_core,8,366.76,MEASURED,0,0.0,2,64,4.0,10.0,cmos-pbit,5.0,0.002591244463721095,0.00015946119776745197,1.0,1.0
grid,G1,800,10000,0.685,47.94,count_core,8,366.76,MEASURED,0,0.0,2,64,4.0,10.0,fpga-sbm,1000.0000000000001,0.000159461197767452,0.0318922395534904,200.00000000000006,0.06153846153846154
grid,G1,800,10000,0.685,47.94,count_core,8,366.76,MEASURED,0,0.0,2,64,4.0,10.0,cpu-numba,3959460.399957606,4.509859270643103,126.27605957800687,791892.0799915212,1740.4221538275192
grid,G1,800,10000,0.685,47.94,count_core,8,366.76,MEASURED,1,17.5824,2,64,4.0,10.0,sMTJ-array,18.365426459999995,0.0003886866695581642,0.000585714580164331,0.8132618738969648,0.15
grid,G1,800,10000,0.685,47.94,count_core,8,366.76,MEASURED,1,17.5824,2,64,4.0,10.0,sMTJ-array-e2e,23.091773543826875,0.020761050643333414,0.0007364483735746786,1.0225550201493663,8.012
grid,G1,800,10000,0.685,47.94,count_core,8,366.76,MEASURED,1,17.5824,2,64,4.0,10.0,cmos-pbit,22.582426459999994,0.002591244463721095,0.0007202041543613999,1.0,1.0
grid,G1,800,10000,0.685,47.94,count_core,8,366.76,MEASURED,1,17.5824,2,64,4.0,10.0,fpga-sbm,1000.0000000000001,0.000159461197767452,0.0318922395534904,44.282221034630155,0.06153846153846154
grid,G1,800,10000,0.685,47.94,count_core,8,366.76,MEASURED,1,17.5824,2,64,4.0,10.0,cpu-numba,3959460.399957606,4.509859270643103,126.27605957800687,175333.7006087878,1740.4221538275192
grid,G1,800,10000,0.685,47.94,count_core,8,366.76,MEASURED,0,0.0,2,64,16.0,4.0,sMTJ-array,0.783,0.0003886866695581642,2.4971623570382984e-05,0.15660000000000002,0.15
grid,G1,800,10000,0.685,47.94,count_core,8,366.76,MEASURED,0,0.0,2,64,16.0,4.0,sMTJ-array-e2e,4.116999999999999,0.07682521586040303,0.00013130035024171995,0.8234,29.648000000000003
grid,G1,800,10000,0.685,47.94,count_core,8,366.76,MEASURED,0,0.0,2,64,16.0,4.0,cmos-pbit,5.0,0.002591244463721095,0.00015946119776745197,1.0,1.0
grid,G1,800,10000,0.685,47.94,count_core,8,366.76,MEASURED,0,0.0,2,64,16.0,4.0,fpga-sbm,1000.0000000000001,0.000159461197767452,0.0318922395534904,200.00000000000006,0.06153846153846154
grid,G1,800,10000,0.685,47.94,count_core,8,366.76,MEASURED,0,0.0,2,64,16.0,4.0,cpu-numba,3959460.399957606,4.509859270643103,126.27605957800687,791892.0799915212,1740.4221538275192
grid,G1,800,10000,0.685,47.94,count_core,8,366.76,MEASURED,1,17.5824,2,64,16.0,4.0,sMTJ-array,18.365426459999995,0.0003886866695581642,0.000585714580164331,0.8132618738969648,0.15
grid,G1,800,10000,0.685,47.94,count_core,8,366.76,MEASURED,1,17.5824,2,64,16.0,4.0,sMTJ-array-e2e,21.699426459999998,0.07682521586040303,0.0006920433068356679,0.9608987988264217,29.648000000000003
grid,G1,800,10000,0.685,47.94,count_core,8,366.76,MEASURED,1,17.5824,2,64,16.0,4.0,cmos-pbit,22.582426459999994,0.002591244463721095,0.0007202041543613999,1.0,1.0
grid,G1,800,10000,0.685,47.94,count_core,8,366.76,MEASURED,1,17.5824,2,64,16.0,4.0,fpga-sbm,1000.0000000000001,0.000159461197767452,0.0318922395534904,44.282221034630155,0.06153846153846154
grid,G1,800,10000,0.685,47.94,count_core,8,366.76,MEASURED,1,17.5824,2,64,16.0,4.0,cpu-numba,3959460.399957606,4.509859270643103,126.27605957800687,175333.7006087878,1740.4221538275192
grid,G1,800,10000,0.685,47.94,count_core,8,366.76,MEASURED,0,0.0,2,64,16.0,10.0,sMTJ-array,0.783,0.0003886866695581642,2.4971623570382984e-05,0.15660000000000002,0.15
grid,G1,800,10000,0.685,47.94,count_core,8,366.76,MEASURED,0,0.0,2,64,16.0,10.0,sMTJ-array-e2e,4.1215867709567195,0.07682521586040303,0.00013144663263984864,0.8243173541913439,29.648000000000003
grid,G1,800,10000,0.685,47.94,count_core,8,366.76,MEASURED,0,0.0,2,64,16.0,10.0,cmos-pbit,5.0,0.002591244463721095,0.00015946119776745197,1.0,1.0
grid,G1,800,10000,0.685,47.94,count_core,8,366.76,MEASURED,0,0.0,2,64,16.0,10.0,fpga-sbm,1000.0000000000001,0.000159461197767452,0.0318922395534904,200.00000000000006,0.06153846153846154
grid,G1,800,10000,0.685,47.94,count_core,8,366.76,MEASURED,0,0.0,2,64,16.0,10.0,cpu-numba,3959460.399957606,4.509859270643103,126.27605957800687,791892.0799915212,1740.4221538275192
grid,G1,800,10000,0.685,47.94,count_core,8,366.76,MEASURED,1,17.5824,2,64,16.0,10.0,sMTJ-array,18.365426459999995,0.0003886866695581642,0.000585714580164331,0.8132618738969648,0.15
grid,G1,800,10000,0.685,47.94,count_core,8,366.76,MEASURED,1,17.5824,2,64,16.0,10.0,sMTJ-array-e2e,21.704013230956715,0.07682521586040303,0.0006921895892337966,0.9611019112317624,29.648000000000003
grid,G1,800,10000,0.685,47.94,count_core,8,366.76,MEASURED,1,17.5824,2,64,16.0,10.0,cmos-pbit,22.582426459999994,0.002591244463721095,0.0007202041543613999,1.0,1.0
grid,G1,800,10000,0.685,47.94,count_core,8,366.76,MEASURED,1,17.5824,2,64,16.0,10.0,fpga-sbm,1000.0000000000001,0.000159461197767452,0.0318922395534904,44.282221034630155,0.06153846153846154
grid,G1,800,10000,0.685,47.94,count_core,8,366.76,MEASURED,1,17.5824,2,64,16.0,10.0,cpu-numba,3959460.399957606,4.509859270643103,126.27605957800687,175333.7006087878,1740.4221538275192
grid,G1,800,10000,0.685,47.94,count_core,8,366.76,MEASURED,0,0.0,2,256,1.0,4.0,sMTJ-array,0.783,0.00011959589832558899,2.4971623570382984e-05,0.15660000000000002,0.15
grid,G1,800,10000,0.685,47.94,count_core,8,366.76,MEASURED,0,0.0,2,256,1.0,4.0,sMTJ-array-e2e,10.986999999999998,0.0020753874889433877,0.000350400035974199,2.1974,2.603
grid,G1,800,10000,0.685,47.94,count_core,8,366.76,MEASURED,0,0.0,2,256,1.0,4.0,cmos-pbit,5.0,0.0007973059888372599,0.00015946119776745197,1.0,1.0
grid,G1,800,10000,0.685,47.94,count_core,8,366.76,MEASURED,0,0.0,2,256,1.0,4.0,fpga-sbm,1000.0000000000001,0.000159461197767452,0.0318922395534904,200.00000000000006,0.20000000000000004
grid,G1,800,10000,0.685,47.94,count_core,8,366.76,MEASURED,0,0.0,2,256,1.0,4.0,cpu-numba,3959460.399957606,4.509859270643103,126.27605957800687,791892.0799915212,5656.371999939438
grid,G1,800,10000,0.685,47.94,count_core,8,366.76,MEASURED,1,17.5824,2,256,1.0,4.0,sMTJ-array,18.365426459999995,0.00011959589832558899,0.000585714580164331,0.8132618738969648,0.15
grid,G1,800,10000,0.685,47.94,count_core,8,366.76,MEASURED,1,17.5824,2,256,1.0,4.0,sMTJ-array-e2e,28.569426459999995,0.0020753874889433877,0.0009111429925681469,1.2651176573343308,2.603
grid,G1,800,10000,0.685,47.94,count_core,8,366.76,MEASURED,1,17.5824,2,256,1.0,4.0,cmos-pbit,22.582426459999994,0.0007973059888372599,0.0007202041543613999,1.0,1.0
grid,G1,800,10000,0.685,47.94,count_core,8,366.76,MEASURED,1,17.5824,2,256,1.0,4.0,fpga-sbm,1000.0000000000001,0.000159461197767452,0.0318922395534904,44.282221034630155,0.20000000000000004
grid,G1,800,10000,0.685,47.94,count_core,8,366.76,MEASURED,1,17.5824,2,256,1.0,4.0,cpu-numba,3959460.399957606,4.509859270643103,126.27605957800687,175333.7006087878,5656.371999939438
grid,G1,800,10000,0.685,47.94,count_core,8,366.76,MEASURED,0,0.0,2,256,1.0,10.0,sMTJ-array,0.783,0.00011959589832558899,2.4971623570382984e-05,0.15660000000000002,0.15
grid,G1,800,10000,0.685,47.94,count_core,8,366.76,MEASURED,0,0.0,2,256,1.0,10.0,sMTJ-array-e2e,11.060388335307524,0.0020753874889433877,0.0003527405543442584,2.212077667061505,2.603
grid,G1,800,10000,0.685,47.94,count_core,8,366.76,MEASURED,0,0.0,2,256,1.0,10.0,cmos-pbit,5.0,0.0007973059888372599,0.00015946119776745197,1.0,1.0
grid,G1,800,10000,0.685,47.94,count_core,8,366.76,MEASURED,0,0.0,2,256,1.0,10.0,fpga-sbm,1000.0000000000001,0.000159461197767452,0.0318922395534904,200.00000000000006,0.20000000000000004
grid,G1,800,10000,0.685,47.94,count_core,8,366.76,MEASURED,0,0.0,2,256,1.0,10.0,cpu-numba,3959460.399957606,4.509859270643103,126.27605957800687,791892.0799915212,5656.371999939438
grid,G1,800,10000,0.685,47.94,count_core,8,366.76,MEASURED,1,17.5824,2,256,1.0,10.0,sMTJ-array,18.365426459999995,0.00011959589832558899,0.000585714580164331,0.8132618738969648,0.15
grid,G1,800,10000,0.685,47.94,count_core,8,366.76,MEASURED,1,17.5824,2,256,1.0,10.0,sMTJ-array-e2e,28.642814795307523,0.0020753874889433877,0.0009134835109382064,1.2683674558197822,2.603
grid,G1,800,10000,0.685,47.94,count_core,8,366.76,MEASURED,1,17.5824,2,256,1.0,10.0,cmos-pbit,22.582426459999994,0.0007973059888372599,0.0007202041543613999,1.0,1.0
grid,G1,800,10000,0.685,47.94,count_core,8,366.76,MEASURED,1,17.5824,2,256,1.0,10.0,fpga-sbm,1000.0000000000001,0.000159461197767452,0.0318922395534904,44.282221034630155,0.20000000000000004
grid,G1,800,10000,0.685,47.94,count_core,8,366.76,MEASURED,1,17.5824,2,256,1.0,10.0,cpu-numba,3959460.399957606,4.509859270643103,126.27605957800687,175333.7006087878,5656.371999939438
grid,G1,800,10000,0.685,47.94,count_core,8,366.76,MEASURED,0,0.0,2,256,4.0,4.0,sMTJ-array,0.783,0.00011959589832558899,2.4971623570382984e-05,0.15660000000000002,0.15
grid,G1,800,10000,0.685,47.94,count_core,8,366.76,MEASURED,0,0.0,2,256,4.0,4.0,sMTJ-array-e2e,5.491,0.006388015582564127,0.00017512028738821578,1.0982,8.012
grid,G1,800,10000,0.685,47.94,count_core,8,366.76,MEASURED,0,0.0,2,256,4.0,4.0,cmos-pbit,5.0,0.0007973059888372599,0.00015946119776745197,1.0,1.0
grid,G1,800,10000,0.685,47.94,count_core,8,366.76,MEASURED,0,0.0,2,256,4.0,4.0,fpga-sbm,1000.0000000000001,0.000159461197767452,0.0318922395534904,200.00000000000006,0.20000000000000004
grid,G1,800,10000,0.685,47.94,count_core,8,366.76,MEASURED,0,0.0,2,256,4.0,4.0,cpu-numba,3959460.399957606,4.509859270643103,126.27605957800687,791892.0799915212,5656.371999939438
grid,G1,800,10000,0.685,47.94,count_core,8,366.76,MEASURED,1,17.5824,2,256,4.0,4.0,sMTJ-array,18.365426459999995,0.00011959589832558899,0.000585714580164331,0.8132618738969648,0.15
grid,G1,800,10000,0.685,47.94,count_core,8,366.76,MEASURED,1,17.5824,2,256,4.0,4.0,sMTJ-array-e2e,23.073426459999997,0.006388015582564127,0.0007358632439821637,1.0217425705280034,8.012
grid,G1,800,10000,0.685,47.94,count_core,8,366.76,MEASURED,1,17.5824,2,256,4.0,4.0,cmos-pbit,22.582426459999994,0.0007973059888372599,0.0007202041543613999,1.0,1.0
grid,G1,800,10000,0.685,47.94,count_core,8,366.76,MEASURED,1,17.5824,2,256,4.0,4.0,fpga-sbm,1000.0000000000001,0.000159461197767452,0.0318922395534904,44.282221034630155,0.20000000000000004
grid,G1,800,10000,0.685,47.94,count_core,8,366.76,MEASURED,1,17.5824,2,256,4.0,4.0,cpu-numba,3959460.399957606,4.509859270643103,126.27605957800687,175333.7006087878,5656.371999939438
grid,G1,800,10000,0.685,47.94,count_core,8,366.76,MEASURED,0,0.0,2,256,4.0,10.0,sMTJ-array,0.783,0.00011959589832558899,2.4971623570382984e-05,0.15660000000000002,0.15
grid,G1,800,10000,0.685,47.94,count_core,8,366.76,MEASURED,0,0.0,2,256,4.0,10.0,sMTJ-array-e2e,5.5093470838268805,0.006388015582564127,0.0001757054169807306,1.1018694167653762,8.012
grid,G1,800,10000,0.685,47.94,count_core,8,366.76,MEASURED,0,0.0,2,256,4.0,10.0,cmos-pbit,5.0,0.0007973059888372599,0.00015946119776745197,1.0,1.0
grid,G1,800,10000,0.685,47.94,count_core,8,366.76,MEASURED,0,0.0,2,256,4.0,10.0,fpga-sbm,1000.0000000000001,0.000159461197767452,0.0318922395534904,200.00000000000006,0.20000000000000004
grid,G1,800,10000,0.685,47.94,count_core,8,366.76,MEASURED,0,0.0,2,256,4.0,10.0,cpu-numba,3959460.399957606,4.509859270643103,126.27605957800687,791892.0799915212,5656.371999939438
grid,G1,800,10000,0.685,47.94,count_core,8,366.76,MEASURED,1,17.5824,2,256,4.0,10.0,sMTJ-array,18.365426459999995,0.00011959589832558899,0.000585714580164331,0.8132618738969648,0.15
grid,G1,800,10000,0.685,47.94,count_core,8,366.76,MEASURED,1,17.5824,2,256,4.0,10.0,sMTJ-array-e2e,23.091773543826875,0.006388015582564127,0.0007364483735746786,1.0225550201493663,8.012
grid,G1,800,10000,0.685,47.94,count_core,8,366.76,MEASURED,1,17.5824,2,256,4.0,10.0,cmos-pbit,22.582426459999994,0.0007973059888372599,0.0007202041543613999,1.0,1.0
grid,G1,800,10000,0.685,47.94,count_core,8,366.76,MEASURED,1,17.5824,2,256,4.0,10.0,fpga-sbm,1000.0000000000001,0.000159461197767452,0.0318922395534904,44.282221034630155,0.20000000000000004
grid,G1,800,10000,0.685,47.94,count_core,8,366.76,MEASURED,1,17.5824,2,256,4.0,10.0,cpu-numba,3959460.399957606,4.509859270643103,126.27605957800687,175333.7006087878,5656.371999939438
grid,G1,800,10000,0.685,47.94,count_core,8,366.76,MEASURED,0,0.0,2,256,16.0,4.0,sMTJ-array,0.783,0.00011959589832558899,2.4971623570382984e-05,0.15660000000000002,0.15
grid,G1,800,10000,0.685,47.94,count_core,8,366.76,MEASURED,0,0.0,2,256,16.0,4.0,sMTJ-array-e2e,4.116999999999999,0.023638527957047083,0.00013130035024171995,0.8234,29.648000000000003
grid,G1,800,10000,0.685,47.94,count_core,8,366.76,MEASURED,0,0.0,2,256,16.0,4.0,cmos-pbit,5.0,0.0007973059888372599,0.00015946119776745197,1.0,1.0
grid,G1,800,10000,0.685,47.94,count_core,8,366.76,MEASURED,0,0.0,2,256,16.0,4.0,fpga-sbm,1000.0000000000001,0.000159461197767452,0.0318922395534904,200.00000000000006,0.20000000000000004
grid,G1,800,10000,0.685,47.94,count_core,8,366.76,MEASURED,0,0.0,2,256,16.0,4.0,cpu-numba,3959460.399957606,4.509859270643103,126.27605957800687,791892.0799915212,5656.371999939438
grid,G1,800,10000,0.685,47.94,count_core,8,366.76,MEASURED,1,17.5824,2,256,16.0,4.0,sMTJ-array,18.365426459999995,0.00011959589832558899,0.000585714580164331,0.8132618738969648,0.15
grid,G1,800,10000,0.685,47.94,count_core,8,366.76,MEASURED,1,17.5824,2,256,16.0,4.0,sMTJ-array-e2e,21.699426459999998,0.023638527957047083,0.0006920433068356679,0.9608987988264217,29.648000000000003
grid,G1,800,10000,0.685,47.94,count_core,8,366.76,MEASURED,1,17.5824,2,256,16.0,4.0,cmos-pbit,22.582426459999994,0.0007973059888372599,0.0007202041543613999,1.0,1.0
grid,G1,800,10000,0.685,47.94,count_core,8,366.76,MEASURED,1,17.5824,2,256,16.0,4.0,fpga-sbm,1000.0000000000001,0.000159461197767452,0.0318922395534904,44.282221034630155,0.20000000000000004
grid,G1,800,10000,0.685,47.94,count_core,8,366.76,MEASURED,1,17.5824,2,256,16.0,4.0,cpu-numba,3959460.399957606,4.509859270643103,126.27605957800687,175333.7006087878,5656.371999939438
grid,G1,800,10000,0.685,47.94,count_core,8,366.76,MEASURED,0,0.0,2,256,16.0,10.0,sMTJ-array,0.783,0.00011959589832558899,2.4971623570382984e-05,0.15660000000000002,0.15
grid,G1,800,10000,0.685,47.94,count_core,8,366.76,MEASURED,0,0.0,2,256,16.0,10.0,sMTJ-array-e2e,4.1215867709567195,0.023638527957047083,0.00013144663263984864,0.8243173541913439,29.648000000000003
grid,G1,800,10000,0.685,47.94,count_core,8,366.76,MEASURED,0,0.0,2,256,16.0,10.0,cmos-pbit,5.0,0.0007973059888372599,0.00015946119776745197,1.0,1.0
grid,G1,800,10000,0.685,47.94,count_core,8,366.76,MEASURED,0,0.0,2,256,16.0,10.0,fpga-sbm,1000.0000000000001,0.000159461197767452,0.0318922395534904,200.00000000000006,0.20000000000000004
grid,G1,800,10000,0.685,47.94,count_core,8,366.76,MEASURED,0,0.0,2,256,16.0,10.0,cpu-numba,3959460.399957606,4.509859270643103,126.27605957800687,791892.0799915212,5656.371999939438
grid,G1,800,10000,0.685,47.94,count_core,8,366.76,MEASURED,1,17.5824,2,256,16.0,10.0,sMTJ-array,18.365426459999995,0.00011959589832558899,0.000585714580164331,0.8132618738969648,0.15
grid,G1,800,10000,0.685,47.94,count_core,8,366.76,MEASURED,1,17.5824,2,256,16.0,10.0,sMTJ-array-e2e,21.704013230956715,0.023638527957047083,0.0006921895892337966,0.9611019112317624,29.648000000000003
grid,G1,800,10000,0.685,47.94,count_core,8,366.76,MEASURED,1,17.5824,2,256,16.0,10.0,cmos-pbit,22.582426459999994,0.0007973059888372599,0.0007202041543613999,1.0,1.0
grid,G1,800,10000,0.685,47.94,count_core,8,366.76,MEASURED,1,17.5824,2,256,16.0,10.0,fpga-sbm,1000.0000000000001,0.000159461197767452,0.0318922395534904,44.282221034630155,0.20000000000000004
grid,G1,800,10000,0.685,47.94,count_core,8,366.76,MEASURED,1,17.5824,2,256,16.0,10.0,cpu-numba,3959460.399957606,4.509859270643103,126.27605957800687,175333.7006087878,5656.371999939438
grid,G1,800,10000,0.685,47.94,count_core,8,366.76,MEASURED,0,0.0,3,16,1.0,4.0,sMTJ-array,0.783,0.0014949487290698623,2.4971623570382984e-05,0.15660000000000002,0.15
grid,G1,800,10000,0.685,47.94,count_core,8,366.76,MEASURED,0,0.0,3,16,1.0,4.0,sMTJ-array-e2e,14.675,0.0279356085838855,0.0004680186154474716,2.935,2.8030000000000004
grid,G1,800,10000,0.685,47.94,count_core,8,366.76,MEASURED,0,0.0,3,16,1.0,4.0,cmos-pbit,5.0,0.00996632486046575,0.00015946119776745197,1.0,1.0
grid,G1,800,10000,0.685,47.94,count_core,8,366.76,MEASURED,0,0.0,3,16,1.0,4.0,fpga-sbm,1000.0000000000001,0.000159461197767452,0.0318922395534904,200.00000000000006,0.016
grid,G1,800,10000,0.685,47.94,count_core,8,366.76,MEASURED,0,0.0,3,16,1.0,4.0,cpu-numba,3959460.399957606,4.509859270643103,126.27605957800687,791892.0799915212,452.50975999515504
grid,G1,800,10000,0.685,47.94,count_core,8,366.76,MEASURED,1,17.5824,3,16,1.0,4.0,sMTJ-array,18.365426459999995,0.0014949487290698623,0.000585714580164331,0.8132618738969648,0.15
grid,G1,800,10000,0.685,47.94,count_core,8,366.76,MEASURED,1,17.5824,3,16,1.0,4.0,sMTJ-array-e2e,32.25742646,0.0279356085838855,0.0010287615720414197,1.428430488510047,2.8030000000000004
grid,G1,800,10000,0.685,47.94,count_core,8,366.76,MEASURED,1,17.5824,3,16,1.0,4.0,cmos-pbit,22.582426459999994,0.00996632486046575,0.0007202041543613999,1.0,1.0
grid,G1,800,10000,0.685,47.94,count_core,8,366.76,MEASURED,1,17.5824,3,16,1.0,4.0,fpga-sbm,1000.0000000000001,0.000159461197767452,0.0318922395534904,44.282221034630155,0.016
grid,G1,800,10000,0.685,47.94,count_core,8,366.76,MEASURED,1,17.5824,3,16,1.0,4.0,cpu-numba,3959460.399957606,4.509859270643103,126.27605957800687,175333.7006087878,452.50975999515504
grid,G1,800,10000,0.685,47.94,count_core,8,366.76,MEASURED,0,0.0,3,16,1.0,10.0,sMTJ-array,0.783,0.0014949487290698623,2.4971623570382984e-05,0.15660000000000002,0.15
grid,G1,800,10000,0.685,47.94,count_core,8,366.76,MEASURED,0,0.0,3,16,1.0,10.0,sMTJ-array-e2e,14.772854452004614,0.0279356085838855,0.0004711394130721782,2.9545708904009227,2.8030000000000004
grid,G1,800,10000,0.685,47.94,count_core,8,366.76,MEASURED,0,0.0,3,16,1.0,10.0,cmos-pbit,5.0,0.00996632486046575,0.00015946119776745197,1.0,1.0
grid,G1,800,10000,0.685,47.94,count_core,8,366.76,MEASURED,0,0.0,3,16,1.0,10.0,fpga-sbm,1000.0000000000001,0.000159461197767452,0.0318922395534904,200.00000000000006,0.016
grid,G1,800,10000,0.685,47.94,count_core,8,366.76,MEASURED,0,0.0,3,16,1.0,10.0,cpu-numba,3959460.399957606,4.509859270643103,126.27605957800687,791892.0799915212,452.50975999515504
grid,G1,800,10000,0.685,47.94,count_core,8,366.76,MEASURED,1,17.5824,3,16,1.0,10.0,sMTJ-array,18.365426459999995,0.0014949487290698623,0.000585714580164331,0.8132618738969648,0.15
grid,G1,800,10000,0.685,47.94,count_core,8,366.76,MEASURED,1,17.5824,3,16,1.0,10.0,sMTJ-array-e2e,32.3552809120046,0.0279356085838855,0.001031882369666126,1.4327637009829375,2.8030000000000004
grid,G1,800,10000,0.685,47.94,count_core,8,366.76,MEASURED,1,17.5824,3,16,1.0,10.0,cmos-pbit,22.582426459999994,0.00996632486046575,0.0007202041543613999,1.0,1.0
grid,G1,800,10000,0.685,47.94,count_core,8,366.76,MEASURED,1,17.5824,3,16,1.0,10.0,fpga-sbm,1000.0000000000001,0.000159461197767452,0.0318922395534904,44.282221034630155,0.016
grid,G1,800,10000,0.685,47.94,count_core,8,366.76,MEASURED,1,17.5824,3,16,1.0,10.0,cpu-numba,3959460.399957606,4.509859270643103,126.27605957800687,175333.7006087878,452.50975999515504
grid,G1,800,10000,0.685,47.94,count_core,8,366.76,MEASURED,0,0.0,3,16,4.0,4.0,sMTJ-array,0.783,0.0014949487290698623,2.4971623570382984e-05,0.15660000000000002,0.15
grid,G1,800,10000,0.685,47.94,count_core,8,366.76,MEASURED,0,0.0,3,16,4.0,4.0,sMTJ-array-e2e,7.34675,0.08184345975414474,0.0002343043109396056,1.4693500000000002,8.212
grid,G1,800,10000,0.685,47.94,count_core,8,366.76,MEASURED,0,0.0,3,16,4.0,4.0,cmos-pbit,5.0,0.00996632486046575,0.00015946119776745197,1.0,1.0
grid,G1,800,10000,0.685,47.94,count_core,8,366.76,MEASURED,0,0.0,3,16,4.0,4.0,fpga-sbm,1000.0000000000001,0.000159461197767452,0.0318922395534904,200.00000000000006,0.016
grid,G1,800,10000,0.685,47.94,count_core,8,366.76,MEASURED,0,0.0,3,16,4.0,4.0,cpu-numba,3959460.399957606,4.509859270643103,126.27605957800687,791892.0799915212,452.50975999515504
grid,G1,800,10000,0.685,47.94,count_core,8,366.76,MEASURED,1,17.5824,3,16,4.0,4.0,sMTJ-array,18.365426459999995,0.0014949487290698623,0.000585714580164331,0.8132618738969648,0.15
grid,G1,800,10000,0.685,47.94,count_core,8,366.76,MEASURED,1,17.5824,3,16,4.0,4.0,sMTJ-array-e2e,24.929176459999997,0.08184345975414474,0.0007950472675335536,1.1039193022130185,8.212
grid,G1,800,10000,0.685,47.94,count_core,8,366.76,MEASURED,1,17.5824,3,16,4.0,4.0,cmos-pbit,22.582426459999994,0.00996632486046575,0.0007202041543613999,1.0,1.0
grid,G1,800,10000,0.685,47.94,count_core,8,366.76,MEASURED,1,17.5824,3,16,4.0,4.0,fpga-sbm,1000.0000000000001,0.000159461197767452,0.0318922395534904,44.282221034630155,0.016
grid,G1,800,10000,0.685,47.94,count_core,8,366.76,MEASURED,1,17.5824,3,16,4.0,4.0,cpu-numba,3959460.399957606,4.509859270643103,126.27605957800687,175333.7006087878,452.50975999515504
grid,G1,800,10000,0.685,47.94,count_core,8,366.76,MEASURED,0,0.0,3,16,4.0,10.0,sMTJ-array,0.783,0.0014949487290698623,2.4971623570382984e-05,0.15660000000000002,0.15
grid,G1,800,10000,0.685,47.94,count_core,8,366.76,MEASURED,0,0.0,3,16,4.0,10.0,sMTJ-array-e2e,7.371213613001154,0.08184345975414474,0.00023508451034578225,1.4742427226002308,8.212
grid,G1,800,10000,0.685,47.94,count_core,8,366.76,MEASURED,0,0.0,3,16,4.0,10.0,cmos-pbit,5.0,0.00996632486046575,0.00015946119776745197,1.0,1.0
grid,G1,800,10000,0.685,47.94,count_core,8,366.76,MEASURED,0,0.0,3,16,4.0,10.0,fpga-sbm,1000.0000000000001,0.000159461197767452,0.0318922395534904,200.00000000000006,0.016
grid,G1,800,10000,0.685,47.94,count_core,8,366.76,MEASURED,0,0.0,3,16,4.0,10.0,cpu-numba,3959460.399957606,4.509859270643103,126.27605957800687,791892.0799915212,452.50975999515504
grid,G1,800,10000,0.685,47.94,count_core,8,366.76,MEASURED,1,17.5824,3,16,4.0,10.0,sMTJ-array,18.365426459999995,0.0014949487290698623,0.000585714580164331,0.8132618738969648,0.15
grid,G1,800,10000,0.685,47.94,count_core,8,366.76,MEASURED,1,17.5824,3,16,4.0,10.0,sMTJ-array-e2e,24.953640073001147,0.08184345975414474,0.0007958274669397302,1.1050026053312412,8.212
grid,G1,800,10000,0.685,47.94,count_core,8,366.76,MEASURED,1,17.5824,3,16,4.0,10.0,cmos-pbit,22.582426459999994,0.00996632486046575,0.0007202041543613999,1.0,1.0
grid,G1,800,10000,0.685,47.94,count_core,8,366.76,MEASURED,1,17.5824,3,16,4.0,10.0,fpga-sbm,1000.0000000000001,0.000159461197767452,0.0318922395534904,44.282221034630155,0.016
grid,G1,800,10000,0.685,47.94,count_core,8,366.76,MEASURED,1,17.5824,3,16,4.0,10.0,cpu-numba,3959460.399957606,4.509859270643103,126.27605957800687,175333.7006087878,452.50975999515504
grid,G1,800,10000,0.685,47.94,count_core,8,366.76,MEASURED,0,0.0,3,16,16.0,4.0,sMTJ-array,0.783,0.0014949487290698623,2.4971623570382984e-05,0.15660000000000002,0.15
grid,G1,800,10000,0.685,47.94,count_core,8,366.76,MEASURED,0,0.0,3,16,16.0,4.0,sMTJ-array-e2e,5.5146875,0.29747486443518173,0.0001758757348126391,1.1029375000000001,29.848000000000003
grid,G1,800,10000,0.685,47.94,count_core,8,366.76,MEASURED,0,0.0,3,16,16.0,4.0,cmos-pbit,5.0,0.00996632486046575,0.00015946119776745197,1.0,1.0
grid,G1,800,10000,0.685,47.94,count_core,8,366.76,MEASURED,0,0.0,3,16,16.0,4.0,fpga-sbm,1000.0000000000001,0.000159461197767452,0.0318922395534904,200.00000000000006,0.016
grid,G1,800,10000,0.685,47.94,count_core,8,366.76,MEASURED,0,0.0,3,16,16.0,4.0,cpu-numba,3959460.399957606,4.509859270643103,126.27605957800687,791892.0799915212,452.50975999515504
grid,G1,800,10000,0.685,47.94,count_core,8,366.76,MEASURED,1,17.5824,3,16,16.0,4.0,sMTJ-array,18.365426459999995,0.0014949487290698623,0.000585714580164331,0.8132618738969648,0.15
grid,G1,800,10000,0.685,47.94,count_core,8,366.76,MEASURED,1,17.5824,3,16,16.0,4.0,sMTJ-array-e2e,23.097113959999994,0.29747486443518173,0.0007366186914065871,1.0227915056387615,29.848000000000003
grid,G1,800,10000,0.685,47.94,count_core,8,366.76,MEASURED,1,17.5824,3,16,16.0,4.0,cmos-pbit,22.582426459999994,0.00996632486046575,0.0007202041543613999,1.0,1.0
grid,G1,800,10000,0.685,47.94,count_core,8,366.76,MEASURED,1,17.5824,3,16,16.0,4.0,fpga-sbm,1000.0000000000001,0.000159461197767452,0.0318922395534904,44.282221034630155,0.016
grid,G1,800,10000,0.685,47.94,count_core,8,366.76,MEASURED,1,17.5824,3,16,16.0,4.0,cpu-numba,3959460.399957606,4.509859270643103,126.27605957800687,175333.7006087878,452.50975999515504
grid,G1,800,10000,0.685,47.94,count_core,8,366.76,MEASURED,0,0.0,3,16,16.0,10.0,sMTJ-array,0.783,0.0014949487290698623,2.4971623570382984e-05,0.15660000000000002,0.15
grid,G1,800,10000,0.685,47.94,count_core,8,366.76,MEASURED,0,0.0,3,16,16.0,10.0,sMTJ-array-e2e,5.520803403250287,0.29747486443518173,0.0001760707846641832,1.1041606806500575,29.848000000000003
grid,G1,800,10000,0.685,47.94,count_core,8,366.76,MEASURED,0,0.0,3,16,16.0,10.0,cmos-pbit,5.0,0.00996632486046575,0.00015946119776745197,1.0,1.0
grid,G1,800,10000,0.685,47.94,count_core,8,366.76,MEASURED,0,0.0,3,16,16.0,10.0,fpga-sbm,1000.0000000000001,0.000159461197767452,0.0318922395534904,200.00000000000006,0.016
grid,G1,800,10000,0.685,47.94,count_core,8,366.76,MEASURED,0,0.0,3,16,16.0,10.0,cpu-numba,3959460.399957606,4.509859270643103,126.27605957800687,791892.0799915212,452.50975999515504
grid,G1,800,10000,0.685,47.94,count_core,8,366.76,MEASURED,1,17.5824,3,16,16.0,10.0,sMTJ-array,18.365426459999995,0.0014949487290698623,0.000585714580164331,0.8132618738969648,0.15
grid,G1,800,10000,0.685,47.94,count_core,8,366.76,MEASURED,1,17.5824,3,16,16.0,10.0,sMTJ-array-e2e,23.10322986325028,0.29747486443518173,0.0007368137412581312,1.023062331418317,29.848000000000003
grid,G1,800,10000,0.685,47.94,count_core,8,366.76,MEASURED,1,17.5824,3,16,16.0,10.0,cmos-pbit,22.582426459999994,0.00996632486046575,0.0007202041543613999,1.0,1.0
grid,G1,800,10000,0.685,47.94,count_core,8,366.76,MEASURED,1,17.5824,3,16,16.0,10.0,fpga-sbm,1000.0000000000001,0.000159461197767452,0.0318922395534904,44.282221034630155,0.016
grid,G1,800,10000,0.685,47.94,count_core,8,366.76,MEASURED,1,17.5824,3,16,16.0,10.0,cpu-numba,3959460.399957606,4.509859270643103,126.27605957800687,175333.7006087878,452.50975999515504
grid,G1,800,10000,0.685,47.94,count_core,8,366.76,MEASURED,0,0.0,3,64,1.0,4.0,sMTJ-array,0.783,0.0003886866695581642,2.4971623570382984e-05,0.15660000000000002,0.15
grid,G1,800,10000,0.685,47.94,count_core,8,366.76,MEASURED,0,0.0,3,64,1.0,4.0,sMTJ-array-e2e,14.675,0.00726325823181023,0.0004680186154474716,2.935,2.8030000000000004
grid,G1,800,10000,0.685,47.94,count_core,8,366.76,MEASURED,0,0.0,3,64,1.0,4.0,cmos-pbit,5.0,0.002591244463721095,0.00015946119776745197,1.0,1.0
grid,G1,800,10000,0.685,47.94,count_core,8,366.76,MEASURED,0,0.0,3,64,1.0,4.0,fpga-sbm,1000.0000000000001,0.000159461197767452,0.0318922395534904,200.00000000000006,0.06153846153846154
grid,G1,800,10000,0.685,47.94,count_core,8,366.76,MEASURED,0,0.0,3,64,1.0,4.0,cpu-numba,3959460.399957606,4.509859270643103,126.27605957800687,791892.0799915212,1740.4221538275192
grid,G1,800,10000,0.685,47.94,count_core,8,366.76,MEASURED,1,17.5824,3,64,1.0,4.0,sMTJ-array,18.365426459999995,0.0003886866695581642,0.000585714580164331,0.8132618738969648,0.15
grid,G1,800,10000,0.685,47.94,count_core,8,366.76,MEASURED,1,17.5824,3,64,1.0,4.0,sMTJ-array-e2e,32.25742646,0.00726325823181023,0.0010287615720414197,1.428430488510047,2.8030000000000004
grid,G1,800,10000,0.685,47.94,count_core,8,366.76,MEASURED,1,17.5824,3,64,1.0,4.0,cmos-pbit,22.582426459999994,0.002591244463721095,0.0007202041543613999,1.0,1.0
grid,G1,800,10000,0.685,47.94,count_core,8,366.76,MEASURED,1,17.5824,3,64,1.0,4.0,fpga-sbm,1000.0000000000001,0.000159461197767452,0.0318922395534904,44.282221034630155,0.06153846153846154
grid,G1,800,10000,0.685,47.94,count_core,8,366.76,MEASURED,1,17.5824,3,64,1.0,4.0,cpu-numba,3959460.399957606,4.509859270643103,126.27605957800687,175333.7006087878,1740.4221538275192
grid,G1,800,10000,0.685,47.94,count_core,8,366.76,MEASURED,0,0.0,3,64,1.0,10.0,sMTJ-array,0.783,0.0003886866695581642,2.4971623570382984e-05,0.15660000000000002,0.15
grid,G1,800,10000,0.685,47.94,count_core,8,366.76,MEASURED,0,0.0,3,64,1.0,10.0,sMTJ-array-e2e,14.772854452004614,0.00726325823181023,0.0004711394130721782,2.9545708904009227,2.8030000000000004
grid,G1,800,10000,0.685,47.94,count_core,8,366.76,MEASURED,0,0.0,3,64,1.0,10.0,cmos-pbit,5.0,0.002591244463721095,0.00015946119776745197,1.0,1.0
grid,G1,800,10000,0.685,47.94,count_core,8,366.76,MEASURED,0,0.0,3,64,1.0,10.0,fpga-sbm,1000.0000000000001,0.000159461197767452,0.0318922395534904,200.00000000000006,0.06153846153846154
grid,G1,800,10000,0.685,47.94,count_core,8,366.76,MEASURED,0,0.0,3,64,1.0,10.0,cpu-numba,3959460.399957606,4.509859270643103,126.27605957800687,791892.0799915212,1740.4221538275192
grid,G1,800,10000,0.685,47.94,count_core,8,366.76,MEASURED,1,17.5824,3,64,1.0,10.0,sMTJ-array,18.365426459999995,0.0003886866695581642,0.000585714580164331,0.8132618738969648,0.15
grid,G1,800,10000,0.685,47.94,count_core,8,366.76,MEASURED,1,17.5824,3,64,1.0,10.0,sMTJ-array-e2e,32.3552809120046,0.00726325823181023,0.001031882369666126,1.4327637009829375,2.8030000000000004
grid,G1,800,10000,0.685,47.94,count_core,8,366.76,MEASURED,1,17.5824,3,64,1.0,10.0,cmos-pbit,22.582426459999994,0.002591244463721095,0.0007202041543613999,1.0,1.0
grid,G1,800,10000,0.685,47.94,count_core,8,366.76,MEASURED,1,17.5824,3,64,1.0,10.0,fpga-sbm,1000.0000000000001,0.000159461197767452,0.0318922395534904,44.282221034630155,0.06153846153846154
grid,G1,800,10000,0.685,47.94,count_core,8,366.76,MEASURED,1,17.5824,3,64,1.0,10.0,cpu-numba,3959460.399957606,4.509859270643103,126.27605957800687,175333.7006087878,1740.4221538275192
grid,G1,800,10000,0.685,47.94,count_core,8,366.76,MEASURED,0,0.0,3,64,4.0,4.0,sMTJ-array,0.783,0.0003886866695581642,2.4971623570382984e-05,0.15660000000000002,0.15
grid,G1,800,10000,0.685,47.94,count_core,8,366.76,MEASURED,0,0.0,3,64,4.0,4.0,sMTJ-array-e2e,7.34675,0.02127929953607763,0.0002343043109396056,1.4693500000000002,8.212
grid,G1,800,10000,0.685,47.94,count_core,8,366.76,MEASURED,0,0.0,3,64,4.0,4.0,cmos-pbit,5.0,0.002591244463721095,0.00015946119776745197,1.0,1.0
grid,G1,800,10000,0.685,47.94,count_core,8,366.76,MEASURED,0,0.0,3,64,4.0,4.0,fpga-sbm,1000.0000000000001,0.000159461197767452,0.0318922395534904,200.00000000000006,0.06153846153846154
grid,G1,800,10000,0.685,47.94,count_core,8,366.76,MEASURED,0,0.0,3,64,4.0,4.0,cpu-numba,3959460.399957606,4.509859270643103,126.27605957800687,791892.0799915212,1740.4221538275192
grid,G1,800,10000,0.685,47.94,count_core,8,366.76,MEASURED,1,17.5824,3,64,4.0,4.0,sMTJ-array,18.365426459999995,0.0003886866695581642,0.000585714580164331,0.8132618738969648,0.15
grid,G1,800,10000,0.685,47.94,count_core,8,366.76,MEASURED,1,17.5824,3,64,4.0,4.0,sMTJ-array-e2e,24.929176459999997,0.02127929953607763,0.0007950472675335536,1.1039193022130185,8.212
grid,G1,800,10000,0.685,47.94,count_core,8,366.76,MEASURED,1,17.5824,3,64,4.0,4.0,cmos-pbit,22.582426459999994,0.002591244463721095,0.0007202041543613999,1.0,1.0
grid,G1,800,10000,0.685,47.94,count_core,8,366.76,MEASURED,1,17.5824,3,64,4.0,4.0,fpga-sbm,1000.0000000000001,0.000159461197767452,0.0318922395534904,44.282221034630155,0.06153846153846154
grid,G1,800,10000,0.685,47.94,count_core,8,366.76,MEASURED,1,17.5824,3,64,4.0,4.0,cpu-numba,3959460.399957606,4.509859270643103,126.27605957800687,175333.7006087878,1740.4221538275192
grid,G1,800,10000,0.685,47.94,count_core,8,366.76,MEASURED,0,0.0,3,64,4.0,10.0,sMTJ-array,0.783,0.0003886866695581642,2.4971623570382984e-05,0.15660000000000002,0.15
grid,G1,800,10000,0.685,47.94,count_core,8,366.76,MEASURED,0,0.0,3,64,4.0,10.0,sMTJ-array-e2e,7.371213613001154,0.02127929953607763,0.00023508451034578225,1.4742427226002308,8.212
grid,G1,800,10000,0.685,47.94,count_core,8,366.76,MEASURED,0,0.0,3,64,4.0,10.0,cmos-pbit,5.0,0.002591244463721095,0.00015946119776745197,1.0,1.0
grid,G1,800,10000,0.685,47.94,count_core,8,366.76,MEASURED,0,0.0,3,64,4.0,10.0,fpga-sbm,1000.0000000000001,0.000159461197767452,0.0318922395534904,200.00000000000006,0.06153846153846154
grid,G1,800,10000,0.685,47.94,count_core,8,366.76,MEASURED,0,0.0,3,64,4.0,10.0,cpu-numba,3959460.399957606,4.509859270643103,126.27605957800687,791892.0799915212,1740.4221538275192
grid,G1,800,10000,0.685,47.94,count_core,8,366.76,MEASURED,1,17.5824,3,64,4.0,10.0,sMTJ-array,18.365426459999995,0.0003886866695581642,0.000585714580164331,0.8132618738969648,0.15
grid,G1,800,10000,0.685,47.94,count_core,8,366.76,MEASURED,1,17.5824,3,64,4.0,10.0,sMTJ-array-e2e,24.953640073001147,0.02127929953607763,0.0007958274669397302,1.1050026053312412,8.212
grid,G1,800,10000,0.685,47.94,count_core,8,366.76,MEASURED,1,17.5824,3,64,4.0,10.0,cmos-pbit,22.582426459999994,0.002591244463721095,0.0007202041543613999,1.0,1.0
grid,G1,800,10000,0.685,47.94,count_core,8,366.76,MEASURED,1,17.5824,3,64,4.0,10.0,fpga-sbm,1000.0000000000001,0.000159461197767452,0.0318922395534904,44.282221034630155,0.06153846153846154
grid,G1,800,10000,0.685,47.94,count_core,8,366.76,MEASURED,1,17.5824,3,64,4.0,10.0,cpu-numba,3959460.399957606,4.509859270643103,126.27605957800687,175333.7006087878,1740.4221538275192
grid,G1,800,10000,0.685,47.94,count_core,8,366.76,MEASURED,0,0.0,3,64,16.0,4.0,sMTJ-array,0.783,0.0003886866695581642,2.4971623570382984e-05,0.15660000000000002,0.15
grid,G1,800,10000,0.685,47.94,count_core,8,366.76,MEASURED,0,0.0,3,64,16.0,4.0,sMTJ-array-e2e,5.5146875,0.07734346475314725,0.0001758757348126391,1.1029375000000001,29.848000000000006
grid,G1,800,10000,0.685,47.94,count_core,8,366.76,MEASURED,0,0.0,3,64,16.0,4.0,cmos-pbit,5.0,0.002591244463721095,0.00015946119776745197,1.0,1.0
grid,G1,800,10000,0.685,47.94,count_core,8,366.76,MEASURED,0,0.0,3,64,16.0,4.0,fpga-sbm,1000.0000000000001,0.000159461197767452,0.0318922395534904,200.00000000000006,0.06153846153846154
grid,G1,800,10000,0.685,47.94,count_core,8,366.76,MEASURED,0,0.0,3,64,16.0,4.0,cpu-numba,3959460.399957606,4.509859270643103,126.27605957800687,791892.0799915212,1740.4221538275192
grid,G1,800,10000,0.685,47.94,count_core,8,366.76,MEASURED,1,17.5824,3,64,16.0,4.0,sMTJ-array,18.365426459999995,0.0003886866695581642,0.000585714580164331,0.8132618738969648,0.15
grid,G1,800,10000,0.685,47.94,count_core,8,366.76,MEASURED,1,17.5824,3,64,16.0,4.0,sMTJ-array-e2e,23.097113959999994,0.07734346475314725,0.0007366186914065871,1.0227915056387615,29.848000000000006
grid,G1,800,10000,0.685,47.94,count_core,8,366.76,MEASURED,1,17.5824,3,64,16.0,4.0,cmos-pbit,22.582426459999994,0.002591244463721095,0.0007202041543613999,1.0,1.0
grid,G1,800,10000,0.685,47.94,count_core,8,366.76,MEASURED,1,17.5824,3,64,16.0,4.0,fpga-sbm,1000.0000000000001,0.000159461197767452,0.0318922395534904,44.282221034630155,0.06153846153846154
grid,G1,800,10000,0.685,47.94,count_core,8,366.76,MEASURED,1,17.5824,3,64,16.0,4.0,cpu-numba,3959460.399957606,4.509859270643103,126.27605957800687,175333.7006087878,1740.4221538275192
grid,G1,800,10000,0.685,47.94,count_core,8,366.76,MEASURED,0,0.0,3,64,16.0,10.0,sMTJ-array,0.783,0.0003886866695581642,2.4971623570382984e-05,0.15660000000000002,0.15
grid,G1,800,10000,0.685,47.94,count_core,8,366.76,MEASURED,0,0.0,3,64,16.0,10.0,sMTJ-array-e2e,5.520803403250287,0.07734346475314725,0.0001760707846641832,1.1041606806500575,29.848000000000006
grid,G1,800,10000,0.685,47.94,count_core,8,366.76,MEASURED,0,0.0,3,64,16.0,10.0,cmos-pbit,5.0,0.002591244463721095,0.00015946119776745197,1.0,1.0
grid,G1,800,10000,0.685,47.94,count_core,8,366.76,MEASURED,0,0.0,3,64,16.0,10.0,fpga-sbm,1000.0000000000001,0.000159461197767452,0.0318922395534904,200.00000000000006,0.06153846153846154
grid,G1,800,10000,0.685,47.94,count_core,8,366.76,MEASURED,0,0.0,3,64,16.0,10.0,cpu-numba,3959460.399957606,4.509859270643103,126.27605957800687,791892.0799915212,1740.4221538275192
grid,G1,800,10000,0.685,47.94,count_core,8,366.76,MEASURED,1,17.5824,3,64,16.0,10.0,sMTJ-array,18.365426459999995,0.0003886866695581642,0.000585714580164331,0.8132618738969648,0.15
grid,G1,800,10000,0.685,47.94,count_core,8,366.76,MEASURED,1,17.5824,3,64,16.0,10.0,sMTJ-array-e2e,23.10322986325028,0.07734346475314725,0.0007368137412581312,1.023062331418317,29.848000000000006
grid,G1,800,10000,0.685,47.94,count_core,8,366.76,MEASURED,1,17.5824,3,64,16.0,10.0,cmos-pbit,22.582426459999994,0.002591244463721095,0.0007202041543613999,1.0,1.0
grid,G1,800,10000,0.685,47.94,count_core,8,366.76,MEASURED,1,17.5824,3,64,16.0,10.0,fpga-sbm,1000.0000000000001,0.000159461197767452,0.0318922395534904,44.282221034630155,0.06153846153846154
grid,G1,800,10000,0.685,47.94,count_core,8,366.76,MEASURED,1,17.5824,3,64,16.0,10.0,cpu-numba,3959460.399957606,4.509859270643103,126.27605957800687,175333.7006087878,1740.4221538275192
grid,G1,800,10000,0.685,47.94,count_core,8,366.76,MEASURED,0,0.0,3,256,1.0,4.0,sMTJ-array,0.783,0.00011959589832558899,2.4971623570382984e-05,0.15660000000000002,0.15
grid,G1,800,10000,0.685,47.94,count_core,8,366.76,MEASURED,0,0.0,3,256,1.0,4.0,sMTJ-array-e2e,14.675,0.00223484868671084,0.0004680186154474716,2.935,2.8030000000000004
grid,G1,800,10000,0.685,47.94,count_core,8,366.76,MEASURED,0,0.0,3,256,1.0,4.0,cmos-pbit,5.0,0.0007973059888372599,0.00015946119776745197,1.0,1.0
grid,G1,800,10000,0.685,47.94,count_core,8,366.76,MEASURED,0,0.0,3,256,1.0,4.0,fpga-sbm,1000.0000000000001,0.000159461197767452,0.0318922395534904,200.00000000000006,0.20000000000000004
grid,G1,800,10000,0.685,47.94,count_core,8,366.76,MEASURED,0,0.0,3,256,1.0,4.0,cpu-numba,3959460.399957606,4.509859270643103,126.27605957800687,791892.0799915212,5656.371999939438
grid,G1,800,10000,0.685,47.94,count_core,8,366.76,MEASURED,1,17.5824,3,256,1.0,4.0,sMTJ-array,18.365426459999995,0.00011959589832558899,0.000585714580164331,0.8132618738969648,0.15
grid,G1,800,10000,0.685,47.94,count_core,8,366.76,MEASURED,1,17.5824,3,256,1.0,4.0,sMTJ-array-e2e,32.25742646,0.00223484868671084,0.0010287615720414197,1.428430488510047,2.8030000000000004
grid,G1,800,10000,0.685,47.94,count_core,8,366.76,MEASURED,1,17.5824,3,256,1.0,4.0,cmos-pbit,22.582426459999994,0.0007973059888372599,0.0007202041543613999,1.0,1.0
grid,G1,800,10000,0.685,47.94,count_core,8,366.76,MEASURED,1,17.5824,3,256,1.0,4.0,fpga-sbm,1000.0000000000001,0.000159461197767452,0.0318922395534904,44.282221034630155,0.20000000000000004
grid,G1,800,10000,0.685,47.94,count_core,8,366.76,MEASURED,1,17.5824,3,256,1.0,4.0,cpu-numba,3959460.399957606,4.509859270643103,126.27605957800687,175333.7006087878,5656.371999939438
grid,G1,800,10000,0.685,47.94,count_core,8,366.76,MEASURED,0,0.0,3,256,1.0,10.0,sMTJ-array,0.783,0.00011959589832558899,2.4971623570382984e-05,0.15660000000000002,0.15
grid,G1,800,10000,0.685,47.94,count_core,8,366.76,MEASURED,0,0.0,3,256,1.0,10.0,sMTJ-array-e2e,14.772854452004614,0.00223484868671084,0.0004711394130721782,2.9545708904009227,2.8030000000000004
grid,G1,800,10000,0.685,47.94,count_core,8,366.76,MEASURED,0,0.0,3,256,1.0,10.0,cmos-pbit,5.0,0.0007973059888372599,0.00015946119776745197,1.0,1.0
grid,G1,800,10000,0.685,47.94,count_core,8,366.76,MEASURED,0,0.0,3,256,1.0,10.0,fpga-sbm,1000.0000000000001,0.000159461197767452,0.0318922395534904,200.00000000000006,0.20000000000000004
grid,G1,800,10000,0.685,47.94,count_core,8,366.76,MEASURED,0,0.0,3,256,1.0,10.0,cpu-numba,3959460.399957606,4.509859270643103,126.27605957800687,791892.0799915212,5656.371999939438
grid,G1,800,10000,0.685,47.94,count_core,8,366.76,MEASURED,1,17.5824,3,256,1.0,10.0,sMTJ-array,18.365426459999995,0.00011959589832558899,0.000585714580164331,0.8132618738969648,0.15
grid,G1,800,10000,0.685,47.94,count_core,8,366.76,MEASURED,1,17.5824,3,256,1.0,10.0,sMTJ-array-e2e,32.3552809120046,0.00223484868671084,0.001031882369666126,1.4327637009829375,2.8030000000000004
grid,G1,800,10000,0.685,47.94,count_core,8,366.76,MEASURED,1,17.5824,3,256,1.0,10.0,cmos-pbit,22.582426459999994,0.0007973059888372599,0.0007202041543613999,1.0,1.0
grid,G1,800,10000,0.685,47.94,count_core,8,366.76,MEASURED,1,17.5824,3,256,1.0,10.0,fpga-sbm,1000.0000000000001,0.000159461197767452,0.0318922395534904,44.282221034630155,0.20000000000000004
grid,G1,800,10000,0.685,47.94,count_core,8,366.76,MEASURED,1,17.5824,3,256,1.0,10.0,cpu-numba,3959460.399957606,4.509859270643103,126.27605957800687,175333.7006087878,5656.371999939438
grid,G1,800,10000,0.685,47.94,count_core,8,366.76,MEASURED,0,0.0,3,256,4.0,4.0,sMTJ-array,0.783,0.00011959589832558899,2.4971623570382984e-05,0.15660000000000002,0.15
grid,G1,800,10000,0.685,47.94,count_core,8,366.76,MEASURED,0,0.0,3,256,4.0,4.0,sMTJ-array-e2e,7.34675,0.00654747678033158,0.0002343043109396056,1.4693500000000002,8.212000000000002
grid,G1,800,10000,0.685,47.94,count_core,8,366.76,MEASURED,0,0.0,3,256,4.0,4.0,cmos-pbit,5.0,0.0007973059888372599,0.00015946119776745197,1.0,1.0
grid,G1,800,10000,0.685,47.94,count_core,8,366.76,MEASURED,0,0.0,3,256,4.0,4.0,fpga-sbm,1000.0000000000001,0.000159461197767452,0.0318922395534904,200.00000000000006,0.20000000000000004
grid,G1,800,10000,0.685,47.94,count_core,8,366.76,MEASURED,0,0.0,3,256,4.0,4.0,cpu-numba,3959460.399957606,4.509859270643103,126.27605957800687,791892.0799915212,5656.371999939438
grid,G1,800,10000,0.685,47.94,count_core,8,366.76,MEASURED,1,17.5824,3,256,4.0,4.0,sMTJ-array,18.365426459999995,0.00011959589832558899,0.000585714580164331,0.8132618738969648,0.15
grid,G1,800,10000,0.685,47.94,count_core,8,366.76,MEASURED,1,17.5824,3,256,4.0,4.0,sMTJ-array-e2e,24.929176459999997,0.00654747678033158,0.0007950472675335536,1.1039193022130185,8.212000000000002
grid,G1,800,10000,0.685,47.94,count_core,8,366.76,MEASURED,1,17.5824,3,256,4.0,4.0,cmos-pbit,22.582426459999994,0.0007973059888372599,0.0007202041543613999,1.0,1.0
grid,G1,800,10000,0.685,47.94,count_core,8,366.76,MEASURED,1,17.5824,3,256,4.0,4.0,fpga-sbm,1000.0000000000001,0.000159461197767452,0.0318922395534904,44.282221034630155,0.20000000000000004
grid,G1,800,10000,0.685,47.94,count_core,8,366.76,MEASURED,1,17.5824,3,256,4.0,4.0,cpu-numba,3959460.399957606,4.509859270643103,126.27605957800687,175333.7006087878,5656.371999939438
grid,G1,800,10000,0.685,47.94,count_core,8,366.76,MEASURED,0,0.0,3,256,4.0,10.0,sMTJ-array,0.783,0.00011959589832558899,2.4971623570382984e-05,0.15660000000000002,0.15
grid,G1,800,10000,0.685,47.94,count_core,8,366.76,MEASURED,0,0.0,3,256,4.0,10.0,sMTJ-array-e2e,7.371213613001154,0.00654747678033158,0.00023508451034578225,1.4742427226002308,8.212000000000002
grid,G1,800,10000,0.685,47.94,count_core,8,366.76,MEASURED,0,0.0,3,256,4.0,10.0,cmos-pbit,5.0,0.0007973059888372599,0.00015946119776745197,1.0,1.0
grid,G1,800,10000,0.685,47.94,count_core,8,366.76,MEASURED,0,0.0,3,256,4.0,10.0,fpga-sbm,1000.0000000000001,0.000159461197767452,0.0318922395534904,200.00000000000006,0.20000000000000004
grid,G1,800,10000,0.685,47.94,count_core,8,366.76,MEASURED,0,0.0,3,256,4.0,10.0,cpu-numba,3959460.399957606,4.509859270643103,126.27605957800687,791892.0799915212,5656.371999939438
grid,G1,800,10000,0.685,47.94,count_core,8,366.76,MEASURED,1,17.5824,3,256,4.0,10.0,sMTJ-array,18.365426459999995,0.00011959589832558899,0.000585714580164331,0.8132618738969648,0.15
grid,G1,800,10000,0.685,47.94,count_core,8,366.76,MEASURED,1,17.5824,3,256,4.0,10.0,sMTJ-array-e2e,24.953640073001147,0.00654747678033158,0.0007958274669397302,1.1050026053312412,8.212000000000002
grid,G1,800,10000,0.685,47.94,count_core,8,366.76,MEASURED,1,17.5824,3,256,4.0,10.0,cmos-pbit,22.582426459999994,0.0007973059888372599,0.0007202041543613999,1.0,1.0
grid,G1,800,10000,0.685,47.94,count_core,8,366.76,MEASURED,1,17.5824,3,256,4.0,10.0,fpga-sbm,1000.0000000000001,0.000159461197767452,0.0318922395534904,44.282221034630155,0.20000000000000004
grid,G1,800,10000,0.685,47.94,count_core,8,366.76,MEASURED,1,17.5824,3,256,4.0,10.0,cpu-numba,3959460.399957606,4.509859270643103,126.27605957800687,175333.7006087878,5656.371999939438
grid,G1,800,10000,0.685,47.94,count_core,8,366.76,MEASURED,0,0.0,3,256,16.0,4.0,sMTJ-array,0.783,0.00011959589832558899,2.4971623570382984e-05,0.15660000000000002,0.15
grid,G1,800,10000,0.685,47.94,count_core,8,366.76,MEASURED,0,0.0,3,256,16.0,4.0,sMTJ-array-e2e,5.5146875,0.023797989154814538,0.0001758757348126391,1.1029375000000001,29.848000000000006
grid,G1,800,10000,0.685,47.94,count_core,8,366.76,MEASURED,0,0.0,3,256,16.0,4.0,cmos-pbit,5.0,0.0007973059888372599,0.00015946119776745197,1.0,1.0
grid,G1,800,10000,0.685,47.94,count_core,8,366.76,MEASURED,0,0.0,3,256,16.0,4.0,fpga-sbm,1000.0000000000001,0.000159461197767452,0.0318922395534904,200.00000000000006,0.20000000000000004
grid,G1,800,10000,0.685,47.94,count_core,8,366.76,MEASURED,0,0.0,3,256,16.0,4.0,cpu-numba,3959460.399957606,4.509859270643103,126.27605957800687,791892.0799915212,5656.371999939438
grid,G1,800,10000,0.685,47.94,count_core,8,366.76,MEASURED,1,17.5824,3,256,16.0,4.0,sMTJ-array,18.365426459999995,0.00011959589832558899,0.000585714580164331,0.8132618738969648,0.15
grid,G1,800,10000,0.685,47.94,count_core,8,366.76,MEASURED,1,17.5824,3,256,16.0,4.0,sMTJ-array-e2e,23.097113959999994,0.023797989154814538,0.0007366186914065871,1.0227915056387615,29.848000000000006
grid,G1,800,10000,0.685,47.94,count_core,8,366.76,MEASURED,1,17.5824,3,256,16.0,4.0,cmos-pbit,22.582426459999994,0.0007973059888372599,0.0007202041543613999,1.0,1.0
grid,G1,800,10000,0.685,47.94,count_core,8,366.76,MEASURED,1,17.5824,3,256,16.0,4.0,fpga-sbm,1000.0000000000001,0.000159461197767452,0.0318922395534904,44.282221034630155,0.20000000000000004
grid,G1,800,10000,0.685,47.94,count_core,8,366.76,MEASURED,1,17.5824,3,256,16.0,4.0,cpu-numba,3959460.399957606,4.509859270643103,126.27605957800687,175333.7006087878,5656.371999939438
grid,G1,800,10000,0.685,47.94,count_core,8,366.76,MEASURED,0,0.0,3,256,16.0,10.0,sMTJ-array,0.783,0.00011959589832558899,2.4971623570382984e-05,0.15660000000000002,0.15
grid,G1,800,10000,0.685,47.94,count_core,8,366.76,MEASURED,0,0.0,3,256,16.0,10.0,sMTJ-array-e2e,5.520803403250287,0.023797989154814538,0.0001760707846641832,1.1041606806500575,29.848000000000006
grid,G1,800,10000,0.685,47.94,count_core,8,366.76,MEASURED,0,0.0,3,256,16.0,10.0,cmos-pbit,5.0,0.0007973059888372599,0.00015946119776745197,1.0,1.0
grid,G1,800,10000,0.685,47.94,count_core,8,366.76,MEASURED,0,0.0,3,256,16.0,10.0,fpga-sbm,1000.0000000000001,0.000159461197767452,0.0318922395534904,200.00000000000006,0.20000000000000004
grid,G1,800,10000,0.685,47.94,count_core,8,366.76,MEASURED,0,0.0,3,256,16.0,10.0,cpu-numba,3959460.399957606,4.509859270643103,126.27605957800687,791892.0799915212,5656.371999939438
grid,G1,800,10000,0.685,47.94,count_core,8,366.76,MEASURED,1,17.5824,3,256,16.0,10.0,sMTJ-array,18.365426459999995,0.00011959589832558899,0.000585714580164331,0.8132618738969648,0.15
grid,G1,800,10000,0.685,47.94,count_core,8,366.76,MEASURED,1,17.5824,3,256,16.0,10.0,sMTJ-array-e2e,23.10322986325028,0.023797989154814538,0.0007368137412581312,1.023062331418317,29.848000000000006
grid,G1,800,10000,0.685,47.94,count_core,8,366.76,MEASURED,1,17.5824,3,256,16.0,10.0,cmos-pbit,22.582426459999994,0.0007973059888372599,0.0007202041543613999,1.0,1.0
grid,G1,800,10000,0.685,47.94,count_core,8,366.76,MEASURED,1,17.5824,3,256,16.0,10.0,fpga-sbm,1000.0000000000001,0.000159461197767452,0.0318922395534904,44.282221034630155,0.20000000000000004
grid,G1,800,10000,0.685,47.94,count_core,8,366.76,MEASURED,1,17.5824,3,256,16.0,10.0,cpu-numba,3959460.399957606,4.509859270643103,126.27605957800687,175333.7006087878,5656.371999939438
grid,G22,2000,10000,0.02,19.99,count_core,8,366.76,MEASURED,0,0.0,1,16,1.0,4.0,sMTJ-array,0.783,0.2137014104847176,0.0035696683607367224,0.1566,0.15
grid,G22,2000,10000,0.02,19.99,count_core,8,366.76,MEASURED,0,0.0,1,16,1.0,4.0,sMTJ-array-e2e,7.3,3.4234965959651764,0.03328043299282002,1.46,2.4030000000000005
grid,G22,2000,10000,0.02,19.99,count_core,8,366.76,MEASURED,0,0.0,1,16,1.0,4.0,cmos-pbit,5.0,1.4246760698981173,0.02279481711836988,1.0,1.0
grid,G22,2000,10000,0.02,19.99,count_core,8,366.76,MEASURED,0,0.0,1,16,1.0,4.0,fpga-sbm,1000.0000000000001,0.0182358536946959,4.558963423673976,200.00000000000003,0.012799999999999999
grid,G22,2000,10000,0.02,19.99,count_core,8,366.76,MEASURED,0,0.0,1,16,1.0,4.0,cpu-numba,3959460.399957606,644.6798264604378,18051.035140892258,791892.0799915213,452.50975999515504
grid,G22,2000,10000,0.02,19.99,count_core,8,366.76,MEASURED,1,7.3315,1,16,1.0,4.0,sMTJ-array,8.114512409999998,0.2137014104847176,0.03699376527813855,0.6580305918858497,0.15
grid,G22,2000,10000,0.02,19.99,count_core,8,366.76,MEASURED,1,7.3315,1,16,1.0,4.0,sMTJ-array-e2e,14.63151241,3.4234965959651764,0.06670452991022185,1.1865140238706537,2.4030000000000005
grid,G22,2000,10000,0.02,19.99,count_core,8,366.76,MEASURED,1,7.3315,1,16,1.0,4.0,cmos-pbit,12.331512409999998,1.4246760698981173,0.0562189140357717,1.0,1.0
grid,G22,2000,10000,0.02,19.99,count_core,8,366.76,MEASURED,1,7.3315,1,16,1.0,4.0,fpga-sbm,1000.0000000000001,0.0182358536946959,4.558963423673976,81.09305385680591,0.012799999999999999
grid,G22,2000,10000,0.02,19.99,count_core,8,366.76,MEASURED,1,7.3315,1,16,1.0,4.0,cpu-numba,3959460.399957606,644.6798264604378,18051.035140892258,321084.7354576524,452.50975999515504
grid,G22,2000,10000,0.02,19.99,count_core,8,366.76,MEASURED,0,0.0,1,16,1.0,10.0,sMTJ-array,0.783,0.2137014104847176,0.0035696683607367224,0.1566,0.15
grid,G22,2000,10000,0.02,19.99,count_core,8,366.76,MEASURED,0,0.0,1,16,1.0,10.0,sMTJ-array-e2e,7.348932233394181,3.4234965959651764,0.03350351325510277,1.4697864466788362,2.4030000000000005
grid,G22,2000,10000,0.02,19.99,count_core,8,366.76,MEASURED,0,0.0,1,16,1.0,10.0,cmos-pbit,5.0,1.4246760698981173,0.02279481711836988,1.0,1.0
grid,G22,2000,10000,0.02,19.99,count_core,8,366.76,MEASURED,0,0.0,1,16,1.0,10.0,fpga-sbm,1000.0000000000001,0.0182358536946959,4.558963423673976,200.00000000000003,0.012799999999999999
grid,G22,2000,10000,0.02,19.99,count_core,8,366.76,MEASURED,0,0.0,1,16,1.0,10.0,cpu-numba,3959460.399957606,644.6798264604378,18051.035140892258,791892.0799915213,452.50975999515504
grid,G22,2000,10000,0.02,19.99,count_core,8,366.76,MEASURED,1,7.3315,1,16,1.0,10.0,sMTJ-array,8.114512409999998,0.2137014104847176,0.03699376527813855,0.6580305918858497,0.15
grid,G22,2000,10000,0.02,19.99,count_core,8,366.76,MEASURED,1,7.3315,1,16,1.0,10.0,sMTJ-array-e2e,14.680444643394178,3.4234965959651764,0.06692761017250459,1.1904820881086218,2.4030000000000005
grid,G22,2000,10000,0.02,19.99,count_core,8,366.76,MEASURED,1,7.3315,1,16,1.0,10.0,cmos-pbit,12.331512409999998,1.4246760698981173,0.0562189140357717,1.0,1.0
grid,G22,2000,10000,0.02,19.99,count_core,8,366.76,MEASURED,1,7.3315,1,16,1.0,10.0,fpga-sbm,1000.0000000000001,0.0182358536946959,4.558963423673976,81.09305385680591,0.012799999999999999
grid,G22,2000,10000,0.02,19.99,count_core,8,366.76,MEASURED,1,7.3315,1,16,1.0,10.0,cpu-numba,3959460.399957606,644.6798264604378,18051.035140892258,321084.7354576524,452.50975999515504
grid,G22,2000,10000,0.02,19.99,count_core,8,366.76,MEASURED,0,0.0,1,16,4.0,4.0,sMTJ-array,0.783,0.2137014104847176,0.0035696683607367224,0.1566,0.15
grid,G22,2000,10000,0.02,19.99,count_core,8,366.76,MEASURED,0,0.0,1,16,4.0,4.0,sMTJ-array-e2e,3.6354999999999995,11.129569458044095,0.016574111526766737,0.7271,7.812000000000002
grid,G22,2000,10000,0.02,19.99,count_core,8,366.76,MEASURED,0,0.0,1,16,4.0,4.0,cmos-pbit,5.0,1.4246760698981173,0.02279481711836988,1.0,1.0
grid,G22,2000,10000,0.02,19.99,count_core,8,366.76,MEASURED,0,0.0,1,16,4.0,4.0,fpga-sbm,1000.0000000000001,0.0182358536946959,4.558963423673976,200.00000000000003,0.012799999999999999
grid,G22,2000,10000,0.02,19.99,count_core,8,366.76,MEASURED,0,0.0,1,16,4.0,4.0,cpu-numba,3959460.399957606,644.6798264604378,18051.035140892258,791892.0799915213,452.50975999515504
grid,G22,2000,10000,0.02,19.99,count_core,8,366.76,MEASURED,1,7.3315,1,16,4.0,4.0,sMTJ-array,8.114512409999998,0.2137014104847176,0.03699376527813855,0.6580305918858497,0.15
grid,G22,2000,10000,0.02,19.99,count_core,8,366.76,MEASURED,1,7.3315,1,16,4.0,4.0,sMTJ-array-e2e,10.967012409999999,11.129569458044095,0.049998208444168565,0.8893485280123884,7.812000000000002
grid,G22,2000,10000,0.02,19.99,count_core,8,366.76,MEASURED,1,7.3315,1,16,4.0,4.0,cmos-pbit,12.331512409999998,1.4246760698981173,0.0562189140357717,1.0,1.0
grid,G22,2000,10000,0.02,19.99,count_core,8,366.76,MEASURED,1,7.3315,1,16,4.0,4.0,fpga-sbm,1000.0000000000001,0.0182358536946959,4.558963423673976,81.09305385680591,0.012799999999999999
grid,G22,2000,10000,0.02,19.99,count_core,8,366.76,MEASURED,1,7.3315,1,16,4.0,4.0,cpu-numba,3959460.399957606,644.6798264604378,18051.035140892258,321084.7354576524,452.50975999515504
grid,G22,2000,10000,0.02,19.99,count_core,8,366.76,MEASURED,0,0.0,1,16,4.0,10.0,sMTJ-array,0.783,0.2137014104847176,0.0035696683607367224,0.1566,0.15
grid,G22,2000,10000,0.02,19.99,count_core,8,366.76,MEASURED,0,0.0,1,16,4.0,10.0,sMTJ-array-e2e,3.6477330583485448,11.129569458044095,0.01662988159233742,0.7295466116697088,7.812000000000002
grid,G22,2000,10000,0.02,19.99,count_core,8,366.76,MEASURED,0,0.0,1,16,4.0,10.0,cmos-pbit,5.0,1.4246760698981173,0.02279481711836988,1.0,1.0
grid,G22,2000,10000,0.02,19.99,count_core,8,366.76,MEASURED,0,0.0,1,16,4.0,10.0,fpga-sbm,1000.0000000000001,0.0182358536946959,4.558963423673976,200.00000000000003,0.012799999999999999
grid,G22,2000,10000,0.02,19.99,count_core,8,366.76,MEASURED,0,0.0,1,16,4.0,10.0,cpu-numba,3959460.399957606,644.6798264604378,18051.035140892258,791892.0799915213,452.50975999515504
grid,G22,2000,10000,0.02,19.99,count_core,8,366.76,MEASURED,1,7.3315,1,16,4.0,10.0,sMTJ-array,8.114512409999998,0.2137014104847176,0.03699376527813855,0.6580305918858497,0.15
grid,G22,2000,10000,0.02,19.99,count_core,8,366.76,MEASURED,1,7.3315,1,16,4.0,10.0,sMTJ-array-e2e,10.979245468348545,11.129569458044095,0.05005397850973926,0.8903405440718806,7.812000000000002
grid,G22,2000,10000,0.02,19.99,count_core,8,366.76,MEASURED,1,7.3315,1,16,4.0,10.0,cmos-pbit,12.331512409999998,1.4246760698981173,0.0562189140357717,1.0,1.0
grid,G22,2000,10000,0.02,19.99,count_core,8,366.76,MEASURED,1,7.3315,1,16,4.0,10.0,fpga-sbm,1000.0000000000001,0.0182358536946959,4.558963423673976,81.09305385680591,0.012799999999999999
grid,G22,2000,10000,0.02,19.99,count_core,8,366.76,MEASURED,1,7.3315,1,16,4.0,10.0,cpu-numba,3959460.399957606,644.6798264604378,18051.035140892258,321084.7354576524,452.50975999515504
grid,G22,2000,10000,0.02,19.99,count_core,8,366.76,MEASURED,0,0.0,1,16,16.0,4.0,sMTJ-array,0.783,0.2137014104847176,0.0035696683607367224,0.1566,0.15
grid,G22,2000,10000,0.02,19.99,count_core,8,366.76,MEASURED,0,0.0,1,16,16.0,4.0,sMTJ-array-e2e,2.719374999999999,41.95386090635976,0.012397531160253413,0.5438749999999998,29.447999999999997
grid,G22,2000,10000,0.02,19.99,count_core,8,366.76,MEASURED,0,0.0,1,16,16.0,4.0,cmos-pbit,5.0,1.4246760698981173,0.02279481711836988,1.0,1.0
grid,G22,2000,10000,0.02,19.99,count_core,8,366.76,MEASURED,0,0.0,1,16,16.0,4.0,fpga-sbm,1000.0000000000001,0.0182358536946959,4.558963423673976,200.00000000000003,0.012799999999999999
grid,G22,2000,10000,0.02,19.99,count_core,8,366.76,MEASURED,0,0.0,1,16,16.0,4.0,cpu-numba,3959460.399957606,644.6798264604378,18051.035140892258,791892.0799915213,452.50975999515504
grid,G22,2000,10000,0.02,19.99,count_core,8,366.76,MEASURED,1,7.3315,1,16,16.0,4.0,sMTJ-array,8.114512409999998,0.2137014104847176,0.03699376527813855,0.6580305918858497,0.15
grid,G22,2000,10000,0.02,19.99,count_core,8,366.76,MEASURED,1,7.3315,1,16,16.0,4.0,sMTJ-array-e2e,10.050887409999998,41.95386090635976,0.045821628077655246,0.8150571540478222,29.447999999999997
grid,G22,2000,10000,0.02,19.99,count_core,8,366.76,MEASURED,1,7.3315,1,16,16.0,4.0,cmos-pbit,12.331512409999998,1.4246760698981173,0.0562189140357717,1.0,1.0
grid,G22,2000,10000,0.02,19.99,count_core,8,366.76,MEASURED,1,7.3315,1,16,16.0,4.0,fpga-sbm,1000.0000000000001,0.0182358536946959,4.558963423673976,81.09305385680591,0.012799999999999999
grid,G22,2000,10000,0.02,19.99,count_core,8,366.76,MEASURED,1,7.3315,1,16,16.0,4.0,cpu-numba,3959460.399957606,644.6798264604378,18051.035140892258,321084.7354576524,452.50975999515504
grid,G22,2000,10000,0.02,19.99,count_core,8,366.76,MEASURED,0,0.0,1,16,16.0,10.0,sMTJ-array,0.783,0.2137014104847176,0.0035696683607367224,0.1566,0.15
grid,G22,2000,10000,0.02,19.99,count_core,8,366.76,MEASURED,0,0.0,1,16,16.0,10.0,sMTJ-array-e2e,2.722433264587136,41.95386090635976,0.012411473676646087,0.5444866529174271,29.447999999999997
grid,G22,2000,10000,0.02,19.99,count_core,8,366.76,MEASURED,0,0.0,1,16,16.0,10.0,cmos-pbit,5.0,1.4246760698981173,0.02279481711836988,1.0,1.0
grid,G22,2000,10000,0.02,19.99,count_core,8,366.76,MEASURED,0,0.0,1,16,16.0,10.0,fpga-sbm,1000.0000000000001,0.0182358536946959,4.558963423673976,200.00000000000003,0.012799999999999999
grid,G22,2000,10000,0.02,19.99,count_core,8,366.76,MEASURED,0,0.0,1,16,16.0,10.0,cpu-numba,3959460.399957606,644.6798264604378,18051.035140892258,791892.0799915213,452.50975999515504
grid,G22,2000,10000,0.02,19.99,count_core,8,366.76,MEASURED,1,7.3315,1,16,16.0,10.0,sMTJ-array,8.114512409999998,0.2137014104847176,0.03699376527813855,0.6580305918858497,0.15
grid,G22,2000,10000,0.02,19.99,count_core,8,366.76,MEASURED,1,7.3315,1,16,16.0,10.0,sMTJ-array-e2e,10.053945674587133,41.95386090635976,0.04583557059404792,0.8153051580626952,29.447999999999997
grid,G22,2000,10000,0.02,19.99,count_core,8,366.76,MEASURED,1,7.3315,1,16,16.0,10.0,cmos-pbit,12.331512409999998,1.4246760698981173,0.0562189140357717,1.0,1.0
grid,G22,2000,10000,0.02,19.99,count_core,8,366.76,MEASURED,1,7.3315,1,16,16.0,10.0,fpga-sbm,1000.0000000000001,0.0182358536946959,4.558963423673976,81.09305385680591,0.012799999999999999
grid,G22,2000,10000,0.02,19.99,count_core,8,366.76,MEASURED,1,7.3315,1,16,16.0,10.0,cpu-numba,3959460.399957606,644.6798264604378,18051.035140892258,321084.7354576524,452.50975999515504
grid,G22,2000,10000,0.02,19.99,count_core,8,366.76,MEASURED,0,0.0,1,64,1.0,4.0,sMTJ-array,0.783,0.054707561084087704,0.0035696683607367224,0.1566,0.15
grid,G22,2000,10000,0.02,19.99,count_core,8,366.76,MEASURED,0,0.0,1,64,1.0,4.0,sMTJ-array-e2e,7.3,0.8764151285670851,0.03328043299282002,1.46,2.403
grid,G22,2000,10000,0.02,19.99,count_core,8,366.76,MEASURED,0,0.0,1,64,1.0,4.0,cmos-pbit,5.0,0.36471707389391805,0.02279481711836988,1.0,1.0
grid,G22,2000,10000,0.02,19.99,count_core,8,366.76,MEASURED,0,0.0,1,64,1.0,4.0,fpga-sbm,1000.0000000000001,0.0182358536946959,4.558963423673976,200.00000000000003,0.049999999999999996
grid,G22,2000,10000,0.02,19.99,count_core,8,366.76,MEASURED,0,0.0,1,64,1.0,4.0,cpu-numba,3959460.399957606,644.6798264604378,18051.035140892258,791892.0799915213,1767.6162499810741
grid,G22,2000,10000,0.02,19.99,count_core,8,366.76,MEASURED,1,7.3315,1,64,1.0,4.0,sMTJ-array,8.114512409999998,0.054707561084087704,0.03699376527813855,0.6580305918858497,0.15
grid,G22,2000,10000,0.02,19.99,count_core,8,366.76,MEASURED,1,7.3315,1,64,1.0,4.0,sMTJ-array-e2e,14.63151241,0.8764151285670851,0.06670452991022185,1.1865140238706537,2.403
grid,G22,2000,10000,0.02,19.99,count_core,8,366.76,MEASURED,1,7.3315,1,64,1.0,4.0,cmos-pbit,12.331512409999998,0.36471707389391805,0.0562189140357717,1.0,1.0
grid,G22,2000,10000,0.02,19.99,count_core,8,366.76,MEASURED,1,7.3315,1,64,1.0,4.0,fpga-sbm,1000.0000000000001,0.0182358536946959,4.558963423673976,81.09305385680591,0.049999999999999996
grid,G22,2000,10000,0.02,19.99,count_core,8,366.76,MEASURED,1,7.3315,1,64,1.0,4.0,cpu-numba,3959460.399957606,644.6798264604378,18051.035140892258,321084.7354576524,1767.6162499810741
grid,G22,2000,10000,0.02,19.99,count_core,8,366.76,MEASURED,0,0.0,1,64,1.0,10.0,sMTJ-array,0.783,0.054707561084087704,0.0035696683607367224,0.1566,0.15
grid,G22,2000,10000,0.02,19.99,count_core,8,366.76,MEASURED,0,0.0,1,64,1.0,10.0,sMTJ-array-e2e,7.348932233394181,0.8764151285670851,0.03350351325510277,1.4697864466788362,2.403
grid,G22,2000,10000,0.02,19.99,count_core,8,366.76,MEASURED,0,0.0,1,64,1.0,10.0,cmos-pbit,5.0,0.36471707389391805,0.02279481711836988,1.0,1.0
grid,G22,2000,10000,0.02,19.99,count_core,8,366.76,MEASURED,0,0.0,1,64,1.0,10.0,fpga-sbm,1000.0000000000001,0.0182358536946959,4.558963423673976,200.00000000000003,0.049999999999999996
grid,G22,2000,10000,0.02,19.99,count_core,8,366.76,MEASURED,0,0.0,1,64,1.0,10.0,cpu-numba,3959460.399957606,644.6798264604378,18051.035140892258,791892.0799915213,1767.6162499810741
grid,G22,2000,10000,0.02,19.99,count_core,8,366.76,MEASURED,1,7.3315,1,64,1.0,10.0,sMTJ-array,8.114512409999998,0.054707561084087704,0.03699376527813855,0.6580305918858497,0.15
grid,G22,2000,10000,0.02,19.99,count_core,8,366.76,MEASURED,1,7.3315,1,64,1.0,10.0,sMTJ-array-e2e,14.680444643394178,0.8764151285670851,0.06692761017250459,1.1904820881086218,2.403
grid,G22,2000,10000,0.02,19.99,count_core,8,366.76,MEASURED,1,7.3315,1,64,1.0,10.0,cmos-pbit,12.331512409999998,0.36471707389391805,0.0562189140357717,1.0,1.0
grid,G22,2000,10000,0.02,19.99,count_core,8,366.76,MEASURED,1,7.3315,1,64,1.0,10.0,fpga-sbm,1000.0000000000001,0.0182358536946959,4.558963423673976,81.09305385680591,0.049999999999999996
grid,G22,2000,10000,0.02,19.99,count_core,8,366.76,MEASURED,1,7.3315,1,64,1.0,10.0,cpu-numba,3959460.399957606,644.6798264604378,18051.035140892258,321084.7354576524,1767.6162499810741
grid,G22,2000,10000,0.02,19.99,count_core,8,366.76,MEASURED,0,0.0,1,64,4.0,4.0,sMTJ-array,0.783,0.054707561084087704,0.0035696683607367224,0.1566,0.15
grid,G22,2000,10000,0.02,19.99,count_core,8,366.76,MEASURED,0,0.0,1,64,4.0,4.0,sMTJ-array-e2e,3.6354999999999995,2.849169781259288,0.016574111526766737,0.7271,7.812000000000001
grid,G22,2000,10000,0.02,19.99,count_core,8,366.76,MEASURED,0,0.0,1,64,4.0,4.0,cmos-pbit,5.0,0.36471707389391805,0.02279481711836988,1.0,1.0
grid,G22,2000,10000,0.02,19.99,count_core,8,366.76,MEASURED,0,0.0,1,64,4.0,4.0,fpga-sbm,1000.0000000000001,0.0182358536946959,4.558963423673976,200.00000000000003,0.049999999999999996
grid,G22,2000,10000,0.02,19.99,count_core,8,366.76,MEASURED,0,0.0,1,64,4.0,4.0,cpu-numba,3959460.399957606,644.6798264604378,18051.035140892258,791892.0799915213,1767.6162499810741
grid,G22,2000,10000,0.02,19.99,count_core,8,366.76,MEASURED,1,7.3315,1,64,4.0,4.0,sMTJ-array,8.114512409999998,0.054707561084087704,0.03699376527813855,0.6580305918858497,0.15
grid,G22,2000,10000,0.02,19.99,count_core,8,366.76,MEASURED,1,7.3315,1,64,4.0,4.0,sMTJ-array-e2e,10.967012409999999,2.849169781259288,0.049998208444168565,0.8893485280123884,7.812000000000001
grid,G22,2000,10000,0.02,19.99,count_core,8,366.76,MEASURED,1,7.3315,1,64,4.0,4.0,cmos-pbit,12.331512409999998,0.36471707389391805,0.0562189140357717,1.0,1.0
grid,G22,2000,10000,0.02,19.99,count_core,8,366.76,MEASURED,1,7.3315,1,64,4.0,4.0,fpga-sbm,1000.0000000000001,0.0182358536946959,4.558963423673976,81.09305385680591,0.049999999999999996
grid,G22,2000,10000,0.02,19.99,count_core,8,366.76,MEASURED,1,7.3315,1,64,4.0,4.0,cpu-numba,3959460.399957606,644.6798264604378,18051.035140892258,321084.7354576524,1767.6162499810741
grid,G22,2000,10000,0.02,19.99,count_core,8,366.76,MEASURED,0,0.0,1,64,4.0,10.0,sMTJ-array,0.783,0.054707561084087704,0.0035696683607367224,0.1566,0.15
grid,G22,2000,10000,0.02,19.99,count_core,8,366.76,MEASURED,0,0.0,1,64,4.0,10.0,sMTJ-array-e2e,3.6477330583485448,2.849169781259288,0.01662988159233742,0.7295466116697088,7.812000000000001
grid,G22,2000,10000,0.02,19.99,count_core,8,366.76,MEASURED,0,0.0,1,64,4.0,10.0,cmos-pbit,5.0,0.36471707389391805,0.02279481711836988,1.0,1.0
grid,G22,2000,10000,0.02,19.99,count_core,8,366.76,MEASURED,0,0.0,1,64,4.0,10.0,fpga-sbm,1000.0000000000001,0.0182358536946959,4.558963423673976,200.00000000000003,0.049999999999999996
grid,G22,2000,10000,0.02,19.99,count_core,8,366.76,MEASURED,0,0.0,1,64,4.0,10.0,cpu-numba,3959460.399957606,644.6798264604378,18051.035140892258,791892.0799915213,1767.6162499810741
grid,G22,2000,10000,0.02,19.99,count_core,8,366.76,MEASURED,1,7.3315,1,64,4.0,10.0,sMTJ-array,8.114512409999998,0.054707561084087704,0.03699376527813855,0.6580305918858497,0.15
grid,G22,2000,10000,0.02,19.99,count_core,8,366.76,MEASURED,1,7.3315,1,64,4.0,10.0,sMTJ-array-e2e,10.979245468348545,2.849169781259288,0.05005397850973926,0.8903405440718806,7.812000000000001
grid,G22,2000,10000,0.02,19.99,count_core,8,366.76,MEASURED,1,7.3315,1,64,4.0,10.0,cmos-pbit,12.331512409999998,0.36471707389391805,0.0562189140357717,1.0,1.0
grid,G22,2000,10000,0.02,19.99,count_core,8,366.76,MEASURED,1,7.3315,1,64,4.0,10.0,fpga-sbm,1000.0000000000001,0.0182358536946959,4.558963423673976,81.09305385680591,0.049999999999999996
grid,G22,2000,10000,0.02,19.99,count_core,8,366.76,MEASURED,1,7.3315,1,64,4.0,10.0,cpu-numba,3959460.399957606,644.6798264604378,18051.035140892258,321084.7354576524,1767.6162499810741
grid,G22,2000,10000,0.02,19.99,count_core,8,366.76,MEASURED,0,0.0,1,64,16.0,4.0,sMTJ-array,0.783,0.054707561084087704,0.0035696683607367224,0.1566,0.15
grid,G22,2000,10000,0.02,19.99,count_core,8,366.76,MEASURED,0,0.0,1,64,16.0,4.0,sMTJ-array-e2e,2.719374999999999,10.740188392028099,0.012397531160253413,0.5438749999999998,29.448
grid,G22,2000,10000,0.02,19.99,count_core,8,366.76,MEASURED,0,0.0,1,64,16.0,4.0,cmos-pbit,5.0,0.36471707389391805,0.02279481711836988,1.0,1.0
grid,G22,2000,10000,0.02,19.99,count_core,8,366.76,MEASURED,0,0.0,1,64,16.0,4.0,fpga-sbm,1000.0000000000001,0.0182358536946959,4.558963423673976,200.00000000000003,0.049999999999999996
grid,G22,2000,10000,0.02,19.99,count_core,8,366.76,MEASURED,0,0.0,1,64,16.0,4.0,cpu-numba,3959460.399957606,644.6798264604378,18051.035140892258,791892.0799915213,1767.6162499810741
grid,G22,2000,10000,0.02,19.99,count_core,8,366.76,MEASURED,1,7.3315,1,64,16.0,4.0,sMTJ-array,8.114512409999998,0.054707561084087704,0.03699376527813855,0.6580305918858497,0.15
grid,G22,2000,10000,0.02,19.99,count_core,8,366.76,MEASURED,1,7.3315,1,64,16.0,4.0,sMTJ-array-e2e,10.050887409999998,10.740188392028099,0.045821628077655246,0.8150571540478222,29.448
grid,G22,2000,10000,0.02,19.99,count_core,8,366.76,MEASURED,1,7.3315,1,64,16.0,4.0,cmos-pbit,12.331512409999998,0.36471707389391805,0.0562189140357717,1.0,1.0
grid,G22,2000,10000,0.02,19.99,count_core,8,366.76,MEASURED,1,7.3315,1,64,16.0,4.0,fpga-sbm,1000.0000000000001,0.0182358536946959,4.558963423673976,81.09305385680591,0.049999999999999996
grid,G22,2000,10000,0.02,19.99,count_core,8,366.76,MEASURED,1,7.3315,1,64,16.0,4.0,cpu-numba,3959460.399957606,644.6798264604378,18051.035140892258,321084.7354576524,1767.6162499810741
grid,G22,2000,10000,0.02,19.99,count_core,8,366.76,MEASURED,0,0.0,1,64,16.0,10.0,sMTJ-array,0.783,0.054707561084087704,0.0035696683607367224,0.1566,0.15
grid,G22,2000,10000,0.02,19.99,count_core,8,366.76,MEASURED,0,0.0,1,64,16.0,10.0,sMTJ-array-e2e,2.722433264587136,10.740188392028099,0.012411473676646087,0.5444866529174271,29.448
grid,G22,2000,10000,0.02,19.99,count_core,8,366.76,MEASURED,0,0.0,1,64,16.0,10.0,cmos-pbit,5.0,0.36471707389391805,0.02279481711836988,1.0,1.0
grid,G22,2000,10000,0.02,19.99,count_core,8,366.76,MEASURED,0,0.0,1,64,16.0,10.0,fpga-sbm,1000.0000000000001,0.0182358536946959,4.558963423673976,200.00000000000003,0.049999999999999996
grid,G22,2000,10000,0.02,19.99,count_core,8,366.76,MEASURED,0,0.0,1,64,16.0,10.0,cpu-numba,3959460.399957606,644.6798264604378,18051.035140892258,791892.0799915213,1767.6162499810741
grid,G22,2000,10000,0.02,19.99,count_core,8,366.76,MEASURED,1,7.3315,1,64,16.0,10.0,sMTJ-array,8.114512409999998,0.054707561084087704,0.03699376527813855,0.6580305918858497,0.15
grid,G22,2000,10000,0.02,19.99,count_core,8,366.76,MEASURED,1,7.3315,1,64,16.0,10.0,sMTJ-array-e2e,10.053945674587133,10.740188392028099,0.04583557059404792,0.8153051580626952,29.448
grid,G22,2000,10000,0.02,19.99,count_core,8,366.76,MEASURED,1,7.3315,1,64,16.0,10.0,cmos-pbit,12.331512409999998,0.36471707389391805,0.0562189140357717,1.0,1.0
grid,G22,2000,10000,0.02,19.99,count_core,8,366.76,MEASURED,1,7.3315,1,64,16.0,10.0,fpga-sbm,1000.0000000000001,0.0182358536946959,4.558963423673976,81.09305385680591,0.049999999999999996
grid,G22,2000,10000,0.02,19.99,count_core,8,366.76,MEASURED,1,7.3315,1,64,16.0,10.0,cpu-numba,3959460.399957606,644.6798264604378,18051.035140892258,321084.7354576524,1767.6162499810741
grid,G22,2000,10000,0.02,19.99,count_core,8,366.76,MEASURED,0,0.0,1,256,1.0,4.0,sMTJ-array,0.783,0.013676890271021926,0.0035696683607367224,0.1566,0.15
grid,G22,2000,10000,0.02,19.99,count_core,8,366.76,MEASURED,0,0.0,1,256,1.0,4.0,sMTJ-array-e2e,7.3,0.21910378214177129,0.03328043299282002,1.46,2.403
grid,G22,2000,10000,0.02,19.99,count_core,8,366.76,MEASURED,0,0.0,1,256,1.0,4.0,cmos-pbit,5.0,0.09117926847347951,0.02279481711836988,1.0,1.0
grid,G22,2000,10000,0.02,19.99,count_core,8,366.76,MEASURED,0,0.0,1,256,1.0,4.0,fpga-sbm,1000.0000000000001,0.0182358536946959,4.558963423673976,200.00000000000003,0.19999999999999998
grid,G22,2000,10000,0.02,19.99,count_core,8,366.76,MEASURED,0,0.0,1,256,1.0,4.0,cpu-numba,3959460.399957606,644.6798264604378,18051.035140892258,791892.0799915213,7070.4649999242965
grid,G22,2000,10000,0.02,19.99,count_core,8,366.76,MEASURED,1,7.3315,1,256,1.0,4.0,sMTJ-array,8.114512409999998,0.013676890271021926,0.03699376527813855,0.6580305918858497,0.15
grid,G22,2000,10000,0.02,19.99,count_core,8,366.76,MEASURED,1,7.3315,1,256,1.0,4.0,sMTJ-array-e2e,14.63151241,0.21910378214177129,0.06670452991022185,1.1865140238706537,2.403
grid,G22,2000,10000,0.02,19.99,count_core,8,366.76,MEASURED,1,7.3315,1,256,1.0,4.0,cmos-pbit,12.331512409999998,0.09117926847347951,0.0562189140357717,1.0,1.0
grid,G22,2000,10000,0.02,19.99,count_core,8,366.76,MEASURED,1,7.3315,1,256,1.0,4.0,fpga-sbm,1000.0000000000001,0.0182358536946959,4.558963423673976,81.09305385680591,0.19999999999999998
grid,G22,2000,10000,0.02,19.99,count_core,8,366.76,MEASURED,1,7.3315,1,256,1.0,4.0,cpu-numba,3959460.399957606,644.6798264604378,18051.035140892258,321084.7354576524,7070.4649999242965
grid,G22,2000,10000,0.02,19.99,count_core,8,366.76,MEASURED,0,0.0,1,256,1.0,10.0,sMTJ-array,0.783,0.013676890271021926,0.0035696683607367224,0.1566,0.15
grid,G22,2000,10000,0.02,19.99,count_core,8,366.76,MEASURED,0,0.0,1,256,1.0,10.0,sMTJ-array-e2e,7.348932233394181,0.21910378214177129,0.03350351325510277,1.4697864466788362,2.403
grid,G22,2000,10000,0.02,19.99,count_core,8,366.76,MEASURED,0,0.0,1,256,1.0,10.0,cmos-pbit,5.0,0.09117926847347951,0.02279481711836988,1.0,1.0
grid,G22,2000,10000,0.02,19.99,count_core,8,366.76,MEASURED,0,0.0,1,256,1.0,10.0,fpga-sbm,1000.0000000000001,0.0182358536946959,4.558963423673976,200.00000000000003,0.19999999999999998
grid,G22,2000,10000,0.02,19.99,count_core,8,366.76,MEASURED,0,0.0,1,256,1.0,10.0,cpu-numba,3959460.399957606,644.6798264604378,18051.035140892258,791892.0799915213,7070.4649999242965
grid,G22,2000,10000,0.02,19.99,count_core,8,366.76,MEASURED,1,7.3315,1,256,1.0,10.0,sMTJ-array,8.114512409999998,0.013676890271021926,0.03699376527813855,0.6580305918858497,0.15
grid,G22,2000,10000,0.02,19.99,count_core,8,366.76,MEASURED,1,7.3315,1,256,1.0,10.0,sMTJ-array-e2e,14.680444643394178,0.21910378214177129,0.06692761017250459,1.1904820881086218,2.403
grid,G22,2000,10000,0.02,19.99,count_core,8,366.76,MEASURED,1,7.3315,1,256,1.0,10.0,cmos-pbit,12.331512409999998,0.09117926847347951,0.0562189140357717,1.0,1.0
grid,G22,2000,10000,0.02,19.99,count_core,8,366.76,MEASURED,1,7.3315,1,256,1.0,10.0,fpga-sbm,1000.0000000000001,0.0182358536946959,4.558963423673976,81.09305385680591,0.19999999999999998
grid,G22,2000,10000,0.02,19.99,count_core,8,366.76,MEASURED,1,7.3315,1,256,1.0,10.0,cpu-numba,3959460.399957606,644.6798264604378,18051.035140892258,321084.7354576524,7070.4649999242965
grid,G22,2000,10000,0.02,19.99,count_core,8,366.76,MEASURED,0,0.0,1,256,4.0,4.0,sMTJ-array,0.783,0.013676890271021926,0.0035696683607367224,0.1566,0.15
grid,G22,2000,10000,0.02,19.99,count_core,8,366.76,MEASURED,0,0.0,1,256,4.0,4.0,sMTJ-array-e2e,3.6354999999999995,0.712292445314822,0.016574111526766737,0.7271,7.812000000000001
grid,G22,2000,10000,0.02,19.99,count_core,8,366.76,MEASURED,0,0.0,1,256,4.0,4.0,cmos-pbit,5.0,0.09117926847347951,0.02279481711836988,1.0,1.0
grid,G22,2000,10000,0.02,19.99,count_core,8,366.76,MEASURED,0,0.0,1,256,4.0,4.0,fpga-sbm,1000.0000000000001,0.0182358536946959,4.558963423673976,200.00000000000003,0.19999999999999998
grid,G22,2000,10000,0.02,19.99,count_core,8,366.76,MEASURED,0,0.0,1,256,4.0,4.0,cpu-numba,3959460.399957606,644.6798264604378,18051.035140892258,791892.0799915213,7070.4649999242965
grid,G22,2000,10000,0.02,19.99,count_core,8,366.76,MEASURED,1,7.3315,1,256,4.0,4.0,sMTJ-array,8.114512409999998,0.013676890271021926,0.03699376527813855,0.6580305918858497,0.15
grid,G22,2000,10000,0.02,19.99,count_core,8,366.76,MEASURED,1,7.3315,1,256,4.0,4.0,sMTJ-array-e2e,10.967012409999999,0.712292445314822,0.049998208444168565,0.8893485280123884,7.812000000000001
grid,G22,2000,10000,0.02,19.99,count_core,8,366.76,MEASURED,1,7.3315,1,256,4.0,4.0,cmos-pbit,12.331512409999998,0.09117926847347951,0.0562189140357717,1.0,1.0
grid,G22,2000,10000,0.02,19.99,count_core,8,366.76,MEASURED,1,7.3315,1,256,4.0,4.0,fpga-sbm,1000.0000000000001,0.0182358536946959,4.558963423673976,81.09305385680591,0.19999999999999998
grid,G22,2000,10000,0.02,19.99,count_core,8,366.76,MEASURED,1,7.3315,1,256,4.0,4.0,cpu-numba,3959460.399957606,644.6798264604378,18051.035140892258,321084.7354576524,7070.4649999242965
grid,G22,2000,10000,0.02,19.99,count_core,8,366.76,MEASURED,0,0.0,1,256,4.0,10.0,sMTJ-array,0.783,0.013676890271021926,0.0035696683607367224,0.1566,0.15
grid,G22,2000,10000,0.02,19.99,count_core,8,366.76,MEASURED,0,0.0,1,256,4.0,10.0,sMTJ-array-e2e,3.6477330583485448,0.712292445314822,0.01662988159233742,0.7295466116697088,7.812000000000001
grid,G22,2000,10000,0.02,19.99,count_core,8,366.76,MEASURED,0,0.0,1,256,4.0,10.0,cmos-pbit,5.0,0.09117926847347951,0.02279481711836988,1.0,1.0
grid,G22,2000,10000,0.02,19.99,count_core,8,366.76,MEASURED,0,0.0,1,256,4.0,10.0,fpga-sbm,1000.0000000000001,0.0182358536946959,4.558963423673976,200.00000000000003,0.19999999999999998
grid,G22,2000,10000,0.02,19.99,count_core,8,366.76,MEASURED,0,0.0,1,256,4.0,10.0,cpu-numba,3959460.399957606,644.6798264604378,18051.035140892258,791892.0799915213,7070.4649999242965
grid,G22,2000,10000,0.02,19.99,count_core,8,366.76,MEASURED,1,7.3315,1,256,4.0,10.0,sMTJ-array,8.114512409999998,0.013676890271021926,0.03699376527813855,0.6580305918858497,0.15
grid,G22,2000,10000,0.02,19.99,count_core,8,366.76,MEASURED,1,7.3315,1,256,4.0,10.0,sMTJ-array-e2e,10.979245468348545,0.712292445314822,0.05005397850973926,0.8903405440718806,7.812000000000001
grid,G22,2000,10000,0.02,19.99,count_core,8,366.76,MEASURED,1,7.3315,1,256,4.0,10.0,cmos-pbit,12.331512409999998,0.09117926847347951,0.0562189140357717,1.0,1.0
grid,G22,2000,10000,0.02,19.99,count_core,8,366.76,MEASURED,1,7.3315,1,256,4.0,10.0,fpga-sbm,1000.0000000000001,0.0182358536946959,4.558963423673976,81.09305385680591,0.19999999999999998
grid,G22,2000,10000,0.02,19.99,count_core,8,366.76,MEASURED,1,7.3315,1,256,4.0,10.0,cpu-numba,3959460.399957606,644.6798264604378,18051.035140892258,321084.7354576524,7070.4649999242965
grid,G22,2000,10000,0.02,19.99,count_core,8,366.76,MEASURED,0,0.0,1,256,16.0,4.0,sMTJ-array,0.783,0.013676890271021926,0.0035696683607367224,0.1566,0.15
grid,G22,2000,10000,0.02,19.99,count_core,8,366.76,MEASURED,0,0.0,1,256,16.0,4.0,sMTJ-array-e2e,2.719374999999999,2.6850470980070247,0.012397531160253413,0.5438749999999998,29.448
grid,G22,2000,10000,0.02,19.99,count_core,8,366.76,MEASURED,0,0.0,1,256,16.0,4.0,cmos-pbit,5.0,0.09117926847347951,0.02279481711836988,1.0,1.0
grid,G22,2000,10000,0.02,19.99,count_core,8,366.76,MEASURED,0,0.0,1,256,16.0,4.0,fpga-sbm,1000.0000000000001,0.0182358536946959,4.558963423673976,200.00000000000003,0.19999999999999998
grid,G22,2000,10000,0.02,19.99,count_core,8,366.76,MEASURED,0,0.0,1,256,16.0,4.0,cpu-numba,3959460.399957606,644.6798264604378,18051.035140892258,791892.0799915213,7070.4649999242965
grid,G22,2000,10000,0.02,19.99,count_core,8,366.76,MEASURED,1,7.3315,1,256,16.0,4.0,sMTJ-array,8.114512409999998,0.013676890271021926,0.03699376527813855,0.6580305918858497,0.15
grid,G22,2000,10000,0.02,19.99,count_core,8,366.76,MEASURED,1,7.3315,1,256,16.0,4.0,sMTJ-array-e2e,10.050887409999998,2.6850470980070247,0.045821628077655246,0.8150571540478222,29.448
grid,G22,2000,10000,0.02,19.99,count_core,8,366.76,MEASURED,1,7.3315,1,256,16.0,4.0,cmos-pbit,12.331512409999998,0.09117926847347951,0.0562189140357717,1.0,1.0
grid,G22,2000,10000,0.02,19.99,count_core,8,366.76,MEASURED,1,7.3315,1,256,16.0,4.0,fpga-sbm,1000.0000000000001,0.0182358536946959,4.558963423673976,81.09305385680591,0.19999999999999998
grid,G22,2000,10000,0.02,19.99,count_core,8,366.76,MEASURED,1,7.3315,1,256,16.0,4.0,cpu-numba,3959460.399957606,644.6798264604378,18051.035140892258,321084.7354576524,7070.4649999242965
grid,G22,2000,10000,0.02,19.99,count_core,8,366.76,MEASURED,0,0.0,1,256,16.0,10.0,sMTJ-array,0.783,0.013676890271021926,0.0035696683607367224,0.1566,0.15
grid,G22,2000,10000,0.02,19.99,count_core,8,366.76,MEASURED,0,0.0,1,256,16.0,10.0,sMTJ-array-e2e,2.722433264587136,2.6850470980070247,0.012411473676646087,0.5444866529174271,29.448
grid,G22,2000,10000,0.02,19.99,count_core,8,366.76,MEASURED,0,0.0,1,256,16.0,10.0,cmos-pbit,5.0,0.09117926847347951,0.02279481711836988,1.0,1.0
grid,G22,2000,10000,0.02,19.99,count_core,8,366.76,MEASURED,0,0.0,1,256,16.0,10.0,fpga-sbm,1000.0000000000001,0.0182358536946959,4.558963423673976,200.00000000000003,0.19999999999999998
grid,G22,2000,10000,0.02,19.99,count_core,8,366.76,MEASURED,0,0.0,1,256,16.0,10.0,cpu-numba,3959460.399957606,644.6798264604378,18051.035140892258,791892.0799915213,7070.4649999242965
grid,G22,2000,10000,0.02,19.99,count_core,8,366.76,MEASURED,1,7.3315,1,256,16.0,10.0,sMTJ-array,8.114512409999998,0.013676890271021926,0.03699376527813855,0.6580305918858497,0.15
grid,G22,2000,10000,0.02,19.99,count_core,8,366.76,MEASURED,1,7.3315,1,256,16.0,10.0,sMTJ-array-e2e,10.053945674587133,2.6850470980070247,0.04583557059404792,0.8153051580626952,29.448
grid,G22,2000,10000,0.02,19.99,count_core,8,366.76,MEASURED,1,7.3315,1,256,16.0,10.0,cmos-pbit,12.331512409999998,0.09117926847347951,0.0562189140357717,1.0,1.0
grid,G22,2000,10000,0.02,19.99,count_core,8,366.76,MEASURED,1,7.3315,1,256,16.0,10.0,fpga-sbm,1000.0000000000001,0.0182358536946959,4.558963423673976,81.09305385680591,0.19999999999999998
grid,G22,2000,10000,0.02,19.99,count_core,8,366.76,MEASURED,1,7.3315,1,256,16.0,10.0,cpu-numba,3959460.399957606,644.6798264604378,18051.035140892258,321084.7354576524,7070.4649999242965
grid,G22,2000,10000,0.02,19.99,count_core,8,366.76,MEASURED,0,0.0,2,16,1.0,4.0,sMTJ-array,0.783,0.2137014104847176,0.0035696683607367224,0.1566,0.15
grid,G22,2000,10000,0.02,19.99,count_core,8,366.76,MEASURED,0,0.0,2,16,1.0,4.0,sMTJ-array-e2e,10.986999999999998,3.7084318099447997,0.05008933113590596,2.1973999999999996,2.603
grid,G22,2000,10000,0.02,19.99,count_core,8,366.76,MEASURED,0,0.0,2,16,1.0,4.0,cmos-pbit,5.0,1.4246760698981173,0.02279481711836988,1.0,1.0
grid,G22,2000,10000,0.02,19.99,count_core,8,366.76,MEASURED,0,0.0,2,16,1.0,4.0,fpga-sbm,1000.0000000000001,0.0182358536946959,4.558963423673976,200.00000000000003,0.012799999999999999
grid,G22,2000,10000,0.02,19.99,count_core,8,366.76,MEASURED,0,0.0,2,16,1.0,4.0,cpu-numba,3959460.399957606,644.6798264604378,18051.035140892258,791892.0799915213,452.50975999515504
grid,G22,2000,10000,0.02,19.99,count_core,8,366.76,MEASURED,1,7.3315,2,16,1.0,4.0,sMTJ-array,8.114512409999998,0.2137014104847176,0.03699376527813855,0.6580305918858497,0.15
grid,G22,2000,10000,0.02,19.99,count_core,8,366.76,MEASURED,1,7.3315,2,16,1.0,4.0,sMTJ-array-e2e,18.318512409999997,3.7084318099447997,0.0835134280533078,1.4855041134406972,2.603
grid,G22,2000,10000,0.02,19.99,count_core,8,366.76,MEASURED,1,7.3315,2,16,1.0,4.0,cmos-pbit,12.331512409999998,1.4246760698981173,0.0562189140357717,1.0,1.0
grid,G22,2000,10000,0.02,19.99,count_core,8,366.76,MEASURED,1,7.3315,2,16,1.0,4.0,fpga-sbm,1000.0000000000001,0.0182358536946959,4.558963423673976,81.09305385680591,0.012799999999999999
grid,G22,2000,10000,0.02,19.99,count_core,8,366.76,MEASURED,1,7.3315,2,16,1.0,4.0,cpu-numba,3959460.399957606,644.6798264604378,18051.035140892258,321084.7354576524,452.50975999515504
grid,G22,2000,10000,0.02,19.99,count_core,8,366.76,MEASURED,0,0.0,2,16,1.0,10.0,sMTJ-array,0.783,0.2137014104847176,0.0035696683607367224,0.1566,0.15
grid,G22,2000,10000,0.02,19.99,count_core,8,366.76,MEASURED,0,0.0,2,16,1.0,10.0,sMTJ-array-e2e,11.060388335307524,3.7084318099447997,0.05042390587229729,2.2120776670615045,2.603
grid,G22,2000,10000,0.02,19.99,count_core,8,366.76,MEASURED,0,0.0,2,16,1.0,10.0,cmos-pbit,5.0,1.4246760698981173,0.02279481711836988,1.0,1.0
grid,G22,2000,10000,0.02,19.99,count_core,8,366.76,MEASURED,0,0.0,2,16,1.0,10.0,fpga-sbm,1000.0000000000001,0.0182358536946959,4.558963423673976,200.00000000000003,0.012799999999999999
grid,G22,2000,10000,0.02,19.99,count_core,8,366.76,MEASURED,0,0.0,2,16,1.0,10.0,cpu-numba,3959460.399957606,644.6798264604378,18051.035140892258,791892.0799915213,452.50975999515504
grid,G22,2000,10000,0.02,19.99,count_core,8,366.76,MEASURED,1,7.3315,2,16,1.0,10.0,sMTJ-array,8.114512409999998,0.2137014104847176,0.03699376527813855,0.6580305918858497,0.15
grid,G22,2000,10000,0.02,19.99,count_core,8,366.76,MEASURED,1,7.3315,2,16,1.0,10.0,sMTJ-array-e2e,18.39190074530752,3.7084318099447997,0.08384800278969912,1.4914553976682514,2.603
grid,G22,2000,10000,0.02,19.99,count_core,8,366.76,MEASURED,1,7.3315,2,16,1.0,10.0,cmos-pbit,12.331512409999998,1.4246760698981173,0.0562189140357717,1.0,1.0
grid,G22,2000,10000,0.02,19.99,count_core,8,366.76,MEASURED,1,7.3315,2,16,1.0,10.0,fpga-sbm,1000.0000000000001,0.0182358536946959,4.558963423673976,81.09305385680591,0.012799999999999999
grid,G22,2000,10000,0.02,19.99,count_core,8,366.76,MEASURED,1,7.3315,2,16,1.0,10.0,cpu-numba,3959460.399957606,644.6798264604378,18051.035140892258,321084.7354576524,452.50975999515504
grid,G22,2000,10000,0.02,19.99,count_core,8,366.76,MEASURED,0,0.0,2,16,4.0,4.0,sMTJ-array,0.783,0.2137014104847176,0.0035696683607367224,0.1566,0.15
grid,G22,2000,10000,0.02,19.99,count_core,8,366.76,MEASURED,0,0.0,2,16,4.0,4.0,sMTJ-array-e2e,5.491,11.414504672023718,0.025033268159393798,1.0981999999999998,8.012
grid,G22,2000,10000,0.02,19.99,count_core,8,366.76,MEASURED,0,0.0,2,16,4.0,4.0,cmos-pbit,5.0,1.4246760698981173,0.02279481711836988,1.0,1.0
grid,G22,2000,10000,0.02,19.99,count_core,8,366.76,MEASURED,0,0.0,2,16,4.0,4.0,fpga-sbm,1000.0000000000001,0.0182358536946959,4.558963423673976,200.00000000000003,0.012799999999999999
grid,G22,2000,10000,0.02,19.99,count_core,8,366.76,MEASURED,0,0.0,2,16,4.0,4.0,cpu-numba,3959460.399957606,644.6798264604378,18051.035140892258,791892.0799915213,452.50975999515504
grid,G22,2000,10000,0.02,19.99,count_core,8,366.76,MEASURED,1,7.3315,2,16,4.0,4.0,sMTJ-array,8.114512409999998,0.2137014104847176,0.03699376527813855,0.6580305918858497,0.15
grid,G22,2000,10000,0.02,19.99,count_core,8,366.76,MEASURED,1,7.3315,2,16,4.0,4.0,sMTJ-array-e2e,12.82251241,11.414504672023718,0.05845736507679564,1.039816689443692,8.012
grid,G22,2000,10000,0.02,19.99,count_core,8,366.76,MEASURED,1,7.3315,2,16,4.0,4.0,cmos-pbit,12.331512409999998,1.4246760698981173,0.0562189140357717,1.0,1.0
grid,G22,2000,10000,0.02,19.99,count_core,8,366.76,MEASURED,1,7.3315,2,16,4.0,4.0,fpga-sbm,1000.0000000000001,0.0182358536946959,4.558963423673976,81.09305385680591,0.012799999999999999
grid,G22,2000,10000,0.02,19.99,count_core,8,366.76,MEASURED,1,7.3315,2,16,4.0,4.0,cpu-numba,3959460.399957606,644.6798264604378,18051.035140892258,321084.7354576524,452.50975999515504
grid,G22,2000,10000,0.02,19.99,count_core,8,366.76,MEASURED,0,0.0,2,16,4.0,10.0,sMTJ-array,0.783,0.2137014104847176,0.0035696683607367224,0.1566,0.15
grid,G22,2000,10000,0.02,19.99,count_core,8,366.76,MEASURED,0,0.0,2,16,4.0,10.0,sMTJ-array-e2e,5.5093470838268805,11.414504672023718,0.02511691184349163,1.1018694167653762,8.012
grid,G22,2000,10000,0.02,19.99,count_core,8,366.76,MEASURED,0,0.0,2,16,4.0,10.0,cmos-pbit,5.0,1.4246760698981173,0.02279481711836988,1.0,1.0
grid,G22,2000,10000,0.02,19.99,count_core,8,366.76,MEASURED,0,0.0,2,16,4.0,10.0,fpga-sbm,1000.0000000000001,0.0182358536946959,4.558963423673976,200.00000000000003,0.012799999999999999
grid,G22,2000,10000,0.02,19.99,count_core,8,366.76,MEASURED,0,0.0,2,16,4.0,10.0,cpu-numba,3959460.399957606,644.6798264604378,18051.035140892258,791892.0799915213,452.50975999515504
grid,G22,2000,10000,0.02,19.99,count_core,8,366.76,MEASURED,1,7.3315,2,16,4.0,10.0,sMTJ-array,8.114512409999998,0.2137014104847176,0.03699376527813855,0.6580305918858497,0.15
grid,G22,2000,10000,0.02,19.99,count_core,8,366.76,MEASURED,1,7.3315,2,16,4.0,10.0,sMTJ-array-e2e,12.84085949382688,11.414504672023718,0.058541008760893465,1.0413045105005805,8.012
grid,G22,2000,10000,0.02,19.99,count_core,8,366.76,MEASURED,1,7.3315,2,16,4.0,10.0,cmos-pbit,12.331512409999998,1.4246760698981173,0.0562189140357717,1.0,1.0
grid,G22,2000,10000,0.02,19.99,count_core,8,366.76,MEASURED,1,7.3315,2,16,4.0,10.0,fpga-sbm,1000.0000000000001,0.0182358536946959,4.558963423673976,81.09305385680591,0.012799999999999999
grid,G22,2000,10000,0.02,19.99,count_core,8,366.76,MEASURED,1,7.3315,2,16,4.0,10.0,cpu-numba,3959460.399957606,644.6798264604378,18051.035140892258,321084.7354576524,452.50975999515504
grid,G22,2000,10000,0.02,19.99,count_core,8,366.76,MEASURED,0,0.0,2,16,16.0,4.0,sMTJ-array,0.783,0.2137014104847176,0.0035696683607367224,0.1566,0.15
grid,G22,2000,10000,0.02,19.99,count_core,8,366.76,MEASURED,0,0.0,2,16,16.0,4.0,sMTJ-array-e2e,4.116999999999999,42.23879612033938,0.018769252415265756,0.8233999999999999,29.647999999999996
grid,G22,2000,10000,0.02,19.99,count_core,8,366.76,MEASURED,0,0.0,2,16,16.0,4.0,cmos-pbit,5.0,1.4246760698981173,0.02279481711836988,1.0,1.0
grid,G22,2000,10000,0.02,19.99,count_core,8,366.76,MEASURED,0,0.0,2,16,16.0,4.0,fpga-sbm,1000.0000000000001,0.0182358536946959,4.558963423673976,200.00000000000003,0.012799999999999999
grid,G22,2000,10000,0.02,19.99,count_core,8,366.76,MEASURED,0,0.0,2,16,16.0,4.0,cpu-numba,3959460.399957606,644.6798264604378,18051.035140892258,791892.0799915213,452.50975999515504
grid,G22,2000,10000,0.02,19.99,count_core,8,366.76,MEASURED,1,7.3315,2,16,16.0,4.0,sMTJ-array,8.114512409999998,0.2137014104847176,0.03699376527813855,0.6580305918858497,0.15
grid,G22,2000,10000,0.02,19.99,count_core,8,366.76,MEASURED,1,7.3315,2,16,16.0,4.0,sMTJ-array-e2e,11.44851241,42.23879612033938,0.05219334933266759,0.9283948334444405,29.647999999999996
grid,G22,2000,10000,0.02,19.99,count_core,8,366.76,MEASURED,1,7.3315,2,16,16.0,4.0,cmos-pbit,12.331512409999998,1.4246760698981173,0.0562189140357717,1.0,1.0
grid,G22,2000,10000,0.02,19.99,count_core,8,366.76,MEASURED,1,7.3315,2,16,16.0,4.0,fpga-sbm,1000.0000000000001,0.0182358536946959,4.558963423673976,81.09305385680591,0.012799999999999999
grid,G22,2000,10000,0.02,19.99,count_core,8,366.76,MEASURED,1,7.3315,2,16,16.0,4.0,cpu-numba,3959460.399957606,644.6798264604378,18051.035140892258,321084.7354576524,452.50975999515504
grid,G22,2000,10000,0.02,19.99,count_core,8,366.76,MEASURED,0,0.0,2,16,16.0,10.0,sMTJ-array,0.783,0.2137014104847176,0.0035696683607367224,0.1566,0.15
grid,G22,2000,10000,0.02,19.99,count_core,8,366.76,MEASURED,0,0.0,2,16,16.0,10.0,sMTJ-array-e2e,4.1215867709567195,42.23879612033938,0.01879016333629021,0.8243173541913438,29.647999999999996
grid,G22,2000,10000,0.02,19.99,count_core,8,366.76,MEASURED,0,0.0,2,16,16.0,10.0,cmos-pbit,5.0,1.4246760698981173,0.02279481711836988,1.0,1.0
grid,G22,2000,10000,0.02,19.99,count_core,8,366.76,MEASURED,0,0.0,2,16,16.0,10.0,fpga-sbm,1000.0000000000001,0.0182358536946959,4.558963423673976,200.00000000000003,0.012799999999999999
grid,G22,2000,10000,0.02,19.99,count_core,8,366.76,MEASURED,0,0.0,2,16,16.0,10.0,cpu-numba,3959460.399957606,644.6798264604378,18051.035140892258,791892.0799915213,452.50975999515504
grid,G22,2000,10000,0.02,19.99,count_core,8,366.76,MEASURED,1,7.3315,2,16,16.0,10.0,sMTJ-array,8.114512409999998,0.2137014104847176,0.03699376527813855,0.6580305918858497,0.15
grid,G22,2000,10000,0.02,19.99,count_core,8,366.76,MEASURED,1,7.3315,2,16,16.0,10.0,sMTJ-array-e2e,11.453099180956718,42.23879612033938,0.05221426025369204,0.9287667887086626,29.647999999999996
grid,G22,2000,10000,0.02,19.99,count_core,8,366.76,MEASURED,1,7.3315,2,16,16.0,10.0,cmos-pbit,12.331512409999998,1.4246760698981173,0.0562189140357717,1.0,1.0
grid,G22,2000,10000,0.02,19.99,count_core,8,366.76,MEASURED,1,7.3315,2,16,16.0,10.0,fpga-sbm,1000.0000000000001,0.0182358536946959,4.558963423673976,81.09305385680591,0.012799999999999999
grid,G22,2000,10000,0.02,19.99,count_core,8,366.76,MEASURED,1,7.3315,2,16,16.0,10.0,cpu-numba,3959460.399957606,644.6798264604378,18051.035140892258,321084.7354576524,452.50975999515504
grid,G22,2000,10000,0.02,19.99,count_core,8,366.76,MEASURED,0,0.0,2,64,1.0,4.0,sMTJ-array,0.783,0.054707561084087704,0.0035696683607367224,0.1566,0.15
grid,G22,2000,10000,0.02,19.99,count_core,8,366.76,MEASURED,0,0.0,2,64,1.0,4.0,sMTJ-array-e2e,10.986999999999998,0.9493585433458687,0.05008933113590596,2.1973999999999996,2.6029999999999998
grid,G22,2000,10000,0.02,19.99,count_core,8,366.76,MEASURED,0,0.0,2,64,1.0,4.0,cmos-pbit,5.0,0.36471707389391805,0.02279481711836988,1.0,1.0
grid,G22,2000,10000,0.02,19.99,count_core,8,366.76,MEASURED,0,0.0,2,64,1.0,4.0,fpga-sbm,1000.0000000000001,0.0182358536946959,4.558963423673976,200.00000000000003,0.049999999999999996
grid,G22,2000,10000,0.02,19.99,count_core,8,366.76,MEASURED,0,0.0,2,64,1.0,4.0,cpu-numba,3959460.399957606,644.6798264604378,18051.035140892258,791892.0799915213,1767.6162499810741
grid,G22,2000,10000,0.02,19.99,count_core,8,366.76,MEASURED,1,7.3315,2,64,1.0,4.0,sMTJ-array,8.114512409999998,0.054707561084087704,0.03699376527813855,0.6580305918858497,0.15
grid,G22,2000,10000,0.02,19.99,count_core,8,366.76,MEASURED,1,7.3315,2,64,1.0,4.0,sMTJ-array-e2e,18.318512409999997,0.9493585433458687,0.0835134280533078,1.4855041134406972,2.6029999999999998
grid,G22,2000,10000,0.02,19.99,count_core,8,366.76,MEASURED,1,7.3315,2,64,1.0,4.0,cmos-pbit,12.331512409999998,0.36471707389391805,0.0562189140357717,1.0,1.0
grid,G22,2000,10000,0.02,19.99,count_core,8,366.76,MEASURED,1,7.3315,2,64,1.0,4.0,fpga-sbm,1000.0000000000001,0.0182358536946959,4.558963423673976,81.09305385680591,0.049999999999999996
grid,G22,2000,10000,0.02,19.99,count_core,8,366.76,MEASURED,1,7.3315,2,64,1.0,4.0,cpu-numba,3959460.399957606,644.6798264604378,18051.035140892258,321084.7354576524,1767.6162499810741
grid,G22,2000,10000,0.02,19.99,count_core,8,366.76,MEASURED,0,0.0,2,64,1.0,10.0,sMTJ-array,0.783,0.054707561084087704,0.0035696683607367224,0.1566,0.15
grid,G22,2000,10000,0.02,19.99,count_core,8,366.76,MEASURED,0,0.0,2,64,1.0,10.0,sMTJ-array-e2e,11.060388335307524,0.9493585433458687,0.05042390587229729,2.2120776670615045,2.6029999999999998
grid,G22,2000,10000,0.02,19.99,count_core,8,366.76,MEASURED,0,0.0,2,64,1.0,10.0,cmos-pbit,5.0,0.36471707389391805,0.02279481711836988,1.0,1.0
grid,G22,2000,10000,0.02,19.99,count_core,8,366.76,MEASURED,0,0.0,2,64,1.0,10.0,fpga-sbm,1000.0000000000001,0.0182358536946959,4.558963423673976,200.00000000000003,0.049999999999999996
grid,G22,2000,10000,0.02,19.99,count_core,8,366.76,MEASURED,0,0.0,2,64,1.0,10.0,cpu-numba,3959460.399957606,644.6798264604378,18051.035140892258,791892.0799915213,1767.6162499810741
grid,G22,2000,10000,0.02,19.99,count_core,8,366.76,MEASURED,1,7.3315,2,64,1.0,10.0,sMTJ-array,8.114512409999998,0.054707561084087704,0.03699376527813855,0.6580305918858497,0.15
grid,G22,2000,10000,0.02,19.99,count_core,8,366.76,MEASURED,1,7.3315,2,64,1.0,10.0,sMTJ-array-e2e,18.39190074530752,0.9493585433458687,0.08384800278969912,1.4914553976682514,2.6029999999999998
grid,G22,2000,10000,0.02,19.99,count_core,8,366.76,MEASURED,1,7.3315,2,64,1.0,10.0,cmos-pbit,12.331512409999998,0.36471707389391805,0.0562189140357717,1.0,1.0
grid,G22,2000,10000,0.02,19.99,count_core,8,366.76,MEASURED,1,7.3315,2,64,1.0,10.0,fpga-sbm,1000.0000000000001,0.0182358536946959,4.558963423673976,81.09305385680591,0.049999999999999996
grid,G22,2000,10000,0.02,19.99,count_core,8,366.76,MEASURED,1,7.3315,2,64,1.0,10.0,cpu-numba,3959460.399957606,644.6798264604378,18051.035140892258,321084.7354576524,1767.6162499810741
grid,G22,2000,10000,0.02,19.99,count_core,8,366.76,MEASURED,0,0.0,2,64,4.0,4.0,sMTJ-array,0.783,0.054707561084087704,0.0035696683607367224,0.1566,0.15
grid,G22,2000,10000,0.02,19.99,count_core,8,366.76,MEASURED,0,0.0,2,64,4.0,4.0,sMTJ-array-e2e,5.491,2.9221131960380715,0.025033268159393798,1.0981999999999998,8.012
grid,G22,2000,10000,0.02,19.99,count_core,8,366.76,MEASURED,0,0.0,2,64,4.0,4.0,cmos-pbit,5.0,0.36471707389391805,0.02279481711836988,1.0,1.0
grid,G22,2000,10000,0.02,19.99,count_core,8,366.76,MEASURED,0,0.0,2,64,4.0,4.0,fpga-sbm,1000.0000000000001,0.0182358536946959,4.558963423673976,200.00000000000003,0.049999999999999996
grid,G22,2000,10000,0.02,19.99,count_core,8,366.76,MEASURED,0,0.0,2,64,4.0,4.0,cpu-numba,3959460.399957606,644.6798264604378,18051.035140892258,791892.0799915213,1767.6162499810741
grid,G22,2000,10000,0.02,19.99,count_core,8,366.76,MEASURED,1,7.3315,2,64,4.0,4.0,sMTJ-array,8.114512409999998,0.054707561084087704,0.03699376527813855,0.6580305918858497,0.15
grid,G22,2000,10000,0.02,19.99,count_core,8,366.76,MEASURED,1,7.3315,2,64,4.0,4.0,sMTJ-array-e2e,12.82251241,2.9221131960380715,0.05845736507679564,1.039816689443692,8.012
grid,G22,2000,10000,0.02,19.99,count_core,8,366.76,MEASURED,1,7.3315,2,64,4.0,4.0,cmos-pbit,12.331512409999998,0.36471707389391805,0.0562189140357717,1.0,1.0
grid,G22,2000,10000,0.02,19.99,count_core,8,366.76,MEASURED,1,7.3315,2,64,4.0,4.0,fpga-sbm,1000.0000000000001,0.0182358536946959,4.558963423673976,81.09305385680591,0.049999999999999996
grid,G22,2000,10000,0.02,19.99,count_core,8,366.76,MEASURED,1,7.3315,2,64,4.0,4.0,cpu-numba,3959460.399957606,644.6798264604378,18051.035140892258,321084.7354576524,1767.6162499810741
grid,G22,2000,10000,0.02,19.99,count_core,8,366.76,MEASURED,0,0.0,2,64,4.0,10.0,sMTJ-array,0.783,0.054707561084087704,0.0035696683607367224,0.1566,0.15
grid,G22,2000,10000,0.02,19.99,count_core,8,366.76,MEASURED,0,0.0,2,64,4.0,10.0,sMTJ-array-e2e,5.5093470838268805,2.9221131960380715,0.02511691184349163,1.1018694167653762,8.012
grid,G22,2000,10000,0.02,19.99,count_core,8,366.76,MEASURED,0,0.0,2,64,4.0,10.0,cmos-pbit,5.0,0.36471707389391805,0.02279481711836988,1.0,1.0
grid,G22,2000,10000,0.02,19.99,count_core,8,366.76,MEASURED,0,0.0,2,64,4.0,10.0,fpga-sbm,1000.0000000000001,0.0182358536946959,4.558963423673976,200.00000000000003,0.049999999999999996
grid,G22,2000,10000,0.02,19.99,count_core,8,366.76,MEASURED,0,0.0,2,64,4.0,10.0,cpu-numba,3959460.399957606,644.6798264604378,18051.035140892258,791892.0799915213,1767.6162499810741
grid,G22,2000,10000,0.02,19.99,count_core,8,366.76,MEASURED,1,7.3315,2,64,4.0,10.0,sMTJ-array,8.114512409999998,0.054707561084087704,0.03699376527813855,0.6580305918858497,0.15
grid,G22,2000,10000,0.02,19.99,count_core,8,366.76,MEASURED,1,7.3315,2,64,4.0,10.0,sMTJ-array-e2e,12.84085949382688,2.9221131960380715,0.058541008760893465,1.0413045105005805,8.012
grid,G22,2000,10000,0.02,19.99,count_core,8,366.76,MEASURED,1,7.3315,2,64,4.0,10.0,cmos-pbit,12.331512409999998,0.36471707389391805,0.0562189140357717,1.0,1.0
grid,G22,2000,10000,0.02,19.99,count_core,8,366.76,MEASURED,1,7.3315,2,64,4.0,10.0,fpga-sbm,1000.0000000000001,0.0182358536946959,4.558963423673976,81.09305385680591,0.049999999999999996
grid,G22,2000,10000,0.02,19.99,count_core,8,366.76,MEASURED,1,7.3315,2,64,4.0,10.0,cpu-numba,3959460.399957606,644.6798264604378,18051.035140892258,321084.7354576524,1767.6162499810741
grid,G22,2000,10000,0.02,19.99,count_core,8,366.76,MEASURED,0,0.0,2,64,16.0,4.0,sMTJ-array,0.783,0.054707561084087704,0.0035696683607367224,0.1566,0.15
grid,G22,2000,10000,0.02,19.99,count_core,8,366.76,MEASURED,0,0.0,2,64,16.0,4.0,sMTJ-array-e2e,4.116999999999999,10.813131806806883,0.018769252415265756,0.8233999999999999,29.648
grid,G22,2000,10000,0.02,19.99,count_core,8,366.76,MEASURED,0,0.0,2,64,16.0,4.0,cmos-pbit,5.0,0.36471707389391805,0.02279481711836988,1.0,1.0
grid,G22,2000,10000,0.02,19.99,count_core,8,366.76,MEASURED,0,0.0,2,64,16.0,4.0,fpga-sbm,1000.0000000000001,0.0182358536946959,4.558963423673976,200.00000000000003,0.049999999999999996
grid,G22,2000,10000,0.02,19.99,count_core,8,366.76,MEASURED,0,0.0,2,64,16.0,4.0,cpu-numba,3959460.399957606,644.6798264604378,18051.035140892258,791892.0799915213,1767.6162499810741
grid,G22,2000,10000,0.02,19.99,count_core,8,366.76,MEASURED,1,7.3315,2,64,16.0,4.0,sMTJ-array,8.114512409999998,0.054707561084087704,0.03699376527813855,0.6580305918858497,0.15
grid,G22,2000,10000,0.02,19.99,count_core,8,366.76,MEASURED,1,7.3315,2,64,16.0,4.0,sMTJ-array-e2e,11.44851241,10.813131806806883,0.05219334933266759,0.9283948334444405,29.648
grid,G22,2000,10000,0.02,19.99,count_core,8,366.76,MEASURED,1,7.3315,2,64,16.0,4.0,cmos-pbit,12.331512409999998,0.36471707389391805,0.0562189140357717,1.0,1.0
grid,G22,2000,10000,0.02,19.99,count_core,8,366.76,MEASURED,1,7.3315,2,64,16.0,4.0,fpga-sbm,1000.0000000000001,0.0182358536946959,4.558963423673976,81.09305385680591,0.049999999999999996
grid,G22,2000,10000,0.02,19.99,count_core,8,366.76,MEASURED,1,7.3315,2,64,16.0,4.0,cpu-numba,3959460.399957606,644.6798264604378,18051.035140892258,321084.7354576524,1767.6162499810741
grid,G22,2000,10000,0.02,19.99,count_core,8,366.76,MEASURED,0,0.0,2,64,16.0,10.0,sMTJ-array,0.783,0.054707561084087704,0.0035696683607367224,0.1566,0.15
grid,G22,2000,10000,0.02,19.99,count_core,8,366.76,MEASURED,0,0.0,2,64,16.0,10.0,sMTJ-array-e2e,4.1215867709567195,10.813131806806883,0.01879016333629021,0.8243173541913438,29.648
grid,G22,2000,10000,0.02,19.99,count_core,8,366.76,MEASURED,0,0.0,2,64,16.0,10.0,cmos-pbit,5.0,0.36471707389391805,0.02279481711836988,1.0,1.0
grid,G22,2000,10000,0.02,19.99,count_core,8,366.76,MEASURED,0,0.0,2,64,16.0,10.0,fpga-sbm,1000.0000000000001,0.0182358536946959,4.558963423673976,200.00000000000003,0.049999999999999996
grid,G22,2000,10000,0.02,19.99,count_core,8,366.76,MEASURED,0,0.0,2,64,16.0,10.0,cpu-numba,3959460.399957606,644.6798264604378,18051.035140892258,791892.0799915213,1767.6162499810741
grid,G22,2000,10000,0.02,19.99,count_core,8,366.76,MEASURED,1,7.3315,2,64,16.0,10.0,sMTJ-array,8.114512409999998,0.054707561084087704,0.03699376527813855,0.6580305918858497,0.15
grid,G22,2000,10000,0.02,19.99,count_core,8,366.76,MEASURED,1,7.3315,2,64,16.0,10.0,sMTJ-array-e2e,11.453099180956718,10.813131806806883,0.05221426025369204,0.9287667887086626,29.648
grid,G22,2000,10000,0.02,19.99,count_core,8,366.76,MEASURED,1,7.3315,2,64,16.0,10.0,cmos-pbit,12.331512409999998,0.36471707389391805,0.0562189140357717,1.0,1.0
grid,G22,2000,10000,0.02,19.99,count_core,8,366.76,MEASURED,1,7.3315,2,64,16.0,10.0,fpga-sbm,1000.0000000000001,0.0182358536946959,4.558963423673976,81.09305385680591,0.049999999999999996
grid,G22,2000,10000,0.02,19.99,count_core,8,366.76,MEASURED,1,7.3315,2,64,16.0,10.0,cpu-numba,3959460.399957606,644.6798264604378,18051.035140892258,321084.7354576524,1767.6162499810741
grid,G22,2000,10000,0.02,19.99,count_core,8,366.76,MEASURED,0,0.0,2,256,1.0,4.0,sMTJ-array,0.783,0.013676890271021926,0.0035696683607367224,0.1566,0.15
grid,G22,2000,10000,0.02,19.99,count_core,8,366.76,MEASURED,0,0.0,2,256,1.0,4.0,sMTJ-array-e2e,10.986999999999998,0.23733963583646717,0.05008933113590596,2.1973999999999996,2.6029999999999998
grid,G22,2000,10000,0.02,19.99,count_core,8,366.76,MEASURED,0,0.0,2,256,1.0,4.0,cmos-pbit,5.0,0.09117926847347951,0.02279481711836988,1.0,1.0
grid,G22,2000,10000,0.02,19.99,count_core,8,366.76,MEASURED,0,0.0,2,256,1.0,4.0,fpga-sbm,1000.0000000000001,0.0182358536946959,4.558963423673976,200.00000000000003,0.19999999999999998
grid,G22,2000,10000,0.02,19.99,count_core,8,366.76,MEASURED,0,0.0,2,256,1.0,4.0,cpu-numba,3959460.399957606,644.6798264604378,18051.035140892258,791892.0799915213,7070.4649999242965
grid,G22,2000,10000,0.02,19.99,count_core,8,366.76,MEASURED,1,7.3315,2,256,1.0,4.0,sMTJ-array,8.114512409999998,0.013676890271021926,0.03699376527813855,0.6580305918858497,0.15
grid,G22,2000,10000,0.02,19.99,count_core,8,366.76,MEASURED,1,7.3315,2,256,1.0,4.0,sMTJ-array-e2e,18.318512409999997,0.23733963583646717,0.0835134280533078,1.4855041134406972,2.6029999999999998
grid,G22,2000,10000,0.02,19.99,count_core,8,366.76,MEASURED,1,7.3315,2,256,1.0,4.0,cmos-pbit,12.331512409999998,0.09117926847347951,0.0562189140357717,1.0,1.0
grid,G22,2000,10000,0.02,19.99,count_core,8,366.76,MEASURED,1,7.3315,2,256,1.0,4.0,fpga-sbm,1000.0000000000001,0.0182358536946959,4.558963423673976,81.09305385680591,0.19999999999999998
grid,G22,2000,10000,0.02,19.99,count_core,8,366.76,MEASURED,1,7.3315,2,256,1.0,4.0,cpu-numba,3959460.399957606,644.6798264604378,18051.035140892258,321084.7354576524,7070.4649999242965
grid,G22,2000,10000,0.02,19.99,count_core,8,366.76,MEASURED,0,0.0,2,256,1.0,10.0,sMTJ-array,0.783,0.013676890271021926,0.0035696683607367224,0.1566,0.15
grid,G22,2000,10000,0.02,19.99,count_core,8,366.76,MEASURED,0,0.0,2,256,1.0,10.0,sMTJ-array-e2e,11.060388335307524,0.23733963583646717,0.05042390587229729,2.2120776670615045,2.6029999999999998
grid,G22,2000,10000,0.02,19.99,count_core,8,366.76,MEASURED,0,0.0,2,256,1.0,10.0,cmos-pbit,5.0,0.09117926847347951,0.02279481711836988,1.0,1.0
grid,G22,2000,10000,0.02,19.99,count_core,8,366.76,MEASURED,0,0.0,2,256,1.0,10.0,fpga-sbm,1000.0000000000001,0.0182358536946959,4.558963423673976,200.00000000000003,0.19999999999999998
grid,G22,2000,10000,0.02,19.99,count_core,8,366.76,MEASURED,0,0.0,2,256,1.0,10.0,cpu-numba,3959460.399957606,644.6798264604378,18051.035140892258,791892.0799915213,7070.4649999242965
grid,G22,2000,10000,0.02,19.99,count_core,8,366.76,MEASURED,1,7.3315,2,256,1.0,10.0,sMTJ-array,8.114512409999998,0.013676890271021926,0.03699376527813855,0.6580305918858497,0.15
grid,G22,2000,10000,0.02,19.99,count_core,8,366.76,MEASURED,1,7.3315,2,256,1.0,10.0,sMTJ-array-e2e,18.39190074530752,0.23733963583646717,0.08384800278969912,1.4914553976682514,2.6029999999999998
grid,G22,2000,10000,0.02,19.99,count_core,8,366.76,MEASURED,1,7.3315,2,256,1.0,10.0,cmos-pbit,12.331512409999998,0.09117926847347951,0.0562189140357717,1.0,1.0
grid,G22,2000,10000,0.02,19.99,count_core,8,366.76,MEASURED,1,7.3315,2,256,1.0,10.0,fpga-sbm,1000.0000000000001,0.0182358536946959,4.558963423673976,81.09305385680591,0.19999999999999998
grid,G22,2000,10000,0.02,19.99,count_core,8,366.76,MEASURED,1,7.3315,2,256,1.0,10.0,cpu-numba,3959460.399957606,644.6798264604378,18051.035140892258,321084.7354576524,7070.4649999242965
grid,G22,2000,10000,0.02,19.99,count_core,8,366.76,MEASURED,0,0.0,2,256,4.0,4.0,sMTJ-array,0.783,0.013676890271021926,0.0035696683607367224,0.1566,0.15
grid,G22,2000,10000,0.02,19.99,count_core,8,366.76,MEASURED,0,0.0,2,256,4.0,4.0,sMTJ-array-e2e,5.491,0.7305282990095179,0.025033268159393798,1.0981999999999998,8.012
grid,G22,2000,10000,0.02,19.99,count_core,8,366.76,MEASURED,0,0.0,2,256,4.0,4.0,cmos-pbit,5.0,0.09117926847347951,0.02279481711836988,1.0,1.0
grid,G22,2000,10000,0.02,19.99,count_core,8,366.76,MEASURED,0,0.0,2,256,4.0,4.0,fpga-sbm,1000.0000000000001,0.0182358536946959,4.558963423673976,200.00000000000003,0.19999999999999998
grid,G22,2000,10000,0.02,19.99,count_core,8,366.76,MEASURED,0,0.0,2,256,4.0,4.0,cpu-numba,3959460.399957606,644.6798264604378,18051.035140892258,791892.0799915213,7070.4649999242965
grid,G22,2000,10000,0.02,19.99,count_core,8,366.76,MEASURED,1,7.3315,2,256,4.0,4.0,sMTJ-array,8.114512409999998,0.013676890271021926,0.03699376527813855,0.6580305918858497,0.15
grid,G22,2000,10000,0.02,19.99,count_core,8,366.76,MEASURED,1,7.3315,2,256,4.0,4.0,sMTJ-array-e2e,12.82251241,0.7305282990095179,0.05845736507679564,1.039816689443692,8.012
grid,G22,2000,10000,0.02,19.99,count_core,8,366.76,MEASURED,1,7.3315,2,256,4.0,4.0,cmos-pbit,12.331512409999998,0.09117926847347951,0.0562189140357717,1.0,1.0
grid,G22,2000,10000,0.02,19.99,count_core,8,366.76,MEASURED,1,7.3315,2,256,4.0,4.0,fpga-sbm,1000.0000000000001,0.0182358536946959,4.558963423673976,81.09305385680591,0.19999999999999998
grid,G22,2000,10000,0.02,19.99,count_core,8,366.76,MEASURED,1,7.3315,2,256,4.0,4.0,cpu-numba,3959460.399957606,644.6798264604378,18051.035140892258,321084.7354576524,7070.4649999242965
grid,G22,2000,10000,0.02,19.99,count_core,8,366.76,MEASURED,0,0.0,2,256,4.0,10.0,sMTJ-array,0.783,0.013676890271021926,0.0035696683607367224,0.1566,0.15
grid,G22,2000,10000,0.02,19.99,count_core,8,366.76,MEASURED,0,0.0,2,256,4.0,10.0,sMTJ-array-e2e,5.5093470838268805,0.7305282990095179,0.02511691184349163,1.1018694167653762,8.012
grid,G22,2000,10000,0.02,19.99,count_core,8,366.76,MEASURED,0,0.0,2,256,4.0,10.0,cmos-pbit,5.0,0.09117926847347951,0.02279481711836988,1.0,1.0
grid,G22,2000,10000,0.02,19.99,count_core,8,366.76,MEASURED,0,0.0,2,256,4.0,10.0,fpga-sbm,1000.0000000000001,0.0182358536946959,4.558963423673976,200.00000000000003,0.19999999999999998
grid,G22,2000,10000,0.02,19.99,count_core,8,366.76,MEASURED,0,0.0,2,256,4.0,10.0,cpu-numba,3959460.399957606,644.6798264604378,18051.035140892258,791892.0799915213,7070.4649999242965
grid,G22,2000,10000,0.02,19.99,count_core,8,366.76,MEASURED,1,7.3315,2,256,4.0,10.0,sMTJ-array,8.114512409999998,0.013676890271021926,0.03699376527813855,0.6580305918858497,0.15
grid,G22,2000,10000,0.02,19.99,count_core,8,366.76,MEASURED,1,7.3315,2,256,4.0,10.0,sMTJ-array-e2e,12.84085949382688,0.7305282990095179,0.058541008760893465,1.0413045105005805,8.012
grid,G22,2000,10000,0.02,19.99,count_core,8,366.76,MEASURED,1,7.3315,2,256,4.0,10.0,cmos-pbit,12.331512409999998,0.09117926847347951,0.0562189140357717,1.0,1.0
grid,G22,2000,10000,0.02,19.99,count_core,8,366.76,MEASURED,1,7.3315,2,256,4.0,10.0,fpga-sbm,1000.0000000000001,0.0182358536946959,4.558963423673976,81.09305385680591,0.19999999999999998
grid,G22,2000,10000,0.02,19.99,count_core,8,366.76,MEASURED,1,7.3315,2,256,4.0,10.0,cpu-numba,3959460.399957606,644.6798264604378,18051.035140892258,321084.7354576524,7070.4649999242965
grid,G22,2000,10000,0.02,19.99,count_core,8,366.76,MEASURED,0,0.0,2,256,16.0,4.0,sMTJ-array,0.783,0.013676890271021926,0.0035696683607367224,0.1566,0.15
grid,G22,2000,10000,0.02,19.99,count_core,8,366.76,MEASURED,0,0.0,2,256,16.0,4.0,sMTJ-array-e2e,4.116999999999999,2.7032829517017207,0.018769252415265756,0.8233999999999999,29.648
grid,G22,2000,10000,0.02,19.99,count_core,8,366.76,MEASURED,0,0.0,2,256,16.0,4.0,cmos-pbit,5.0,0.09117926847347951,0.02279481711836988,1.0,1.0
grid,G22,2000,10000,0.02,19.99,count_core,8,366.76,MEASURED,0,0.0,2,256,16.0,4.0,fpga-sbm,1000.0000000000001,0.0182358536946959,4.558963423673976,200.00000000000003,0.19999999999999998
grid,G22,2000,10000,0.02,19.99,count_core,8,366.76,MEASURED,0,0.0,2,256,16.0,4.0,cpu-numba,3959460.399957606,644.6798264604378,18051.035140892258,791892.0799915213,7070.4649999242965
grid,G22,2000,10000,0.02,19.99,count_core,8,366.76,MEASURED,1,7.3315,2,256,16.0,4.0,sMTJ-array,8.114512409999998,0.013676890271021926,0.03699376527813855,0.6580305918858497,0.15
grid,G22,2000,10000,0.02,19.99,count_core,8,366.76,MEASURED,1,7.3315,2,256,16.0,4.0,sMTJ-array-e2e,11.44851241,2.7032829517017207,0.05219334933266759,0.9283948334444405,29.648
grid,G22,2000,10000,0.02,19.99,count_core,8,366.76,MEASURED,1,7.3315,2,256,16.0,4.0,cmos-pbit,12.331512409999998,0.09117926847347951,0.0562189140357717,1.0,1.0
grid,G22,2000,10000,0.02,19.99,count_core,8,366.76,MEASURED,1,7.3315,2,256,16.0,4.0,fpga-sbm,1000.0000000000001,0.0182358536946959,4.558963423673976,81.09305385680591,0.19999999999999998
grid,G22,2000,10000,0.02,19.99,count_core,8,366.76,MEASURED,1,7.3315,2,256,16.0,4.0,cpu-numba,3959460.399957606,644.6798264604378,18051.035140892258,321084.7354576524,7070.4649999242965
grid,G22,2000,10000,0.02,19.99,count_core,8,366.76,MEASURED,0,0.0,2,256,16.0,10.0,sMTJ-array,0.783,0.013676890271021926,0.0035696683607367224,0.1566,0.15
grid,G22,2000,10000,0.02,19.99,count_core,8,366.76,MEASURED,0,0.0,2,256,16.0,10.0,sMTJ-array-e2e,4.1215867709567195,2.7032829517017207,0.01879016333629021,0.8243173541913438,29.648
grid,G22,2000,10000,0.02,19.99,count_core,8,366.76,MEASURED,0,0.0,2,256,16.0,10.0,cmos-pbit,5.0,0.09117926847347951,0.02279481711836988,1.0,1.0
grid,G22,2000,10000,0.02,19.99,count_core,8,366.76,MEASURED,0,0.0,2,256,16.0,10.0,fpga-sbm,1000.0000000000001,0.0182358536946959,4.558963423673976,200.00000000000003,0.19999999999999998
grid,G22,2000,10000,0.02,19.99,count_core,8,366.76,MEASURED,0,0.0,2,256,16.0,10.0,cpu-numba,3959460.399957606,644.6798264604378,18051.035140892258,791892.0799915213,7070.4649999242965
grid,G22,2000,10000,0.02,19.99,count_core,8,366.76,MEASURED,1,7.3315,2,256,16.0,10.0,sMTJ-array,8.114512409999998,0.013676890271021926,0.03699376527813855,0.6580305918858497,0.15
grid,G22,2000,10000,0.02,19.99,count_core,8,366.76,MEASURED,1,7.3315,2,256,16.0,10.0,sMTJ-array-e2e,11.453099180956718,2.7032829517017207,0.05221426025369204,0.9287667887086626,29.648
grid,G22,2000,10000,0.02,19.99,count_core,8,366.76,MEASURED,1,7.3315,2,256,16.0,10.0,cmos-pbit,12.331512409999998,0.09117926847347951,0.0562189140357717,1.0,1.0
grid,G22,2000,10000,0.02,19.99,count_core,8,366.76,MEASURED,1,7.3315,2,256,16.0,10.0,fpga-sbm,1000.0000000000001,0.0182358536946959,4.558963423673976,81.09305385680591,0.19999999999999998
grid,G22,2000,10000,0.02,19.99,count_core,8,366.76,MEASURED,1,7.3315,2,256,16.0,10.0,cpu-numba,3959460.399957606,644.6798264604378,18051.035140892258,321084.7354576524,7070.4649999242965
grid,G22,2000,10000,0.02,19.99,count_core,8,366.76,MEASURED,0,0.0,3,16,1.0,4.0,sMTJ-array,0.783,0.2137014104847176,0.0035696683607367224,0.1566,0.15
grid,G22,2000,10000,0.02,19.99,count_core,8,366.76,MEASURED,0,0.0,3,16,1.0,4.0,sMTJ-array-e2e,14.675,3.9933670239244234,0.06690278824241559,2.935,2.8030000000000004
grid,G22,2000,10000,0.02,19.99,count_core,8,366.76,MEASURED,0,0.0,3,16,1.0,4.0,cmos-pbit,5.0,1.4246760698981173,0.02279481711836988,1.0,1.0
grid,G22,2000,10000,0.02,19.99,count_core,8,366.76,MEASURED,0,0.0,3,16,1.0,4.0,fpga-sbm,1000.0000000000001,0.0182358536946959,4.558963423673976,200.00000000000003,0.012799999999999999
grid,G22,2000,10000,0.02,19.99,count_core,8,366.76,MEASURED,0,0.0,3,16,1.0,4.0,cpu-numba,3959460.399957606,644.6798264604378,18051.035140892258,791892.0799915213,452.50975999515504
grid,G22,2000,10000,0.02,19.99,count_core,8,366.76,MEASURED,1,7.3315,3,16,1.0,4.0,sMTJ-array,8.114512409999998,0.2137014104847176,0.03699376527813855,0.6580305918858497,0.15
grid,G22,2000,10000,0.02,19.99,count_core,8,366.76,MEASURED,1,7.3315,3,16,1.0,4.0,sMTJ-array-e2e,22.00651241,3.9933670239244234,0.10032688515981741,1.784575296064597,2.8030000000000004
grid,G22,2000,10000,0.02,19.99,count_core,8,366.76,MEASURED,1,7.3315,3,16,1.0,4.0,cmos-pbit,12.331512409999998,1.4246760698981173,0.0562189140357717,1.0,1.0
grid,G22,2000,10000,0.02,19.99,count_core,8,366.76,MEASURED,1,7.3315,3,16,1.0,4.0,fpga-sbm,1000.0000000000001,0.0182358536946959,4.558963423673976,81.09305385680591,0.012799999999999999
grid,G22,2000,10000,0.02,19.99,count_core,8,366.76,MEASURED,1,7.3315,3,16,1.0,4.0,cpu-numba,3959460.399957606,644.6798264604378,18051.035140892258,321084.7354576524,452.50975999515504
grid,G22,2000,10000,0.02,19.99,count_core,8,366.76,MEASURED,0,0.0,3,16,1.0,10.0,sMTJ-array,0.783,0.2137014104847176,0.0035696683607367224,0.1566,0.15
grid,G22,2000,10000,0.02,19.99,count_core,8,366.76,MEASURED,0,0.0,3,16,1.0,10.0,sMTJ-array-e2e,14.772854452004614,3.9933670239244234,0.06734890310994827,2.9545708904009222,2.8030000000000004
grid,G22,2000,10000,0.02,19.99,count_core,8,366.76,MEASURED,0,0.0,3,16,1.0,10.0,cmos-pbit,5.0,1.4246760698981173,0.02279481711836988,1.0,1.0
grid,G22,2000,10000,0.02,19.99,count_core,8,366.76,MEASURED,0,0.0,3,16,1.0,10.0,fpga-sbm,1000.0000000000001,0.0182358536946959,4.558963423673976,200.00000000000003,0.012799999999999999
grid,G22,2000,10000,0.02,19.99,count_core,8,366.76,MEASURED,0,0.0,3,16,1.0,10.0,cpu-numba,3959460.399957606,644.6798264604378,18051.035140892258,791892.0799915213,452.50975999515504
grid,G22,2000,10000,0.02,19.99,count_core,8,366.76,MEASURED,1,7.3315,3,16,1.0,10.0,sMTJ-array,8.114512409999998,0.2137014104847176,0.03699376527813855,0.6580305918858497,0.15
grid,G22,2000,10000,0.02,19.99,count_core,8,366.76,MEASURED,1,7.3315,3,16,1.0,10.0,sMTJ-array-e2e,22.104366862004614,3.9933670239244234,0.10077300002735012,1.7925106124111356,2.8030000000000004
grid,G22,2000,10000,0.02,19.99,count_core,8,366.76,MEASURED,1,7.3315,3,16,1.0,10.0,cmos-pbit,12.331512409999998,1.4246760698981173,0.0562189140357717,1.0,1.0
grid,G22,2000,10000,0.02,19.99,count_core,8,366.76,MEASURED,1,7.3315,3,16,1.0,10.0,fpga-sbm,1000.0000000000001,0.0182358536946959,4.558963423673976,81.09305385680591,0.012799999999999999
grid,G22,2000,10000,0.02,19.99,count_core,8,366.76,MEASURED,1,7.3315,3,16,1.0,10.0,cpu-numba,3959460.399957606,644.6798264604378,18051.035140892258,321084.7354576524,452.50975999515504
grid,G22,2000,10000,0.02,19.99,count_core,8,366.76,MEASURED,0,0.0,3,16,4.0,4.0,sMTJ-array,0.783,0.2137014104847176,0.0035696683607367224,0.1566,0.15
grid,G22,2000,10000,0.02,19.99,count_core,8,366.76,MEASURED,0,0.0,3,16,4.0,4.0,sMTJ-array-e2e,7.34675,11.69943988600334,0.03349356453287678,1.46935,8.212
grid,G22,2000,10000,0.02,19.99,count_core,8,366.76,MEASURED,0,0.0,3,16,4.0,4.0,cmos-pbit,5.0,1.4246760698981173,0.02279481711836988,1.0,1.0
grid,G22,2000,10000,0.02,19.99,count_core,8,366.76,MEASURED,0,0.0,3,16,4.0,4.0,fpga-sbm,1000.0000000000001,0.0182358536946959,4.558963423673976,200.00000000000003,0.012799999999999999
grid,G22,2000,10000,0.02,19.99,count_core,8,366.76,MEASURED,0,0.0,3,16,4.0,4.0,cpu-numba,3959460.399957606,644.6798264604378,18051.035140892258,791892.0799915213,452.50975999515504
grid,G22,2000,10000,0.02,19.99,count_core,8,366.76,MEASURED,1,7.3315,3,16,4.0,4.0,sMTJ-array,8.114512409999998,0.2137014104847176,0.03699376527813855,0.6580305918858497,0.15
grid,G22,2000,10000,0.02,19.99,count_core,8,366.76,MEASURED,1,7.3315,3,16,4.0,4.0,sMTJ-array-e2e,14.67826241,11.69943988600334,0.06691766145027861,1.1903051241384595,8.212
grid,G22,2000,10000,0.02,19.99,count_core,8,366.76,MEASURED,1,7.3315,3,16,4.0,4.0,cmos-pbit,12.331512409999998,1.4246760698981173,0.0562189140357717,1.0,1.0
grid,G22,2000,10000,0.02,19.99,count_core,8,366.76,MEASURED,1,7.3315,3,16,4.0,4.0,fpga-sbm,1000.0000000000001,0.0182358536946959,4.558963423673976,81.09305385680591,0.012799999999999999
grid,G22,2000,10000,0.02,19.99,count_core,8,366.76,MEASURED,1,7.3315,3,16,4.0,4.0,cpu-numba,3959460.399957606,644.6798264604378,18051.035140892258,321084.7354576524,452.50975999515504
grid,G22,2000,10000,0.02,19.99,count_core,8,366.76,MEASURED,0,0.0,3,16,4.0,10.0,sMTJ-array,0.783,0.2137014104847176,0.0035696683607367224,0.1566,0.15
grid,G22,2000,10000,0.02,19.99,count_core,8,366.76,MEASURED,0,0.0,3,16,4.0,10.0,sMTJ-array-e2e,7.371213613001154,11.69943988600334,0.03360509324975995,1.4742427226002306,8.212
grid,G22,2000,10000,0.02,19.99,count_core,8,366.76,MEASURED,0,0.0,3,16,4.0,10.0,cmos-pbit,5.0,1.4246760698981173,0.02279481711836988,1.0,1.0
grid,G22,2000,10000,0.02,19.99,count_core,8,366.76,MEASURED,0,0.0,3,16,4.0,10.0,fpga-sbm,1000.0000000000001,0.0182358536946959,4.558963423673976,200.00000000000003,0.012799999999999999
grid,G22,2000,10000,0.02,19.99,count_core,8,366.76,MEASURED,0,0.0,3,16,4.0,10.0,cpu-numba,3959460.399957606,644.6798264604378,18051.035140892258,791892.0799915213,452.50975999515504
grid,G22,2000,10000,0.02,19.99,count_core,8,366.76,MEASURED,1,7.3315,3,16,4.0,10.0,sMTJ-array,8.114512409999998,0.2137014104847176,0.03699376527813855,0.6580305918858497,0.15
grid,G22,2000,10000,0.02,19.99,count_core,8,366.76,MEASURED,1,7.3315,3,16,4.0,10.0,sMTJ-array-e2e,14.702726023001155,11.69943988600334,0.0670291901671618,1.1922889532250942,8.212
grid,G22,2000,10000,0.02,19.99,count_core,8,366.76,MEASURED,1,7.3315,3,16,4.0,10.0,cmos-pbit,12.331512409999998,1.4246760698981173,0.0562189140357717,1.0,1.0
grid,G22,2000,10000,0.02,19.99,count_core,8,366.76,MEASURED,1,7.3315,3,16,4.0,10.0,fpga-sbm,1000.0000000000001,0.0182358536946959,4.558963423673976,81.09305385680591,0.012799999999999999
grid,G22,2000,10000,0.02,19.99,count_core,8,366.76,MEASURED,1,7.3315,3,16,4.0,10.0,cpu-numba,3959460.399957606,644.6798264604378,18051.035140892258,321084.7354576524,452.50975999515504
grid,G22,2000,10000,0.02,19.99,count_core,8,366.76,MEASURED,0,0.0,3,16,16.0,4.0,sMTJ-array,0.783,0.2137014104847176,0.0035696683607367224,0.1566,0.15
grid,G22,2000,10000,0.02,19.99,count_core,8,366.76,MEASURED,0,0.0,3,16,16.0,4.0,sMTJ-array-e2e,5.5146875,42.52373133431901,0.02514125860549208,1.1029375000000001,29.848000000000003
grid,G22,2000,10000,0.02,19.99,count_core,8,366.76,MEASURED,0,0.0,3,16,16.0,4.0,cmos-pbit,5.0,1.4246760698981173,0.02279481711836988,1.0,1.0
grid,G22,2000,10000,0.02,19.99,count_core,8,366.76,MEASURED,0,0.0,3,16,16.0,4.0,fpga-sbm,1000.0000000000001,0.0182358536946959,4.558963423673976,200.00000000000003,0.012799999999999999
grid,G22,2000,10000,0.02,19.99,count_core,8,366.76,MEASURED,0,0.0,3,16,16.0,4.0,cpu-numba,3959460.399957606,644.6798264604378,18051.035140892258,791892.0799915213,452.50975999515504
grid,G22,2000,10000,0.02,19.99,count_core,8,366.76,MEASURED,1,7.3315,3,16,16.0,4.0,sMTJ-array,8.114512409999998,0.2137014104847176,0.03699376527813855,0.6580305918858497,0.15
grid,G22,2000,10000,0.02,19.99,count_core,8,366.76,MEASURED,1,7.3315,3,16,16.0,4.0,sMTJ-array-e2e,12.84619991,42.52373133431901,0.05856535552289391,1.041737581156925,29.848000000000003
grid,G22,2000,10000,0.02,19.99,count_core,8,366.76,MEASURED,1,7.3315,3,16,16.0,4.0,cmos-pbit,12.331512409999998,1.4246760698981173,0.0562189140357717,1.0,1.0
grid,G22,2000,10000,0.02,19.99,count_core,8,366.76,MEASURED,1,7.3315,3,16,16.0,4.0,fpga-sbm,1000.0000000000001,0.0182358536946959,4.558963423673976,81.09305385680591,0.012799999999999999
grid,G22,2000,10000,0.02,19.99,count_core,8,366.76,MEASURED,1,7.3315,3,16,16.0,4.0,cpu-numba,3959460.399957606,644.6798264604378,18051.035140892258,321084.7354576524,452.50975999515504
grid,G22,2000,10000,0.02,19.99,count_core,8,366.76,MEASURED,0,0.0,3,16,16.0,10.0,sMTJ-array,0.783,0.2137014104847176,0.0035696683607367224,0.1566,0.15
grid,G22,2000,10000,0.02,19.99,count_core,8,366.76,MEASURED,0,0.0,3,16,16.0,10.0,sMTJ-array-e2e,5.520803403250287,42.52373133431901,0.025169140784712864,1.1041606806500575,29.848000000000003
grid,G22,2000,10000,0.02,19.99,count_core,8,366.76,MEASURED,0,0.0,3,16,16.0,10.0,cmos-pbit,5.0,1.4246760698981173,0.02279481711836988,1.0,1.0
grid,G22,2000,10000,0.02,19.99,count_core,8,366.76,MEASURED,0,0.0,3,16,16.0,10.0,fpga-sbm,1000.0000000000001,0.0182358536946959,4.558963423673976,200.00000000000003,0.012799999999999999
grid,G22,2000,10000,0.02,19.99,count_core,8,366.76,MEASURED,0,0.0,3,16,16.0,10.0,cpu-numba,3959460.399957606,644.6798264604378,18051.035140892258,791892.0799915213,452.50975999515504
grid,G22,2000,10000,0.02,19.99,count_core,8,366.76,MEASURED,1,7.3315,3,16,16.0,10.0,sMTJ-array,8.114512409999998,0.2137014104847176,0.03699376527813855,0.6580305918858497,0.15
grid,G22,2000,10000,0.02,19.99,count_core,8,366.76,MEASURED,1,7.3315,3,16,16.0,10.0,sMTJ-array-e2e,12.852315813250287,42.52373133431901,0.0585932377021147,1.0422335384285835,29.848000000000003
grid,G22,2000,10000,0.02,19.99,count_core,8,366.76,MEASURED,1,7.3315,3,16,16.0,10.0,cmos-pbit,12.331512409999998,1.4246760698981173,0.0562189140357717,1.0,1.0
grid,G22,2000,10000,0.02,19.99,count_core,8,366.76,MEASURED,1,7.3315,3,16,16.0,10.0,fpga-sbm,1000.0000000000001,0.0182358536946959,4.558963423673976,81.09305385680591,0.012799999999999999
grid,G22,2000,10000,0.02,19.99,count_core,8,366.76,MEASURED,1,7.3315,3,16,16.0,10.0,cpu-numba,3959460.399957606,644.6798264604378,18051.035140892258,321084.7354576524,452.50975999515504
grid,G22,2000,10000,0.02,19.99,count_core,8,366.76,MEASURED,0,0.0,3,64,1.0,4.0,sMTJ-array,0.783,0.054707561084087704,0.0035696683607367224,0.1566,0.15
grid,G22,2000,10000,0.02,19.99,count_core,8,366.76,MEASURED,0,0.0,3,64,1.0,4.0,sMTJ-array-e2e,14.675,1.0223019581246524,0.06690278824241559,2.935,2.8030000000000004
grid,G22,2000,10000,0.02,19.99,count_core,8,366.76,MEASURED,0,0.0,3,64,1.0,4.0,cmos-pbit,5.0,0.36471707389391805,0.02279481711836988,1.0,1.0
grid,G22,2000,10000,0.02,19.99,count_core,8,366.76,MEASURED,0,0.0,3,64,1.0,4.0,fpga-sbm,1000.0000000000001,0.0182358536946959,4.558963423673976,200.00000000000003,0.049999999999999996
grid,G22,2000,10000,0.02,19.99,count_core,8,366.76,MEASURED,0,0.0,3,64,1.0,4.0,cpu-numba,3959460.399957606,644.6798264604378,18051.035140892258,791892.0799915213,1767.6162499810741
grid,G22,2000,10000,0.02,19.99,count_core,8,366.76,MEASURED,1,7.3315,3,64,1.0,4.0,sMTJ-array,8.114512409999998,0.054707561084087704,0.03699376527813855,0.6580305918858497,0.15
grid,G22,2000,10000,0.02,19.99,count_core,8,366.76,MEASURED,1,7.3315,3,64,1.0,4.0,sMTJ-array-e2e,22.00651241,1.0223019581246524,0.10032688515981741,1.784575296064597,2.8030000000000004
grid,G22,2000,10000,0.02,19.99,count_core,8,366.76,MEASURED,1,7.3315,3,64,1.0,4.0,cmos-pbit,12.331512409999998,0.36471707389391805,0.0562189140357717,1.0,1.0
grid,G22,2000,10000,0.02,19.99,count_core,8,366.76,MEASURED,1,7.3315,3,64,1.0,4.0,fpga-sbm,1000.0000000000001,0.0182358536946959,4.558963423673976,81.09305385680591,0.049999999999999996
grid,G22,2000,10000,0.02,19.99,count_core,8,366.76,MEASURED,1,7.3315,3,64,1.0,4.0,cpu-numba,3959460.399957606,644.6798264604378,18051.035140892258,321084.7354576524,1767.6162499810741
grid,G22,2000,10000,0.02,19.99,count_core,8,366.76,MEASURED,0,0.0,3,64,1.0,10.0,sMTJ-array,0.783,0.054707561084087704,0.0035696683607367224,0.1566,0.15
grid,G22,2000,10000,0.02,19.99,count_core,8,366.76,MEASURED,0,0.0,3,64,1.0,10.0,sMTJ-array-e2e,14.772854452004614,1.0223019581246524,0.06734890310994827,2.9545708904009222,2.8030000000000004
grid,G22,2000,10000,0.02,19.99,count_core,8,366.76,MEASURED,0,0.0,3,64,1.0,10.0,cmos-pbit,5.0,0.36471707389391805,0.02279481711836988,1.0,1.0
grid,G22,2000,10000,0.02,19.99,count_core,8,366.76,MEASURED,0,0.0,3,64,1.0,10.0,fpga-sbm,1000.0000000000001,0.0182358536946959,4.558963423673976,200.00000000000003,0.049999999999999996
grid,G22,2000,10000,0.02,19.99,count_core,8,366.76,MEASURED,0,0.0,3,64,1.0,10.0,cpu-numba,3959460.399957606,644.6798264604378,18051.035140892258,791892.0799915213,1767.6162499810741
grid,G22,2000,10000,0.02,19.99,count_core,8,366.76,MEASURED,1,7.3315,3,64,1.0,10.0,sMTJ-array,8.114512409999998,0.054707561084087704,0.03699376527813855,0.6580305918858497,0.15
grid,G22,2000,10000,0.02,19.99,count_core,8,366.76,MEASURED,1,7.3315,3,64,1.0,10.0,sMTJ-array-e2e,22.104366862004614,1.0223019581246524,0.10077300002735012,1.7925106124111356,2.8030000000000004
grid,G22,2000,10000,0.02,19.99,count_core,8,366.76,MEASURED,1,7.3315,3,64,1.0,10.0,cmos-pbit,12.331512409999998,0.36471707389391805,0.0562189140357717,1.0,1.0
grid,G22,2000,10000,0.02,19.99,count_core,8,366.76,MEASURED,1,7.3315,3,64,1.0,10.0,fpga-sbm,1000.0000000000001,0.0182358536946959,4.558963423673976,81.09305385680591,0.049999999999999996
grid,G22,2000,10000,0.02,19.99,count_core,8,366.76,MEASURED,1,7.3315,3,64,1.0,10.0,cpu-numba,3959460.399957606,644.6798264604378,18051.035140892258,321084.7354576524,1767.6162499810741
grid,G22,2000,10000,0.02,19.99,count_core,8,366.76,MEASURED,0,0.0,3,64,4.0,4.0,sMTJ-array,0.783,0.054707561084087704,0.0035696683607367224,0.1566,0.15
grid,G22,2000,10000,0.02,19.99,count_core,8,366.76,MEASURED,0,0.0,3,64,4.0,4.0,sMTJ-array-e2e,7.34675,2.9950566108168553,0.03349356453287678,1.46935,8.212
grid,G22,2000,10000,0.02,19.99,count_core,8,366.76,MEASURED,0,0.0,3,64,4.0,4.0,cmos-pbit,5.0,0.36471707389391805,0.02279481711836988,1.0,1.0
grid,G22,2000,10000,0.02,19.99,count_core,8,366.76,MEASURED,0,0.0,3,64,4.0,4.0,fpga-sbm,1000.0000000000001,0.0182358536946959,4.558963423673976,200.00000000000003,0.049999999999999996
grid,G22,2000,10000,0.02,19.99,count_core,8,366.76,MEASURED,0,0.0,3,64,4.0,4.0,cpu-numba,3959460.399957606,644.6798264604378,18051.035140892258,791892.0799915213,1767.6162499810741
grid,G22,2000,10000,0.02,19.99,count_core,8,366.76,MEASURED,1,7.3315,3,64,4.0,4.0,sMTJ-array,8.114512409999998,0.054707561084087704,0.03699376527813855,0.6580305918858497,0.15
grid,G22,2000,10000,0.02,19.99,count_core,8,366.76,MEASURED,1,7.3315,3,64,4.0,4.0,sMTJ-array-e2e,14.67826241,2.9950566108168553,0.06691766145027861,1.1903051241384595,8.212
grid,G22,2000,10000,0.02,19.99,count_core,8,366.76,MEASURED,1,7.3315,3,64,4.0,4.0,cmos-pbit,12.331512409999998,0.36471707389391805,0.0562189140357717,1.0,1.0
grid,G22,2000,10000,0.02,19.99,count_core,8,366.76,MEASURED,1,7.3315,3,64,4.0,4.0,fpga-sbm,1000.0000000000001,0.0182358536946959,4.558963423673976,81.09305385680591,0.049999999999999996
grid,G22,2000,10000,0.02,19.99,count_core,8,366.76,MEASURED,1,7.3315,3,64,4.0,4.0,cpu-numba,3959460.399957606,644.6798264604378,18051.035140892258,321084.7354576524,1767.6162499810741
grid,G22,2000,10000,0.02,19.99,count_core,8,366.76,MEASURED,0,0.0,3,64,4.0,10.0,sMTJ-array,0.783,0.054707561084087704,0.0035696683607367224,0.1566,0.15
grid,G22,2000,10000,0.02,19.99,count_core,8,366.76,MEASURED,0,0.0,3,64,4.0,10.0,sMTJ-array-e2e,7.371213613001154,2.9950566108168553,0.03360509324975995,1.4742427226002306,8.212
grid,G22,2000,10000,0.02,19.99,count_core,8,366.76,MEASURED,0,0.0,3,64,4.0,10.0,cmos-pbit,5.0,0.36471707389391805,0.02279481711836988,1.0,1.0
grid,G22,2000,10000,0.02,19.99,count_core,8,366.76,MEASURED,0,0.0,3,64,4.0,10.0,fpga-sbm,1000.0000000000001,0.0182358536946959,4.558963423673976,200.00000000000003,0.049999999999999996
grid,G22,2000,10000,0.02,19.99,count_core,8,366.76,MEASURED,0,0.0,3,64,4.0,10.0,cpu-numba,3959460.399957606,644.6798264604378,18051.035140892258,791892.0799915213,1767.6162499810741
grid,G22,2000,10000,0.02,19.99,count_core,8,366.76,MEASURED,1,7.3315,3,64,4.0,10.0,sMTJ-array,8.114512409999998,0.054707561084087704,0.03699376527813855,0.6580305918858497,0.15
grid,G22,2000,10000,0.02,19.99,count_core,8,366.76,MEASURED,1,7.3315,3,64,4.0,10.0,sMTJ-array-e2e,14.702726023001155,2.9950566108168553,0.0670291901671618,1.1922889532250942,8.212
grid,G22,2000,10000,0.02,19.99,count_core,8,366.76,MEASURED,1,7.3315,3,64,4.0,10.0,cmos-pbit,12.331512409999998,0.36471707389391805,0.0562189140357717,1.0,1.0
grid,G22,2000,10000,0.02,19.99,count_core,8,366.76,MEASURED,1,7.3315,3,64,4.0,10.0,fpga-sbm,1000.0000000000001,0.0182358536946959,4.558963423673976,81.09305385680591,0.049999999999999996
grid,G22,2000,10000,0.02,19.99,count_core,8,366.76,MEASURED,1,7.3315,3,64,4.0,10.0,cpu-numba,3959460.399957606,644.6798264604378,18051.035140892258,321084.7354576524,1767.6162499810741
grid,G22,2000,10000,0.02,19.99,count_core,8,366.76,MEASURED,0,0.0,3,64,16.0,4.0,sMTJ-array,0.783,0.054707561084087704,0.0035696683607367224,0.1566,0.15
grid,G22,2000,10000,0.02,19.99,count_core,8,366.76,MEASURED,0,0.0,3,64,16.0,4.0,sMTJ-array-e2e,5.5146875,10.886075221585667,0.02514125860549208,1.1029375000000001,29.848000000000003
grid,G22,2000,10000,0.02,19.99,count_core,8,366.76,MEASURED,0,0.0,3,64,16.0,4.0,cmos-pbit,5.0,0.36471707389391805,0.02279481711836988,1.0,1.0
grid,G22,2000,10000,0.02,19.99,count_core,8,366.76,MEASURED,0,0.0,3,64,16.0,4.0,fpga-sbm,1000.0000000000001,0.0182358536946959,4.558963423673976,200.00000000000003,0.049999999999999996
grid,G22,2000,10000,0.02,19.99,count_core,8,366.76,MEASURED,0,0.0,3,64,16.0,4.0,cpu-numba,3959460.399957606,644.6798264604378,18051.035140892258,791892.0799915213,1767.6162499810741
grid,G22,2000,10000,0.02,19.99,count_core,8,366.76,MEASURED,1,7.3315,3,64,16.0,4.0,sMTJ-array,8.114512409999998,0.054707561084087704,0.03699376527813855,0.6580305918858497,0.15
grid,G22,2000,10000,0.02,19.99,count_core,8,366.76,MEASURED,1,7.3315,3,64,16.0,4.0,sMTJ-array-e2e,12.84619991,10.886075221585667,0.05856535552289391,1.041737581156925,29.848000000000003
grid,G22,2000,10000,0.02,19.99,count_core,8,366.76,MEASURED,1,7.3315,3,64,16.0,4.0,cmos-pbit,12.331512409999998,0.36471707389391805,0.0562189140357717,1.0,1.0
grid,G22,2000,10000,0.02,19.99,count_core,8,366.76,MEASURED,1,7.3315,3,64,16.0,4.0,fpga-sbm,1000.0000000000001,0.0182358536946959,4.558963423673976,81.09305385680591,0.049999999999999996
grid,G22,2000,10000,0.02,19.99,count_core,8,366.76,MEASURED,1,7.3315,3,64,16.0,4.0,cpu-numba,3959460.399957606,644.6798264604378,18051.035140892258,321084.7354576524,1767.6162499810741
grid,G22,2000,10000,0.02,19.99,count_core,8,366.76,MEASURED,0,0.0,3,64,16.0,10.0,sMTJ-array,0.783,0.054707561084087704,0.0035696683607367224,0.1566,0.15
grid,G22,2000,10000,0.02,19.99,count_core,8,366.76,MEASURED,0,0.0,3,64,16.0,10.0,sMTJ-array-e2e,5.520803403250287,10.886075221585667,0.025169140784712864,1.1041606806500575,29.848000000000003
grid,G22,2000,10000,0.02,19.99,count_core,8,366.76,MEASURED,0,0.0,3,64,16.0,10.0,cmos-pbit,5.0,0.36471707389391805,0.02279481711836988,1.0,1.0
grid,G22,2000,10000,0.02,19.99,count_core,8,366.76,MEASURED,0,0.0,3,64,16.0,10.0,fpga-sbm,1000.0000000000001,0.0182358536946959,4.558963423673976,200.00000000000003,0.049999999999999996
grid,G22,2000,10000,0.02,19.99,count_core,8,366.76,MEASURED,0,0.0,3,64,16.0,10.0,cpu-numba,3959460.399957606,644.6798264604378,18051.035140892258,791892.0799915213,1767.6162499810741
grid,G22,2000,10000,0.02,19.99,count_core,8,366.76,MEASURED,1,7.3315,3,64,16.0,10.0,sMTJ-array,8.114512409999998,0.054707561084087704,0.03699376527813855,0.6580305918858497,0.15
grid,G22,2000,10000,0.02,19.99,count_core,8,366.76,MEASURED,1,7.3315,3,64,16.0,10.0,sMTJ-array-e2e,12.852315813250287,10.886075221585667,0.0585932377021147,1.0422335384285835,29.848000000000003
grid,G22,2000,10000,0.02,19.99,count_core,8,366.76,MEASURED,1,7.3315,3,64,16.0,10.0,cmos-pbit,12.331512409999998,0.36471707389391805,0.0562189140357717,1.0,1.0
grid,G22,2000,10000,0.02,19.99,count_core,8,366.76,MEASURED,1,7.3315,3,64,16.0,10.0,fpga-sbm,1000.0000000000001,0.0182358536946959,4.558963423673976,81.09305385680591,0.049999999999999996
grid,G22,2000,10000,0.02,19.99,count_core,8,366.76,MEASURED,1,7.3315,3,64,16.0,10.0,cpu-numba,3959460.399957606,644.6798264604378,18051.035140892258,321084.7354576524,1767.6162499810741
grid,G22,2000,10000,0.02,19.99,count_core,8,366.76,MEASURED,0,0.0,3,256,1.0,4.0,sMTJ-array,0.783,0.013676890271021926,0.0035696683607367224,0.1566,0.15
grid,G22,2000,10000,0.02,19.99,count_core,8,366.76,MEASURED,0,0.0,3,256,1.0,4.0,sMTJ-array-e2e,14.675,0.2555754895311631,0.06690278824241559,2.935,2.8030000000000004
grid,G22,2000,10000,0.02,19.99,count_core,8,366.76,MEASURED,0,0.0,3,256,1.0,4.0,cmos-pbit,5.0,0.09117926847347951,0.02279481711836988,1.0,1.0
grid,G22,2000,10000,0.02,19.99,count_core,8,366.76,MEASURED,0,0.0,3,256,1.0,4.0,fpga-sbm,1000.0000000000001,0.0182358536946959,4.558963423673976,200.00000000000003,0.19999999999999998
grid,G22,2000,10000,0.02,19.99,count_core,8,366.76,MEASURED,0,0.0,3,256,1.0,4.0,cpu-numba,3959460.399957606,644.6798264604378,18051.035140892258,791892.0799915213,7070.4649999242965
grid,G22,2000,10000,0.02,19.99,count_core,8,366.76,MEASURED,1,7.3315,3,256,1.0,4.0,sMTJ-array,8.114512409999998,0.013676890271021926,0.03699376527813855,0.6580305918858497,0.15
grid,G22,2000,10000,0.02,19.99,count_core,8,366.76,MEASURED,1,7.3315,3,256,1.0,4.0,sMTJ-array-e2e,22.00651241,0.2555754895311631,0.10032688515981741,1.784575296064597,2.8030000000000004
grid,G22,2000,10000,0.02,19.99,count_core,8,366.76,MEASURED,1,7.3315,3,256,1.0,4.0,cmos-pbit,12.331512409999998,0.09117926847347951,0.0562189140357717,1.0,1.0
grid,G22,2000,10000,0.02,19.99,count_core,8,366.76,MEASURED,1,7.3315,3,256,1.0,4.0,fpga-sbm,1000.0000000000001,0.0182358536946959,4.558963423673976,81.09305385680591,0.19999999999999998
grid,G22,2000,10000,0.02,19.99,count_core,8,366.76,MEASURED,1,7.3315,3,256,1.0,4.0,cpu-numba,3959460.399957606,644.6798264604378,18051.035140892258,321084.7354576524,7070.4649999242965
grid,G22,2000,10000,0.02,19.99,count_core,8,366.76,MEASURED,0,0.0,3,256,1.0,10.0,sMTJ-array,0.783,0.013676890271021926,0.0035696683607367224,0.1566,0.15
grid,G22,2000,10000,0.02,19.99,count_core,8,366.76,MEASURED,0,0.0,3,256,1.0,10.0,sMTJ-array-e2e,14.772854452004614,0.2555754895311631,0.06734890310994827,2.9545708904009222,2.8030000000000004
grid,G22,2000,10000,0.02,19.99,count_core,8,366.76,MEASURED,0,0.0,3,256,1.0,10.0,cmos-pbit,5.0,0.09117926847347951,0.02279481711836988,1.0,1.0
grid,G22,2000,10000,0.02,19.99,count_core,8,366.76,MEASURED,0,0.0,3,256,1.0,10.0,fpga-sbm,1000.0000000000001,0.0182358536946959,4.558963423673976,200.00000000000003,0.19999999999999998
grid,G22,2000,10000,0.02,19.99,count_core,8,366.76,MEASURED,0,0.0,3,256,1.0,10.0,cpu-numba,3959460.399957606,644.6798264604378,18051.035140892258,791892.0799915213,7070.4649999242965
grid,G22,2000,10000,0.02,19.99,count_core,8,366.76,MEASURED,1,7.3315,3,256,1.0,10.0,sMTJ-array,8.114512409999998,0.013676890271021926,0.03699376527813855,0.6580305918858497,0.15
grid,G22,2000,10000,0.02,19.99,count_core,8,366.76,MEASURED,1,7.3315,3,256,1.0,10.0,sMTJ-array-e2e,22.104366862004614,0.2555754895311631,0.10077300002735012,1.7925106124111356,2.8030000000000004
grid,G22,2000,10000,0.02,19.99,count_core,8,366.76,MEASURED,1,7.3315,3,256,1.0,10.0,cmos-pbit,12.331512409999998,0.09117926847347951,0.0562189140357717,1.0,1.0
grid,G22,2000,10000,0.02,19.99,count_core,8,366.76,MEASURED,1,7.3315,3,256,1.0,10.0,fpga-sbm,1000.0000000000001,0.0182358536946959,4.558963423673976,81.09305385680591,0.19999999999999998
grid,G22,2000,10000,0.02,19.99,count_core,8,366.76,MEASURED,1,7.3315,3,256,1.0,10.0,cpu-numba,3959460.399957606,644.6798264604378,18051.035140892258,321084.7354576524,7070.4649999242965
grid,G22,2000,10000,0.02,19.99,count_core,8,366.76,MEASURED,0,0.0,3,256,4.0,4.0,sMTJ-array,0.783,0.013676890271021926,0.0035696683607367224,0.1566,0.15
grid,G22,2000,10000,0.02,19.99,count_core,8,366.76,MEASURED,0,0.0,3,256,4.0,4.0,sMTJ-array-e2e,7.34675,0.7487641527042138,0.03349356453287678,1.46935,8.212
grid,G22,2000,10000,0.02,19.99,count_core,8,366.76,MEASURED,0,0.0,3,256,4.0,4.0,cmos-pbit,5.0,0.09117926847347951,0.02279481711836988,1.0,1.0
grid,G22,2000,10000,0.02,19.99,count_core,8,366.76,MEASURED,0,0.0,3,256,4.0,4.0,fpga-sbm,1000.0000000000001,0.0182358536946959,4.558963423673976,200.00000000000003,0.19999999999999998
grid,G22,2000,10000,0.02,19.99,count_core,8,366.76,MEASURED,0,0.0,3,256,4.0,4.0,cpu-numba,3959460.399957606,644.6798264604378,18051.035140892258,791892.0799915213,7070.4649999242965
grid,G22,2000,10000,0.02,19.99,count_core,8,366.76,MEASURED,1,7.3315,3,256,4.0,4.0,sMTJ-array,8.114512409999998,0.013676890271021926,0.03699376527813855,0.6580305918858497,0.15
grid,G22,2000,10000,0.02,19.99,count_core,8,366.76,MEASURED,1,7.3315,3,256,4.0,4.0,sMTJ-array-e2e,14.67826241,0.7487641527042138,0.06691766145027861,1.1903051241384595,8.212
grid,G22,2000,10000,0.02,19.99,count_core,8,366.76,MEASURED,1,7.3315,3,256,4.0,4.0,cmos-pbit,12.331512409999998,0.09117926847347951,0.0562189140357717,1.0,1.0
grid,G22,2000,10000,0.02,19.99,count_core,8,366.76,MEASURED,1,7.3315,3,256,4.0,4.0,fpga-sbm,1000.0000000000001,0.0182358536946959,4.558963423673976,81.09305385680591,0.19999999999999998
grid,G22,2000,10000,0.02,19.99,count_core,8,366.76,MEASURED,1,7.3315,3,256,4.0,4.0,cpu-numba,3959460.399957606,644.6798264604378,18051.035140892258,321084.7354576524,7070.4649999242965
grid,G22,2000,10000,0.02,19.99,count_core,8,366.76,MEASURED,0,0.0,3,256,4.0,10.0,sMTJ-array,0.783,0.013676890271021926,0.0035696683607367224,0.1566,0.15
grid,G22,2000,10000,0.02,19.99,count_core,8,366.76,MEASURED,0,0.0,3,256,4.0,10.0,sMTJ-array-e2e,7.371213613001154,0.7487641527042138,0.03360509324975995,1.4742427226002306,8.212
grid,G22,2000,10000,0.02,19.99,count_core,8,366.76,MEASURED,0,0.0,3,256,4.0,10.0,cmos-pbit,5.0,0.09117926847347951,0.02279481711836988,1.0,1.0
grid,G22,2000,10000,0.02,19.99,count_core,8,366.76,MEASURED,0,0.0,3,256,4.0,10.0,fpga-sbm,1000.0000000000001,0.0182358536946959,4.558963423673976,200.00000000000003,0.19999999999999998
grid,G22,2000,10000,0.02,19.99,count_core,8,366.76,MEASURED,0,0.0,3,256,4.0,10.0,cpu-numba,3959460.399957606,644.6798264604378,18051.035140892258,791892.0799915213,7070.4649999242965
grid,G22,2000,10000,0.02,19.99,count_core,8,366.76,MEASURED,1,7.3315,3,256,4.0,10.0,sMTJ-array,8.114512409999998,0.013676890271021926,0.03699376527813855,0.6580305918858497,0.15
grid,G22,2000,10000,0.02,19.99,count_core,8,366.76,MEASURED,1,7.3315,3,256,4.0,10.0,sMTJ-array-e2e,14.702726023001155,0.7487641527042138,0.0670291901671618,1.1922889532250942,8.212
grid,G22,2000,10000,0.02,19.99,count_core,8,366.76,MEASURED,1,7.3315,3,256,4.0,10.0,cmos-pbit,12.331512409999998,0.09117926847347951,0.0562189140357717,1.0,1.0
grid,G22,2000,10000,0.02,19.99,count_core,8,366.76,MEASURED,1,7.3315,3,256,4.0,10.0,fpga-sbm,1000.0000000000001,0.0182358536946959,4.558963423673976,81.09305385680591,0.19999999999999998
grid,G22,2000,10000,0.02,19.99,count_core,8,366.76,MEASURED,1,7.3315,3,256,4.0,10.0,cpu-numba,3959460.399957606,644.6798264604378,18051.035140892258,321084.7354576524,7070.4649999242965
grid,G22,2000,10000,0.02,19.99,count_core,8,366.76,MEASURED,0,0.0,3,256,16.0,4.0,sMTJ-array,0.783,0.013676890271021926,0.0035696683607367224,0.1566,0.15
grid,G22,2000,10000,0.02,19.99,count_core,8,366.76,MEASURED,0,0.0,3,256,16.0,4.0,sMTJ-array-e2e,5.5146875,2.7215188053964168,0.02514125860549208,1.1029375000000001,29.848000000000003
grid,G22,2000,10000,0.02,19.99,count_core,8,366.76,MEASURED,0,0.0,3,256,16.0,4.0,cmos-pbit,5.0,0.09117926847347951,0.02279481711836988,1.0,1.0
grid,G22,2000,10000,0.02,19.99,count_core,8,366.76,MEASURED,0,0.0,3,256,16.0,4.0,fpga-sbm,1000.0000000000001,0.0182358536946959,4.558963423673976,200.00000000000003,0.19999999999999998
grid,G22,2000,10000,0.02,19.99,count_core,8,366.76,MEASURED,0,0.0,3,256,16.0,4.0,cpu-numba,3959460.399957606,644.6798264604378,18051.035140892258,791892.0799915213,7070.4649999242965
grid,G22,2000,10000,0.02,19.99,count_core,8,366.76,MEASURED,1,7.3315,3,256,16.0,4.0,sMTJ-array,8.114512409999998,0.013676890271021926,0.03699376527813855,0.6580305918858497,0.15
grid,G22,2000,10000,0.02,19.99,count_core,8,366.76,MEASURED,1,7.3315,3,256,16.0,4.0,sMTJ-array-e2e,12.84619991,2.7215188053964168,0.05856535552289391,1.041737581156925,29.848000000000003
grid,G22,2000,10000,0.02,19.99,count_core,8,366.76,MEASURED,1,7.3315,3,256,16.0,4.0,cmos-pbit,12.331512409999998,0.09117926847347951,0.0562189140357717,1.0,1.0
grid,G22,2000,10000,0.02,19.99,count_core,8,366.76,MEASURED,1,7.3315,3,256,16.0,4.0,fpga-sbm,1000.0000000000001,0.0182358536946959,4.558963423673976,81.09305385680591,0.19999999999999998
grid,G22,2000,10000,0.02,19.99,count_core,8,366.76,MEASURED,1,7.3315,3,256,16.0,4.0,cpu-numba,3959460.399957606,644.6798264604378,18051.035140892258,321084.7354576524,7070.4649999242965
grid,G22,2000,10000,0.02,19.99,count_core,8,366.76,MEASURED,0,0.0,3,256,16.0,10.0,sMTJ-array,0.783,0.013676890271021926,0.0035696683607367224,0.1566,0.15
grid,G22,2000,10000,0.02,19.99,count_core,8,366.76,MEASURED,0,0.0,3,256,16.0,10.0,sMTJ-array-e2e,5.520803403250287,2.7215188053964168,0.025169140784712864,1.1041606806500575,29.848000000000003
grid,G22,2000,10000,0.02,19.99,count_core,8,366.76,MEASURED,0,0.0,3,256,16.0,10.0,cmos-pbit,5.0,0.09117926847347951,0.02279481711836988,1.0,1.0
grid,G22,2000,10000,0.02,19.99,count_core,8,366.76,MEASURED,0,0.0,3,256,16.0,10.0,fpga-sbm,1000.0000000000001,0.0182358536946959,4.558963423673976,200.00000000000003,0.19999999999999998
grid,G22,2000,10000,0.02,19.99,count_core,8,366.76,MEASURED,0,0.0,3,256,16.0,10.0,cpu-numba,3959460.399957606,644.6798264604378,18051.035140892258,791892.0799915213,7070.4649999242965
grid,G22,2000,10000,0.02,19.99,count_core,8,366.76,MEASURED,1,7.3315,3,256,16.0,10.0,sMTJ-array,8.114512409999998,0.013676890271021926,0.03699376527813855,0.6580305918858497,0.15
grid,G22,2000,10000,0.02,19.99,count_core,8,366.76,MEASURED,1,7.3315,3,256,16.0,10.0,sMTJ-array-e2e,12.852315813250287,2.7215188053964168,0.0585932377021147,1.0422335384285835,29.848000000000003
grid,G22,2000,10000,0.02,19.99,count_core,8,366.76,MEASURED,1,7.3315,3,256,16.0,10.0,cmos-pbit,12.331512409999998,0.09117926847347951,0.0562189140357717,1.0,1.0
grid,G22,2000,10000,0.02,19.99,count_core,8,366.76,MEASURED,1,7.3315,3,256,16.0,10.0,fpga-sbm,1000.0000000000001,0.0182358536946959,4.558963423673976,81.09305385680591,0.19999999999999998
grid,G22,2000,10000,0.02,19.99,count_core,8,366.76,MEASURED,1,7.3315,3,256,16.0,10.0,cpu-numba,3959460.399957606,644.6798264604378,18051.035140892258,321084.7354576524,7070.4649999242965
readgrow:device_growth_only,G1,800,10000,0.685,47.94,count_core,8,366.76,MEASURED,1,17.5824,1,64,1.0,4.0,sMTJ-array,18.365426459999995,0.0003886866695581642,0.000585714580164331,0.8132618738969648,0.15
readgrow:device_growth_only,G1,800,10000,0.685,47.94,count_core,8,366.76,MEASURED,1,17.5824,1,64,1.0,4.0,sMTJ-array-e2e,27.992360302528468,0.006226760446321792,0.0008927390604358529,1.239563886197572,2.4030000000000005
readgrow:device_growth_only,G1,800,10000,0.685,47.94,count_core,8,366.76,MEASURED,1,17.5824,1,64,1.0,4.0,cmos-pbit,22.582426459999994,0.002591244463721095,0.0007202041543613999,1.0,1.0
readgrow:device_growth_only,G1,800,10000,0.685,47.94,count_core,8,366.76,MEASURED,1,17.5824,1,64,1.0,4.0,fpga-sbm,1000.0000000000001,0.000159461197767452,0.0318922395534904,44.282221034630155,0.06153846153846154
readgrow:device_growth_only,G1,800,10000,0.685,47.94,count_core,8,366.76,MEASURED,1,17.5824,1,64,1.0,4.0,cpu-numba,3959460.399957606,4.509859270643103,126.27605957800687,175333.7006087878,1740.4221538275192
readgrow:device_growth_only,G1,800,10000,0.685,47.94,count_core,8,366.76,MEASURED,1,17.5824,1,64,4.0,4.0,sMTJ-array,18.365426459999995,0.0003886866695581642,0.000585714580164331,0.8132618738969648,0.15
readgrow:device_growth_only,G1,800,10000,0.685,47.94,count_core,8,366.76,MEASURED,1,17.5824,1,64,4.0,4.0,sMTJ-array-e2e,24.327860302528467,0.020242801750589196,0.0007758699485920874,1.07729168721617,7.812000000000001
readgrow:device_growth_only,G1,800,10000,0.685,47.94,count_core,8,366.76,MEASURED,1,17.5824,1,64,4.0,4.0,cmos-pbit,22.582426459999994,0.002591244463721095,0.0007202041543613999,1.0,1.0
readgrow:device_growth_only,G1,800,10000,0.685,47.94,count_core,8,366.76,MEASURED,1,17.5824,1,64,4.0,4.0,fpga-sbm,1000.0000000000001,0.000159461197767452,0.0318922395534904,44.282221034630155,0.06153846153846154
readgrow:device_growth_only,G1,800,10000,0.685,47.94,count_core,8,366.76,MEASURED,1,17.5824,1,64,4.0,4.0,cpu-numba,3959460.399957606,4.509859270643103,126.27605957800687,175333.7006087878,1740.4221538275192
readgrow:device_growth_only,G1,800,10000,0.685,47.94,count_core,8,366.76,MEASURED,1,17.5824,1,64,16.0,4.0,sMTJ-array,18.365426459999995,0.0003886866695581642,0.000585714580164331,0.8132618738969648,0.15
readgrow:device_growth_only,G1,800,10000,0.685,47.94,count_core,8,366.76,MEASURED,1,17.5824,1,64,16.0,4.0,sMTJ-array-e2e,23.411735302528466,0.0763069669676588,0.0007466526706311459,1.0367236374708193,29.448
readgrow:device_growth_only,G1,800,10000,0.685,47.94,count_core,8,366.76,MEASURED,1,17.5824,1,64,16.0,4.0,cmos-pbit,22.582426459999994,0.002591244463721095,0.0007202041543613999,1.0,1.0
readgrow:device_growth_only,G1,800,10000,0.685,47.94,count_core,8,366.76,MEASURED,1,17.5824,1,64,16.0,4.0,fpga-sbm,1000.0000000000001,0.000159461197767452,0.0318922395534904,44.282221034630155,0.06153846153846154
readgrow:device_growth_only,G1,800,10000,0.685,47.94,count_core,8,366.76,MEASURED,1,17.5824,1,64,16.0,4.0,cpu-numba,3959460.399957606,4.509859270643103,126.27605957800687,175333.7006087878,1740.4221538275192
readgrow:device_growth_only,G1,800,10000,0.685,47.94,count_core,8,366.76,MEASURED,1,17.5824,2,64,1.0,4.0,sMTJ-array,18.365426459999995,0.0003886866695581642,0.000585714580164331,0.8132618738969648,0.15
readgrow:device_growth_only,G1,800,10000,0.685,47.94,count_core,8,366.76,MEASURED,1,17.5824,2,64,1.0,4.0,sMTJ-array-e2e,31.67936030252847,0.006745009339066011,0.001010325747669572,1.4028324351522534,2.6030000000000006
readgrow:device_growth_only,G1,800,10000,0.685,47.94,count_core,8,366.76,MEASURED,1,17.5824,2,64,1.0,4.0,cmos-pbit,22.582426459999994,0.002591244463721095,0.0007202041543613999,1.0,1.0
readgrow:device_growth_only,G1,800,10000,0.685,47.94,count_core,8,366.76,MEASURED,1,17.5824,2,64,1.0,4.0,fpga-sbm,1000.0000000000001,0.000159461197767452,0.0318922395534904,44.282221034630155,0.06153846153846154
readgrow:device_growth_only,G1,800,10000,0.685,47.94,count_core,8,366.76,MEASURED,1,17.5824,2,64,1.0,4.0,cpu-numba,3959460.399957606,4.509859270643103,126.27605957800687,175333.7006087878,1740.4221538275192
readgrow:device_growth_only,G1,800,10000,0.685,47.94,count_core,8,366.76,MEASURED,1,17.5824,2,64,4.0,4.0,sMTJ-array,18.365426459999995,0.0003886866695581642,0.000585714580164331,0.8132618738969648,0.15
readgrow:device_growth_only,G1,800,10000,0.685,47.94,count_core,8,366.76,MEASURED,1,17.5824,2,64,4.0,4.0,sMTJ-array-e2e,26.18336030252847,0.020761050643333414,0.0008350459990835887,1.159457348345926,8.012
readgrow:device_growth_only,G1,800,10000,0.685,47.94,count_core,8,366.76,MEASURED,1,17.5824,2,64,4.0,4.0,cmos-pbit,22.582426459999994,0.002591244463721095,0.0007202041543613999,1.0,1.0
readgrow:device_growth_only,G1,800,10000,0.685,47.94,count_core,8,366.76,MEASURED,1,17.5824,2,64,4.0,4.0,fpga-sbm,1000.0000000000001,0.000159461197767452,0.0318922395534904,44.282221034630155,0.06153846153846154
readgrow:device_growth_only,G1,800,10000,0.685,47.94,count_core,8,366.76,MEASURED,1,17.5824,2,64,4.0,4.0,cpu-numba,3959460.399957606,4.509859270643103,126.27605957800687,175333.7006087878,1740.4221538275192
readgrow:device_growth_only,G1,800,10000,0.685,47.94,count_core,8,366.76,MEASURED,1,17.5824,2,64,16.0,4.0,sMTJ-array,18.365426459999995,0.0003886866695581642,0.000585714580164331,0.8132618738969648,0.15
readgrow:device_growth_only,G1,800,10000,0.685,47.94,count_core,8,366.76,MEASURED,1,17.5824,2,64,16.0,4.0,sMTJ-array-e2e,24.80936030252847,0.07682521586040303,0.000791226061937093,1.0986135766443443,29.648000000000003
readgrow:device_growth_only,G1,800,10000,0.685,47.94,count_core,8,366.76,MEASURED,1,17.5824,2,64,16.0,4.0,cmos-pbit,22.582426459999994,0.002591244463721095,0.0007202041543613999,1.0,1.0
readgrow:device_growth_only,G1,800,10000,0.685,47.94,count_core,8,366.76,MEASURED,1,17.5824,2,64,16.0,4.0,fpga-sbm,1000.0000000000001,0.000159461197767452,0.0318922395534904,44.282221034630155,0.06153846153846154
readgrow:device_growth_only,G1,800,10000,0.685,47.94,count_core,8,366.76,MEASURED,1,17.5824,2,64,16.0,4.0,cpu-numba,3959460.399957606,4.509859270643103,126.27605957800687,175333.7006087878,1740.4221538275192
readgrow:device_growth_only,G1,800,10000,0.685,47.94,count_core,8,366.76,MEASURED,1,17.5824,3,64,1.0,4.0,sMTJ-array,18.365426459999995,0.0003886866695581642,0.000585714580164331,0.8132618738969648,0.15
readgrow:device_growth_only,G1,800,10000,0.685,47.94,count_core,8,366.76,MEASURED,1,17.5824,3,64,1.0,4.0,sMTJ-array-e2e,35.36736030252847,0.00726325823181023,0.0011279443271428444,1.5661452663279691,2.8030000000000004
readgrow:device_growth_only,G1,800,10000,0.685,47.94,count_core,8,366.76,MEASURED,1,17.5824,3,64,1.0,4.0,cmos-pbit,22.582426459999994,0.002591244463721095,0.0007202041543613999,1.0,1.0
readgrow:device_growth_only,G1,800,10000,0.685,47.94,count_core,8,366.76,MEASURED,1,17.5824,3,64,1.0,4.0,fpga-sbm,1000.0000000000001,0.000159461197767452,0.0318922395534904,44.282221034630155,0.06153846153846154
readgrow:device_growth_only,G1,800,10000,0.685,47.94,count_core,8,366.76,MEASURED,1,17.5824,3,64,1.0,4.0,cpu-numba,3959460.399957606,4.509859270643103,126.27605957800687,175333.7006087878,1740.4221538275192
readgrow:device_growth_only,G1,800,10000,0.685,47.94,count_core,8,366.76,MEASURED,1,17.5824,3,64,4.0,4.0,sMTJ-array,18.365426459999995,0.0003886866695581642,0.000585714580164331,0.8132618738969648,0.15
readgrow:device_growth_only,G1,800,10000,0.685,47.94,count_core,8,366.76,MEASURED,1,17.5824,3,64,4.0,4.0,sMTJ-array-e2e,28.03911030252847,0.02127929953607763,0.0008942300226349786,1.2416340800309411,8.212
readgrow:device_growth_only,G1,800,10000,0.685,47.94,count_core,8,366.76,MEASURED,1,17.5824,3,64,4.0,4.0,cmos-pbit,22.582426459999994,0.002591244463721095,0.0007202041543613999,1.0,1.0
readgrow:device_growth_only,G1,800,10000,0.685,47.94,count_core,8,366.76,MEASURED,1,17.5824,3,64,4.0,4.0,fpga-sbm,1000.0000000000001,0.000159461197767452,0.0318922395534904,44.282221034630155,0.06153846153846154
readgrow:device_growth_only,G1,800,10000,0.685,47.94,count_core,8,366.76,MEASURED,1,17.5824,3,64,4.0,4.0,cpu-numba,3959460.399957606,4.509859270643103,126.27605957800687,175333.7006087878,1740.4221538275192
readgrow:device_growth_only,G1,800,10000,0.685,47.94,count_core,8,366.76,MEASURED,1,17.5824,3,64,16.0,4.0,sMTJ-array,18.365426459999995,0.0003886866695581642,0.000585714580164331,0.8132618738969648,0.15
readgrow:device_growth_only,G1,800,10000,0.685,47.94,count_core,8,366.76,MEASURED,1,17.5824,3,64,16.0,4.0,sMTJ-array-e2e,26.207047802528468,0.07734346475314725,0.000835801446508012,1.160506283456684,29.848000000000006
readgrow:device_growth_only,G1,800,10000,0.685,47.94,count_core,8,366.76,MEASURED,1,17.5824,3,64,16.0,4.0,cmos-pbit,22.582426459999994,0.002591244463721095,0.0007202041543613999,1.0,1.0
readgrow:device_growth_only,G1,800,10000,0.685,47.94,count_core,8,366.76,MEASURED,1,17.5824,3,64,16.0,4.0,fpga-sbm,1000.0000000000001,0.000159461197767452,0.0318922395534904,44.282221034630155,0.06153846153846154
readgrow:device_growth_only,G1,800,10000,0.685,47.94,count_core,8,366.76,MEASURED,1,17.5824,3,64,16.0,4.0,cpu-numba,3959460.399957606,4.509859270643103,126.27605957800687,175333.7006087878,1740.4221538275192
readgrow:device_growth_only,G22,2000,10000,0.02,19.99,count_core,8,366.76,MEASURED,1,7.3315,1,64,1.0,4.0,sMTJ-array,8.114512409999998,0.054707561084087704,0.03699376527813855,0.6580305918858497,0.15
readgrow:device_growth_only,G22,2000,10000,0.02,19.99,count_core,8,366.76,MEASURED,1,7.3315,1,64,1.0,4.0,sMTJ-array-e2e,17.741446252528473,0.8764151285670851,0.08088260454835502,1.4387080564539185,2.403
readgrow:device_growth_only,G22,2000,10000,0.02,19.99,count_core,8,366.76,MEASURED,1,7.3315,1,64,1.0,4.0,cmos-pbit,12.331512409999998,0.36471707389391805,0.0562189140357717,1.0,1.0
readgrow:device_growth_only,G22,2000,10000,0.02,19.99,count_core,8,366.76,MEASURED,1,7.3315,1,64,1.0,4.0,fpga-sbm,1000.0000000000001,0.0182358536946959,4.558963423673976,81.09305385680591,0.049999999999999996
readgrow:device_growth_only,G22,2000,10000,0.02,19.99,count_core,8,366.76,MEASURED,1,7.3315,1,64,1.0,4.0,cpu-numba,3959460.399957606,644.6798264604378,18051.035140892258,321084.7354576524,1767.6162499810741
readgrow:device_growth_only,G22,2000,10000,0.02,19.99,count_core,8,366.76,MEASURED,1,7.3315,1,64,4.0,4.0,sMTJ-array,8.114512409999998,0.054707561084087704,0.03699376527813855,0.6580305918858497,0.15
readgrow:device_growth_only,G22,2000,10000,0.02,19.99,count_core,8,366.76,MEASURED,1,7.3315,1,64,4.0,4.0,sMTJ-array-e2e,14.076946252528472,2.849169781259288,0.06417628308230174,1.1415425605956533,7.812000000000001
readgrow:device_growth_only,G22,2000,10000,0.02,19.99,count_core,8,366.76,MEASURED,1,7.3315,1,64,4.0,4.0,cmos-pbit,12.331512409999998,0.36471707389391805,0.0562189140357717,1.0,1.0
readgrow:device_growth_only,G22,2000,10000,0.02,19.99,count_core,8,366.76,MEASURED,1,7.3315,1,64,4.0,4.0,fpga-sbm,1000.0000000000001,0.0182358536946959,4.558963423673976,81.09305385680591,0.049999999999999996
readgrow:device_growth_only,G22,2000,10000,0.02,19.99,count_core,8,366.76,MEASURED,1,7.3315,1,64,4.0,4.0,cpu-numba,3959460.399957606,644.6798264604378,18051.035140892258,321084.7354576524,1767.6162499810741
readgrow:device_growth_only,G22,2000,10000,0.02,19.99,count_core,8,366.76,MEASURED,1,7.3315,1,64,16.0,4.0,sMTJ-array,8.114512409999998,0.054707561084087704,0.03699376527813855,0.6580305918858497,0.15
readgrow:device_growth_only,G22,2000,10000,0.02,19.99,count_core,8,366.76,MEASURED,1,7.3315,1,64,16.0,4.0,sMTJ-array-e2e,13.160821252528471,10.740188392028099,0.05999970271578842,1.067251186631087,29.448
readgrow:device_growth_only,G22,2000,10000,0.02,19.99,count_core,8,366.76,MEASURED,1,7.3315,1,64,16.0,4.0,cmos-pbit,12.331512409999998,0.36471707389391805,0.0562189140357717,1.0,1.0
readgrow:device_growth_only,G22,2000,10000,0.02,19.99,count_core,8,366.76,MEASURED,1,7.3315,1,64,16.0,4.0,fpga-sbm,1000.0000000000001,0.0182358536946959,4.558963423673976,81.09305385680591,0.049999999999999996
readgrow:device_growth_only,G22,2000,10000,0.02,19.99,count_core,8,366.76,MEASURED,1,7.3315,1,64,16.0,4.0,cpu-numba,3959460.399957606,644.6798264604378,18051.035140892258,321084.7354576524,1767.6162499810741
readgrow:device_growth_only,G22,2000,10000,0.02,19.99,count_core,8,366.76,MEASURED,1,7.3315,2,64,1.0,4.0,sMTJ-array,8.114512409999998,0.054707561084087704,0.03699376527813855,0.6580305918858497,0.15
readgrow:device_growth_only,G22,2000,10000,0.02,19.99,count_core,8,366.76,MEASURED,1,7.3315,2,64,1.0,4.0,sMTJ-array-e2e,21.42844625252847,0.9493585433458687,0.09769150269144097,1.737698146023962,2.6029999999999998
readgrow:device_growth_only,G22,2000,10000,0.02,19.99,count_core,8,366.76,MEASURED,1,7.3315,2,64,1.0,4.0,cmos-pbit,12.331512409999998,0.36471707389391805,0.0562189140357717,1.0,1.0
readgrow:device_growth_only,G22,2000,10000,0.02,19.99,count_core,8,366.76,MEASURED,1,7.3315,2,64,1.0,4.0,fpga-sbm,1000.0000000000001,0.0182358536946959,4.558963423673976,81.09305385680591,0.049999999999999996
readgrow:device_growth_only,G22,2000,10000,0.02,19.99,count_core,8,366.76,MEASURED,1,7.3315,2,64,1.0,4.0,cpu-numba,3959460.399957606,644.6798264604378,18051.035140892258,321084.7354576524,1767.6162499810741
readgrow:device_growth_only,G22,2000,10000,0.02,19.99,count_core,8,366.76,MEASURED,1,7.3315,2,64,4.0,4.0,sMTJ-array,8.114512409999998,0.054707561084087704,0.03699376527813855,0.6580305918858497,0.15
readgrow:device_growth_only,G22,2000,10000,0.02,19.99,count_core,8,366.76,MEASURED,1,7.3315,2,64,4.0,4.0,sMTJ-array-e2e,15.932446252528473,2.9221131960380715,0.0726354397149288,1.2920107220269568,8.012
readgrow:device_growth_only,G22,2000,10000,0.02,19.99,count_core,8,366.76,MEASURED,1,7.3315,2,64,4.0,4.0,cmos-pbit,12.331512409999998,0.36471707389391805,0.0562189140357717,1.0,1.0
readgrow:device_growth_only,G22,2000,10000,0.02,19.99,count_core,8,366.76,MEASURED,1,7.3315,2,64,4.0,4.0,fpga-sbm,1000.0000000000001,0.0182358536946959,4.558963423673976,81.09305385680591,0.049999999999999996
readgrow:device_growth_only,G22,2000,10000,0.02,19.99,count_core,8,366.76,MEASURED,1,7.3315,2,64,4.0,4.0,cpu-numba,3959460.399957606,644.6798264604378,18051.035140892258,321084.7354576524,1767.6162499810741
readgrow:device_growth_only,G22,2000,10000,0.02,19.99,count_core,8,366.76,MEASURED,1,7.3315,2,64,16.0,4.0,sMTJ-array,8.114512409999998,0.054707561084087704,0.03699376527813855,0.6580305918858497,0.15
readgrow:device_growth_only,G22,2000,10000,0.02,19.99,count_core,8,366.76,MEASURED,1,7.3315,2,64,16.0,4.0,sMTJ-array-e2e,14.558446252528471,10.813131806806883,0.06637142397080076,1.1805888660277053,29.648
readgrow:device_growth_only,G22,2000,10000,0.02,19.99,count_core,8,366.76,MEASURED,1,7.3315,2,64,16.0,4.0,cmos-pbit,12.331512409999998,0.36471707389391805,0.0562189140357717,1.0,1.0
readgrow:device_growth_only,G22,2000,10000,0.02,19.99,count_core,8,366.76,MEASURED,1,7.3315,2,64,16.0,4.0,fpga-sbm,1000.0000000000001,0.0182358536946959,4.558963423673976,81.09305385680591,0.049999999999999996
readgrow:device_growth_only,G22,2000,10000,0.02,19.99,count_core,8,366.76,MEASURED,1,7.3315,2,64,16.0,4.0,cpu-numba,3959460.399957606,644.6798264604378,18051.035140892258,321084.7354576524,1767.6162499810741
readgrow:device_growth_only,G22,2000,10000,0.02,19.99,count_core,8,366.76,MEASURED,1,7.3315,3,64,1.0,4.0,sMTJ-array,8.114512409999998,0.054707561084087704,0.03699376527813855,0.6580305918858497,0.15
readgrow:device_growth_only,G22,2000,10000,0.02,19.99,count_core,8,366.76,MEASURED,1,7.3315,3,64,1.0,4.0,sMTJ-array-e2e,25.116446252528473,1.0223019581246524,0.11450495979795058,2.036769328647862,2.8030000000000004
readgrow:device_growth_only,G22,2000,10000,0.02,19.99,count_core,8,366.76,MEASURED,1,7.3315,3,64,1.0,4.0,cmos-pbit,12.331512409999998,0.36471707389391805,0.0562189140357717,1.0,1.0
readgrow:device_growth_only,G22,2000,10000,0.02,19.99,count_core,8,366.76,MEASURED,1,7.3315,3,64,1.0,4.0,fpga-sbm,1000.0000000000001,0.0182358536946959,4.558963423673976,81.09305385680591,0.049999999999999996
readgrow:device_growth_only,G22,2000,10000,0.02,19.99,count_core,8,366.76,MEASURED,1,7.3315,3,64,1.0,4.0,cpu-numba,3959460.399957606,644.6798264604378,18051.035140892258,321084.7354576524,1767.6162499810741
readgrow:device_growth_only,G22,2000,10000,0.02,19.99,count_core,8,366.76,MEASURED,1,7.3315,3,64,4.0,4.0,sMTJ-array,8.114512409999998,0.054707561084087704,0.03699376527813855,0.6580305918858497,0.15
readgrow:device_growth_only,G22,2000,10000,0.02,19.99,count_core,8,366.76,MEASURED,1,7.3315,3,64,4.0,4.0,sMTJ-array-e2e,17.788196252528472,2.9950566108168553,0.08109573608841178,1.4424991567217242,8.212
readgrow:device_growth_only,G22,2000,10000,0.02,19.99,count_core,8,366.76,MEASURED,1,7.3315,3,64,4.0,4.0,cmos-pbit,12.331512409999998,0.36471707389391805,0.0562189140357717,1.0,1.0
readgrow:device_growth_only,G22,2000,10000,0.02,19.99,count_core,8,366.76,MEASURED,1,7.3315,3,64,4.0,4.0,fpga-sbm,1000.0000000000001,0.0182358536946959,4.558963423673976,81.09305385680591,0.049999999999999996
readgrow:device_growth_only,G22,2000,10000,0.02,19.99,count_core,8,366.76,MEASURED,1,7.3315,3,64,4.0,4.0,cpu-numba,3959460.399957606,644.6798264604378,18051.035140892258,321084.7354576524,1767.6162499810741
readgrow:device_growth_only,G22,2000,10000,0.02,19.99,count_core,8,366.76,MEASURED,1,7.3315,3,64,16.0,4.0,sMTJ-array,8.114512409999998,0.054707561084087704,0.03699376527813855,0.6580305918858497,0.15
readgrow:device_growth_only,G22,2000,10000,0.02,19.99,count_core,8,366.76,MEASURED,1,7.3315,3,64,16.0,4.0,sMTJ-array-e2e,15.956133752528473,10.886075221585667,0.07274343016102708,1.2939316137401897,29.848000000000003
readgrow:device_growth_only,G22,2000,10000,0.02,19.99,count_core,8,366.76,MEASURED,1,7.3315,3,64,16.0,4.0,cmos-pbit,12.331512409999998,0.36471707389391805,0.0562189140357717,1.0,1.0
readgrow:device_growth_only,G22,2000,10000,0.02,19.99,count_core,8,366.76,MEASURED,1,7.3315,3,64,16.0,4.0,fpga-sbm,1000.0000000000001,0.0182358536946959,4.558963423673976,81.09305385680591,0.049999999999999996
readgrow:device_growth_only,G22,2000,10000,0.02,19.99,count_core,8,366.76,MEASURED,1,7.3315,3,64,16.0,4.0,cpu-numba,3959460.399957606,644.6798264604378,18051.035140892258,321084.7354576524,1767.6162499810741
readgrow:autozero_plus_growth,G1,800,10000,0.685,47.94,count_core,8,366.76,MEASURED,1,17.5824,1,64,1.0,4.0,sMTJ-array,18.365426459999995,0.0003886866695581642,0.000585714580164331,0.8132618738969648,0.15
readgrow:autozero_plus_growth,G1,800,10000,0.685,47.94,count_core,8,366.76,MEASURED,1,17.5824,1,64,1.0,4.0,sMTJ-array-e2e,25.35475377157147,0.006226760446321792,0.0008086198811027215,1.1227648107913502,2.4030000000000005
readgrow:autozero_plus_growth,G1,800,10000,0.685,47.94,count_core,8,366.76,MEASURED,1,17.5824,1,64,1.0,4.0,cmos-pbit,22.582426459999994,0.002591244463721095,0.0007202041543613999,1.0,1.0
readgrow:autozero_plus_growth,G1,800,10000,0.685,47.94,count_core,8,366.76,MEASURED,1,17.5824,1,64,1.0,4.0,fpga-sbm,1000.0000000000001,0.000159461197767452,0.0318922395534904,44.282221034630155,0.06153846153846154
readgrow:autozero_plus_growth,G1,800,10000,0.685,47.94,count_core,8,366.76,MEASURED,1,17.5824,1,64,1.0,4.0,cpu-numba,3959460.399957606,4.509859270643103,126.27605957800687,175333.7006087878,1740.4221538275192
readgrow:autozero_plus_growth,G1,800,10000,0.685,47.94,count_core,8,366.76,MEASURED,1,17.5824,1,64,4.0,4.0,sMTJ-array,18.365426459999995,0.0003886866695581642,0.000585714580164331,0.8132618738969648,0.15
readgrow:autozero_plus_growth,G1,800,10000,0.685,47.94,count_core,8,366.76,MEASURED,1,17.5824,1,64,4.0,4.0,sMTJ-array-e2e,21.690253771571467,0.020242801750589196,0.0006917507692589558,0.9604926118099478,7.812000000000001
readgrow:autozero_plus_growth,G1,800,10000,0.685,47.94,count_core,8,366.76,MEASURED,1,17.5824,1,64,4.0,4.0,cmos-pbit,22.582426459999994,0.002591244463721095,0.0007202041543613999,1.0,1.0
readgrow:autozero_plus_growth,G1,800,10000,0.685,47.94,count_core,8,366.76,MEASURED,1,17.5824,1,64,4.0,4.0,fpga-sbm,1000.0000000000001,0.000159461197767452,0.0318922395534904,44.282221034630155,0.06153846153846154
readgrow:autozero_plus_growth,G1,800,10000,0.685,47.94,count_core,8,366.76,MEASURED,1,17.5824,1,64,4.0,4.0,cpu-numba,3959460.399957606,4.509859270643103,126.27605957800687,175333.7006087878,1740.4221538275192
readgrow:autozero_plus_growth,G1,800,10000,0.685,47.94,count_core,8,366.76,MEASURED,1,17.5824,1,64,16.0,4.0,sMTJ-array,18.365426459999995,0.0003886866695581642,0.000585714580164331,0.8132618738969648,0.15
readgrow:autozero_plus_growth,G1,800,10000,0.685,47.94,count_core,8,366.76,MEASURED,1,17.5824,1,64,16.0,4.0,sMTJ-array-e2e,20.77412877157147,0.0763069669676588,0.0006625334912980144,0.9199245620645973,29.448
readgrow:autozero_plus_growth,G1,800,10000,0.685,47.94,count_core,8,366.76,MEASURED,1,17.5824,1,64,16.0,4.0,cmos-pbit,22.582426459999994,0.002591244463721095,0.0007202041543613999,1.0,1.0
readgrow:autozero_plus_growth,G1,800,10000,0.685,47.94,count_core,8,366.76,MEASURED,1,17.5824,1,64,16.0,4.0,fpga-sbm,1000.0000000000001,0.000159461197767452,0.0318922395534904,44.282221034630155,0.06153846153846154
readgrow:autozero_plus_growth,G1,800,10000,0.685,47.94,count_core,8,366.76,MEASURED,1,17.5824,1,64,16.0,4.0,cpu-numba,3959460.399957606,4.509859270643103,126.27605957800687,175333.7006087878,1740.4221538275192
readgrow:autozero_plus_growth,G1,800,10000,0.685,47.94,count_core,8,366.76,MEASURED,1,17.5824,2,64,1.0,4.0,sMTJ-array,18.365426459999995,0.0003886866695581642,0.000585714580164331,0.8132618738969648,0.15
readgrow:autozero_plus_growth,G1,800,10000,0.685,47.94,count_core,8,366.76,MEASURED,1,17.5824,2,64,1.0,4.0,sMTJ-array-e2e,29.041753771571468,0.006745009339066011,0.0009262065683364405,1.2860333597460314,2.6030000000000006
readgrow:autozero_plus_growth,G1,800,10000,0.685,47.94,count_core,8,366.76,MEASURED,1,17.5824,2,64,1.0,4.0,cmos-pbit,22.582426459999994,0.002591244463721095,0.0007202041543613999,1.0,1.0
readgrow:autozero_plus_growth,G1,800,10000,0.685,47.94,count_core,8,366.76,MEASURED,1,17.5824,2,64,1.0,4.0,fpga-sbm,1000.0000000000001,0.000159461197767452,0.0318922395534904,44.282221034630155,0.06153846153846154
readgrow:autozero_plus_growth,G1,800,10000,0.685,47.94,count_core,8,366.76,MEASURED,1,17.5824,2,64,1.0,4.0,cpu-numba,3959460.399957606,4.509859270643103,126.27605957800687,175333.7006087878,1740.4221538275192
readgrow:autozero_plus_growth,G1,800,10000,0.685,47.94,count_core,8,366.76,MEASURED,1,17.5824,2,64,4.0,4.0,sMTJ-array,18.365426459999995,0.0003886866695581642,0.000585714580164331,0.8132618738969648,0.15
readgrow:autozero_plus_growth,G1,800,10000,0.685,47.94,count_core,8,366.76,MEASURED,1,17.5824,2,64,4.0,4.0,sMTJ-array-e2e,23.545753771571466,0.020761050643333414,0.0007509268197504571,1.042658272939704,8.012
readgrow:autozero_plus_growth,G1,800,10000,0.685,47.94,count_core,8,366.76,MEASURED,1,17.5824,2,64,4.0,4.0,cmos-pbit,22.582426459999994,0.002591244463721095,0.0007202041543613999,1.0,1.0
readgrow:autozero_plus_growth,G1,800,10000,0.685,47.94,count_core,8,366.76,MEASURED,1,17.5824,2,64,4.0,4.0,fpga-sbm,1000.0000000000001,0.000159461197767452,0.0318922395534904,44.282221034630155,0.06153846153846154
readgrow:autozero_plus_growth,G1,800,10000,0.685,47.94,count_core,8,366.76,MEASURED,1,17.5824,2,64,4.0,4.0,cpu-numba,3959460.399957606,4.509859270643103,126.27605957800687,175333.7006087878,1740.4221538275192
readgrow:autozero_plus_growth,G1,800,10000,0.685,47.94,count_core,8,366.76,MEASURED,1,17.5824,2,64,16.0,4.0,sMTJ-array,18.365426459999995,0.0003886866695581642,0.000585714580164331,0.8132618738969648,0.15
readgrow:autozero_plus_growth,G1,800,10000,0.685,47.94,count_core,8,366.76,MEASURED,1,17.5824,2,64,16.0,4.0,sMTJ-array-e2e,22.171753771571467,0.07682521586040303,0.0007071068826039614,0.9818145012381222,29.648000000000003
readgrow:autozero_plus_growth,G1,800,10000,0.685,47.94,count_core,8,366.76,MEASURED,1,17.5824,2,64,16.0,4.0,cmos-pbit,22.582426459999994,0.002591244463721095,0.0007202041543613999,1.0,1.0
readgrow:autozero_plus_growth,G1,800,10000,0.685,47.94,count_core,8,366.76,MEASURED,1,17.5824,2,64,16.0,4.0,fpga-sbm,1000.0000000000001,0.000159461197767452,0.0318922395534904,44.282221034630155,0.06153846153846154
readgrow:autozero_plus_growth,G1,800,10000,0.685,47.94,count_core,8,366.76,MEASURED,1,17.5824,2,64,16.0,4.0,cpu-numba,3959460.399957606,4.509859270643103,126.27605957800687,175333.7006087878,1740.4221538275192
readgrow:autozero_plus_growth,G1,800,10000,0.685,47.94,count_core,8,366.76,MEASURED,1,17.5824,3,64,1.0,4.0,sMTJ-array,18.365426459999995,0.0003886866695581642,0.000585714580164331,0.8132618738969648,0.15
readgrow:autozero_plus_growth,G1,800,10000,0.685,47.94,count_core,8,366.76,MEASURED,1,17.5824,3,64,1.0,4.0,sMTJ-array-e2e,32.72975377157147,0.00726325823181023,0.0010438251478097132,1.4493461909217475,2.8030000000000004
readgrow:autozero_plus_growth,G1,800,10000,0.685,47.94,count_core,8,366.76,MEASURED,1,17.5824,3,64,1.0,4.0,cmos-pbit,22.582426459999994,0.002591244463721095,0.0007202041543613999,1.0,1.0
readgrow:autozero_plus_growth,G1,800,10000,0.685,47.94,count_core,8,366.76,MEASURED,1,17.5824,3,64,1.0,4.0,fpga-sbm,1000.0000000000001,0.000159461197767452,0.0318922395534904,44.282221034630155,0.06153846153846154
readgrow:autozero_plus_growth,G1,800,10000,0.685,47.94,count_core,8,366.76,MEASURED,1,17.5824,3,64,1.0,4.0,cpu-numba,3959460.399957606,4.509859270643103,126.27605957800687,175333.7006087878,1740.4221538275192
readgrow:autozero_plus_growth,G1,800,10000,0.685,47.94,count_core,8,366.76,MEASURED,1,17.5824,3,64,4.0,4.0,sMTJ-array,18.365426459999995,0.0003886866695581642,0.000585714580164331,0.8132618738969648,0.15
readgrow:autozero_plus_growth,G1,800,10000,0.685,47.94,count_core,8,366.76,MEASURED,1,17.5824,3,64,4.0,4.0,sMTJ-array-e2e,25.40150377157147,0.02127929953607763,0.0008101108433018471,1.124835004624719,8.212
readgrow:autozero_plus_growth,G1,800,10000,0.685,47.94,count_core,8,366.76,MEASURED,1,17.5824,3,64,4.0,4.0,cmos-pbit,22.582426459999994,0.002591244463721095,0.0007202041543613999,1.0,1.0
readgrow:autozero_plus_growth,G1,800,10000,0.685,47.94,count_core,8,366.76,MEASURED,1,17.5824,3,64,4.0,4.0,fpga-sbm,1000.0000000000001,0.000159461197767452,0.0318922395534904,44.282221034630155,0.06153846153846154
readgrow:autozero_plus_growth,G1,800,10000,0.685,47.94,count_core,8,366.76,MEASURED,1,17.5824,3,64,4.0,4.0,cpu-numba,3959460.399957606,4.509859270643103,126.27605957800687,175333.7006087878,1740.4221538275192
readgrow:autozero_plus_growth,G1,800,10000,0.685,47.94,count_core,8,366.76,MEASURED,1,17.5824,3,64,16.0,4.0,sMTJ-array,18.365426459999995,0.0003886866695581642,0.000585714580164331,0.8132618738969648,0.15
readgrow:autozero_plus_growth,G1,800,10000,0.685,47.94,count_core,8,366.76,MEASURED,1,17.5824,3,64,16.0,4.0,sMTJ-array-e2e,23.56944127157147,0.07734346475314725,0.0007516822671748806,1.043707208050462,29.848000000000006
readgrow:autozero_plus_growth,G1,800,10000,0.685,47.94,count_core,8,366.76,MEASURED,1,17.5824,3,64,16.0,4.0,cmos-pbit,22.582426459999994,0.002591244463721095,0.0007202041543613999,1.0,1.0
readgrow:autozero_plus_growth,G1,800,10000,0.685,47.94,count_core,8,366.76,MEASURED,1,17.5824,3,64,16.0,4.0,fpga-sbm,1000.0000000000001,0.000159461197767452,0.0318922395534904,44.282221034630155,0.06153846153846154
readgrow:autozero_plus_growth,G1,800,10000,0.685,47.94,count_core,8,366.76,MEASURED,1,17.5824,3,64,16.0,4.0,cpu-numba,3959460.399957606,4.509859270643103,126.27605957800687,175333.7006087878,1740.4221538275192
readgrow:autozero_plus_growth,G22,2000,10000,0.02,19.99,count_core,8,366.76,MEASURED,1,7.3315,1,64,1.0,4.0,sMTJ-array,8.114512409999998,0.054707561084087704,0.03699376527813855,0.6580305918858497,0.15
readgrow:autozero_plus_growth,G22,2000,10000,0.02,19.99,count_core,8,366.76,MEASURED,1,7.3315,1,64,1.0,4.0,sMTJ-array-e2e,15.103839721571473,0.8764151285670851,0.06885785284767845,1.2248164879859593,2.403
readgrow:autozero_plus_growth,G22,2000,10000,0.02,19.99,count_core,8,366.76,MEASURED,1,7.3315,1,64,1.0,4.0,cmos-pbit,12.331512409999998,0.36471707389391805,0.0562189140357717,1.0,1.0
readgrow:autozero_plus_growth,G22,2000,10000,0.02,19.99,count_core,8,366.76,MEASURED,1,7.3315,1,64,1.0,4.0,fpga-sbm,1000.0000000000001,0.0182358536946959,4.558963423673976,81.09305385680591,0.049999999999999996
readgrow:autozero_plus_growth,G22,2000,10000,0.02,19.99,count_core,8,366.76,MEASURED,1,7.3315,1,64,1.0,4.0,cpu-numba,3959460.399957606,644.6798264604378,18051.035140892258,321084.7354576524,1767.6162499810741
readgrow:autozero_plus_growth,G22,2000,10000,0.02,19.99,count_core,8,366.76,MEASURED,1,7.3315,1,64,4.0,4.0,sMTJ-array,8.114512409999998,0.054707561084087704,0.03699376527813855,0.6580305918858497,0.15
readgrow:autozero_plus_growth,G22,2000,10000,0.02,19.99,count_core,8,366.76,MEASURED,1,7.3315,1,64,4.0,4.0,sMTJ-array-e2e,11.439339721571471,2.849169781259288,0.05215153138162517,0.9276509921276942,7.812000000000001
readgrow:autozero_plus_growth,G22,2000,10000,0.02,19.99,count_core,8,366.76,MEASURED,1,7.3315,1,64,4.0,4.0,cmos-pbit,12.331512409999998,0.36471707389391805,0.0562189140357717,1.0,1.0
readgrow:autozero_plus_growth,G22,2000,10000,0.02,19.99,count_core,8,366.76,MEASURED,1,7.3315,1,64,4.0,4.0,fpga-sbm,1000.0000000000001,0.0182358536946959,4.558963423673976,81.09305385680591,0.049999999999999996
readgrow:autozero_plus_growth,G22,2000,10000,0.02,19.99,count_core,8,366.76,MEASURED,1,7.3315,1,64,4.0,4.0,cpu-numba,3959460.399957606,644.6798264604378,18051.035140892258,321084.7354576524,1767.6162499810741
readgrow:autozero_plus_growth,G22,2000,10000,0.02,19.99,count_core,8,366.76,MEASURED,1,7.3315,1,64,16.0,4.0,sMTJ-array,8.114512409999998,0.054707561084087704,0.03699376527813855,0.6580305918858497,0.15
readgrow:autozero_plus_growth,G22,2000,10000,0.02,19.99,count_core,8,366.76,MEASURED,1,7.3315,1,64,16.0,4.0,sMTJ-array-e2e,10.523214721571472,10.740188392028099,0.04797495101511186,0.853359618163128,29.448
readgrow:autozero_plus_growth,G22,2000,10000,0.02,19.99,count_core,8,366.76,MEASURED,1,7.3315,1,64,16.0,4.0,cmos-pbit,12.331512409999998,0.36471707389391805,0.0562189140357717,1.0,1.0
readgrow:autozero_plus_growth,G22,2000,10000,0.02,19.99,count_core,8,366.76,MEASURED,1,7.3315,1,64,16.0,4.0,fpga-sbm,1000.0000000000001,0.0182358536946959,4.558963423673976,81.09305385680591,0.049999999999999996
readgrow:autozero_plus_growth,G22,2000,10000,0.02,19.99,count_core,8,366.76,MEASURED,1,7.3315,1,64,16.0,4.0,cpu-numba,3959460.399957606,644.6798264604378,18051.035140892258,321084.7354576524,1767.6162499810741
readgrow:autozero_plus_growth,G22,2000,10000,0.02,19.99,count_core,8,366.76,MEASURED,1,7.3315,2,64,1.0,4.0,sMTJ-array,8.114512409999998,0.054707561084087704,0.03699376527813855,0.6580305918858497,0.15
readgrow:autozero_plus_growth,G22,2000,10000,0.02,19.99,count_core,8,366.76,MEASURED,1,7.3315,2,64,1.0,4.0,sMTJ-array-e2e,18.790839721571473,0.9493585433458687,0.0856667509907644,1.5238065775560028,2.6029999999999998
readgrow:autozero_plus_growth,G22,2000,10000,0.02,19.99,count_core,8,366.76,MEASURED,1,7.3315,2,64,1.0,4.0,cmos-pbit,12.331512409999998,0.36471707389391805,0.0562189140357717,1.0,1.0
readgrow:autozero_plus_growth,G22,2000,10000,0.02,19.99,count_core,8,366.76,MEASURED,1,7.3315,2,64,1.0,4.0,fpga-sbm,1000.0000000000001,0.0182358536946959,4.558963423673976,81.09305385680591,0.049999999999999996
readgrow:autozero_plus_growth,G22,2000,10000,0.02,19.99,count_core,8,366.76,MEASURED,1,7.3315,2,64,1.0,4.0,cpu-numba,3959460.399957606,644.6798264604378,18051.035140892258,321084.7354576524,1767.6162499810741
readgrow:autozero_plus_growth,G22,2000,10000,0.02,19.99,count_core,8,366.76,MEASURED,1,7.3315,2,64,4.0,4.0,sMTJ-array,8.114512409999998,0.054707561084087704,0.03699376527813855,0.6580305918858497,0.15
readgrow:autozero_plus_growth,G22,2000,10000,0.02,19.99,count_core,8,366.76,MEASURED,1,7.3315,2,64,4.0,4.0,sMTJ-array-e2e,13.294839721571472,2.9221131960380715,0.06061068801425224,1.0781191535589978,8.012
readgrow:autozero_plus_growth,G22,2000,10000,0.02,19.99,count_core,8,366.76,MEASURED,1,7.3315,2,64,4.0,4.0,cmos-pbit,12.331512409999998,0.36471707389391805,0.0562189140357717,1.0,1.0
readgrow:autozero_plus_growth,G22,2000,10000,0.02,19.99,count_core,8,366.76,MEASURED,1,7.3315,2,64,4.0,4.0,fpga-sbm,1000.0000000000001,0.0182358536946959,4.558963423673976,81.09305385680591,0.049999999999999996
readgrow:autozero_plus_growth,G22,2000,10000,0.02,19.99,count_core,8,366.76,MEASURED,1,7.3315,2,64,4.0,4.0,cpu-numba,3959460.399957606,644.6798264604378,18051.035140892258,321084.7354576524,1767.6162499810741
readgrow:autozero_plus_growth,G22,2000,10000,0.02,19.99,count_core,8,366.76,MEASURED,1,7.3315,2,64,16.0,4.0,sMTJ-array,8.114512409999998,0.054707561084087704,0.03699376527813855,0.6580305918858497,0.15
readgrow:autozero_plus_growth,G22,2000,10000,0.02,19.99,count_core,8,366.76,MEASURED,1,7.3315,2,64,16.0,4.0,sMTJ-array-e2e,11.92083972157147,10.813131806806883,0.05434667227012419,0.9666972975597463,29.648
readgrow:autozero_plus_growth,G22,2000,10000,0.02,19.99,count_core,8,366.76,MEASURED,1,7.3315,2,64,16.0,4.0,cmos-pbit,12.331512409999998,0.36471707389391805,0.0562189140357717,1.0,1.0
readgrow:autozero_plus_growth,G22,2000,10000,0.02,19.99,count_core,8,366.76,MEASURED,1,7.3315,2,64,16.0,4.0,fpga-sbm,1000.0000000000001,0.0182358536946959,4.558963423673976,81.09305385680591,0.049999999999999996
readgrow:autozero_plus_growth,G22,2000,10000,0.02,19.99,count_core,8,366.76,MEASURED,1,7.3315,2,64,16.0,4.0,cpu-numba,3959460.399957606,644.6798264604378,18051.035140892258,321084.7354576524,1767.6162499810741
readgrow:autozero_plus_growth,G22,2000,10000,0.02,19.99,count_core,8,366.76,MEASURED,1,7.3315,3,64,1.0,4.0,sMTJ-array,8.114512409999998,0.054707561084087704,0.03699376527813855,0.6580305918858497,0.15
readgrow:autozero_plus_growth,G22,2000,10000,0.02,19.99,count_core,8,366.76,MEASURED,1,7.3315,3,64,1.0,4.0,sMTJ-array-e2e,22.47883972157147,1.0223019581246524,0.10248020809727404,1.822877760179903,2.8030000000000004
readgrow:autozero_plus_growth,G22,2000,10000,0.02,19.99,count_core,8,366.76,MEASURED,1,7.3315,3,64,1.0,4.0,cmos-pbit,12.331512409999998,0.36471707389391805,0.0562189140357717,1.0,1.0
readgrow:autozero_plus_growth,G22,2000,10000,0.02,19.99,count_core,8,366.76,MEASURED,1,7.3315,3,64,1.0,4.0,fpga-sbm,1000.0000000000001,0.0182358536946959,4.558963423673976,81.09305385680591,0.049999999999999996
readgrow:autozero_plus_growth,G22,2000,10000,0.02,19.99,count_core,8,366.76,MEASURED,1,7.3315,3,64,1.0,4.0,cpu-numba,3959460.399957606,644.6798264604378,18051.035140892258,321084.7354576524,1767.6162499810741
readgrow:autozero_plus_growth,G22,2000,10000,0.02,19.99,count_core,8,366.76,MEASURED,1,7.3315,3,64,4.0,4.0,sMTJ-array,8.114512409999998,0.054707561084087704,0.03699376527813855,0.6580305918858497,0.15
readgrow:autozero_plus_growth,G22,2000,10000,0.02,19.99,count_core,8,366.76,MEASURED,1,7.3315,3,64,4.0,4.0,sMTJ-array-e2e,15.150589721571473,2.9950566108168553,0.06907098438773522,1.2286075882537653,8.212
readgrow:autozero_plus_growth,G22,2000,10000,0.02,19.99,count_core,8,366.76,MEASURED,1,7.3315,3,64,4.0,4.0,cmos-pbit,12.331512409999998,0.36471707389391805,0.0562189140357717,1.0,1.0
readgrow:autozero_plus_growth,G22,2000,10000,0.02,19.99,count_core,8,366.76,MEASURED,1,7.3315,3,64,4.0,4.0,fpga-sbm,1000.0000000000001,0.0182358536946959,4.558963423673976,81.09305385680591,0.049999999999999996
readgrow:autozero_plus_growth,G22,2000,10000,0.02,19.99,count_core,8,366.76,MEASURED,1,7.3315,3,64,4.0,4.0,cpu-numba,3959460.399957606,644.6798264604378,18051.035140892258,321084.7354576524,1767.6162499810741
readgrow:autozero_plus_growth,G22,2000,10000,0.02,19.99,count_core,8,366.76,MEASURED,1,7.3315,3,64,16.0,4.0,sMTJ-array,8.114512409999998,0.054707561084087704,0.03699376527813855,0.6580305918858497,0.15
readgrow:autozero_plus_growth,G22,2000,10000,0.02,19.99,count_core,8,366.76,MEASURED,1,7.3315,3,64,16.0,4.0,sMTJ-array-e2e,13.318527221571474,10.886075221585667,0.06071867846035052,1.0800400452722307,29.848000000000003
readgrow:autozero_plus_growth,G22,2000,10000,0.02,19.99,count_core,8,366.76,MEASURED,1,7.3315,3,64,16.0,4.0,cmos-pbit,12.331512409999998,0.36471707389391805,0.0562189140357717,1.0,1.0
readgrow:autozero_plus_growth,G22,2000,10000,0.02,19.99,count_core,8,366.76,MEASURED,1,7.3315,3,64,16.0,4.0,fpga-sbm,1000.0000000000001,0.0182358536946959,4.558963423673976,81.09305385680591,0.049999999999999996
readgrow:autozero_plus_growth,G22,2000,10000,0.02,19.99,count_core,8,366.76,MEASURED,1,7.3315,3,64,16.0,4.0,cpu-numba,3959460.399957606,644.6798264604378,18051.035140892258,321084.7354576524,1767.6162499810741
