10001111100110100111001111010100011011001000000010101010101100111111001101000011100010001110100000100100101100100011110011111000101111101001100000100101010100101001101010010001100011110101111101011100011101101000011111110000100010000111011111110000010000000111001011101111000010100000101110111000111111000110010111001100100011100001100001011001110100110101101101010010110111101000101101010010101001100101110111000111111000010100010111010110010100100110000011011100110011100000011000111001110111110110000100000011100000101011011111010101100101000011111011101100111001000101001010011000111011100001110100110010010010011011111001000101111011011000111100001001000100000000011001111001011111111011100011101000101000100000100110110101011101011110000110011111011000001110111110011011101101100110010000101100
10001111100110100111001111010100011010001000000010101010101100111111001101100011100010001110100000100100101100100011110011111000101111101001100000100101010100101001101010010001100011110101111101011100011101101000011111110000100010000111011111110000010001000111011011111111000010100000101110111010111111000110010111001100100011100001100001011001110100110101111101010010110110101000101101010010101001100101110111000111111000010100010111010110010100100110000011011100110011100000011000111001110011110110000100000011100000101011011111010101100101000011011011101100111001000101001010011000111001100001110100110010010010001111111001000101111011011000111100001001000100000000011001111001011111101111100011101000101000100000100110110111010101011110000110011111011000101110111110011011101101000110010000101100
10001111100110100111001111010100011011001000000010101010101100111111001101100011100010001110100000100100101100100011110011111000101111101001100000100101010100101001101010010001100011110101111101011100011101101000011111110000100010000111011111110000010000000111011011101111000010100000101110111010111111000110010111001100100011100001100001011001110100110101111101010010110110101000101101010010101001100101110111000111111000010100010111010110010100100110000011011100110111100000011000111001110011110110000100000011100000101011011111010101100101000011011011101100111001000101001010011000111011100001110100110010010010001111111001000101111011011000111100001001000100000000011001111001011111101111100011101000101000100000100110110111010101011110000110011111011000101110111110011011101101000110010000101100
01110000011001011000110000101011100100110111111101010101010011000000110010111100011101110001011111011011010011011100001100000111010000010110011111011010101011010110010101101110011100001010000010100011100010010111100010001111010101111001100000001111101111111000100100010001111101011111010001000101000000111001101000110011011100011110011110100110001011001011010010101101001001010111010010101101010110011010001000111000000111101011101000101001101011011001111100100011001000011111100111000110001100001001111011111100011111010100100000101010011010111100000100010011000010111010110101100111000100011110001011001101101101110000000110111010000100100111000011110110111011111111100110001110100000000000011100010111010111011111011001001000101010100001111001100000100111010001000001100100010010011001101111010011
01110000011001011000110000101011100101110111111101010101010011000000110010011100011101110001011111011011010011011100001100000111010000010110011111011010101011010110010101101110011100001010000010100011100010010111100000001111011101111000100000001111101111111000100100000000111101011111010001000101000000111001101000110011011100011110011110100110001011001010000010101101001001010111010010101101010110011010001000111000000111101011101000101001101011011001111100100011001100011111100111000110001100001001111011111100011111010100100000101010011010111100100100010011000110111010110101100111000110011110001011001101101101110000000110111010000100100110000011110110111011111111100110000110100000010000011100010111010111011111011001001000101010100001111001100000100111010001000001100100010010111001101111010011
01110000011001011000110000101011100101110111111101010101010011000000110010011100011101110001011111011011010011011100001100000111010000010110011111011010101011010110010101101110011100001010000010100011100010010111100010001111011101111000100000001111101110111000100100000000111101011111010001000101000000111001101000110011011100011110011110100110001011001010000010101101001001010111010010101101010110011010001000111000000111101011101000101001101011011001111100100011001000011111100111000110001100001001111011111100011111010100100000101010011010111100100100010011000110111010110101100111000110011110001011001101101101110000000110111010000100100111000011110110111011111111100110000110100000010000011100010111010111011111011001001000101010100001111001100000100111010001000001100100010010111001101111010011
01110000011001011000110000101011100100100111111101010101010011000000110010111100011101110001011111011011010011011100001100000111010000010110011111011010101011010110010101101110011100001010000010100011100010010111100000001111011101111000100000001111101111111000110100010001111101011111010001000111000000111001101000110011011100011110011110100110001011001010010010101101001000010111010010101101010111011010001000111000000111101011101000101001101011011001111100100011001100010111100111000110001000001001111011111100011111010100100000101010011010111100000100010011000110111010110101000111000110011110001011001101101101110000000110111010000100100110000011110110111011111111100110000110100000000100011100010111010111011111011001001010100010100001111001100000100111010001000001100100010010011001101111110011
10001111100110100111001111010100011011001000000010101010101100111111001101100011100010001110100000100100101100100011110011111000101111101001100000100101010100101001101010010001100011110101111101011100011101101000011101110000100010000111011111110000010000000111011011101111000010100000101110111010111111000110010111001100100011100001100001011001110100110101111101010010110110101000101101010010101001100101110111000111111000010100010111010110010100100110000011011100110011100000011000111001110011110110000100000011100000101011011111010101100101000011011011101100111001000101001010011000111011100001110100110010010010001111111001000101111011011001111100001001000100000000011001111001011111101111100011101000101000100000100110110111010101011110000110011111011000101110111110011011101101000110010000101100
10001111100110100111001111010100011010001000000010101010101100111111001101100011000010001110100000100100101100100011110011111000101111101001100000100101010100101001101010010001100011110101111101011100011101101000011111110000100010000111011111110000010001000111011011111111000010100000101110111010111111000110010111001100100011100001100001011001110100110100111101010010110110101000101101010010101001100101110111000111111000010100010111010110010100100110000011011100110111100000011000111001110011110110000100000011100000101011011111010101100101000011011011101100111001000101001010011000111011100001110100110010010010011111111001000101111011011000111100001001000100000000011001111001011111101011100011101000101000100000100110110111010101011110000110011111011000001110111110011011101101000110010000101100
11101101101110001011101110101101110110000110101011100000111101000100001010001001101100111001001011000101010101101011000001001010100111010001010000100000101100110000011101110111011000010100010011111011010000100111001101101000011010110100101010010010001111101100010000001000111111010101000111011011001111011110011111110010001100111111101001001101010110110100010100111110001110100011000001011010001001001011001001110110001110010000110000010011010000110011011111100001111011100011000101101101000000001101000101011001100101000101101000001000001011101011011010001100000001100110001110011010101101010001100111100010111100111100000110011001011001001100110111011100001011011100100100011110111111101110000101010010001110111100101000100011110110111101011110001011010111010000100110110000110111110011011100111111
10001101001001100111001111010100010010000000000011101010101000111111001101000011100000001110100001110100101100100001110011111010001101101000100000100001110100101001101010010001100001110101011101011100111101101011011100111000111010010100011111110001010001001111011011111110001010100000101110011000110110000110000011001100100111111001000001011000000100110100101101010010111110101000001101010010101010100101110111100111010000010110010111010110011101100110001011011100100011101001001100101001010001110110100100000011100100101011001100010101100101000011110011101100111101000101001010000010111011100001100000110010011010001111111001101111011111111000111011001001000110000000111000101001011111111111100011101000101000100000100110110111011101011110010110010111010111101010111110111011001101100110010100101101
01110000011001011000110000101011100100100111111101010101010011000000110010111100011101110001011111011011010011011100001100000111010000010110011111011010101011010110010101101110011100001010000010100011100010010111100000001111011101111000100000001111101111111000110100010001111101011111010001000111000000111001101000110011011100011110011110100110001011001010010010101101001000010111010010101101010111011010001000111000000111101011101000101001101011011001111100100011001100010111100111000110001000001001111011111100011111010100100000101010011010111100000100010011000110111010110101000111000110011110001011001101101101100000000110111010000100100110000011110110111011111111100110000110100000000100011100010111010111011111011001001010100010100001111001100000100111110001000001100100010010011001101111110011
01110000011001011000110000101011100100110111111101010101010011000000110010111100011101110001011111011011010011011100001100000111010000010110011111011010101011010110010101101110011100001010000010100011100010010111100000001111011101111000100000001111101111111000110100010000111101011111010001000111000000111001101000110011011100011110011110100110001011001010010010101101001000010111010010101101010110111010001000111000000111101011101000101001101011011001111100100011001100010111100111000110001000001001111011111100011111010100100000101010011010111100000100010011000110111010110101100111000110011110001011001101101101100100000110111010000100100110000011110110111011111111100110000110100000000100011100010111010111011111011001001010100010100001111001100000100111110001000001100100010010011001101111010011
01110000011001011000110000101011100100110111111101010101010011000000110010111100011101110001011111011011010011011100001100000101010000010110011111011010101011010110010101101110011100001010000010100011100010010111100010001111010101111001100000001111101111111000100100010001111101011111010001000101000000111001101000110011011100011110011110100110001011001011010010101101001001010111010010101101010110011010001000111000000111101011101000101001101011011001111100100011001000011111100111000110001110001001111011111100011111010100100000101010011010111100000100010011000010111010110101100111000110011110001011001101101101110000000110111010000100100111000011110110111011111111100110001110100000000000011100010111010111011111011001001000101010100001111001100000100111010001000001100100010010011001101111010011
10111000011000001010010000001001100101110001111100010001001101110000010010110100111011101111111111011011110001011100001100000101111001000110011111111010101010011110010111101010100000001110100001101011110010011110110111000111011101111010100010001100110001101101111110000000100101010111000001000001000101011011110000111001011000010111011101111110101001001010100010100101000000010111110010111101010110101010001000110000101000011101101001101001110011011000010100100010011001110100110111001110001001011111111111001100001101011110110010101000010010101100001110010011010110111000100101000111000100011110001111111100100111111101001110101000100000100111000111110100111011010110100110000110101000010101010100010111010111010100001011001011111000100001101001011101001100100100101001000100000001011101010001110000
01110000011001011000110000101011100100110111111101010101010011000000110010111100011101110001011111011011010011011100001100000111010000010110011111011010101011010110010101101110011100001010000010100011100010010111100000001111011101111000100000001111101111111000110100010000111101011111010001000111000000111001101000110011011100011110011110100110001011001010010010101101001000010111010010101101010110011010001000111000000111101011101000101001101011011001111100100011001100011111100111000110001000001001111011111100011111010100100000101010011010111100000100010011000110111010110101100111000110011110001011001101101101110100000110111010000100100111000011110110111011111111100110000110100000000100011100010111010111011111011001001010100010100001111001100000100111010001000001100100010010011001101111010011
01110000011001011000110000101011100101110111111101010101010011000000110010111100011101110001011111011011010011011100001100000101010000010110011111011010101011010110010101101110011100001010000010100011100010010111100010001111010101111001100000001111101111111000100100000001111101011111010001000111000000111001101000110011011100011110011110100110001011001011010010101101001001010111010010101101010110011010001000111000000111101011101000101001101011011001111100100011001100011111100111000110001110001001111011111100011111010100100000101010011010111100000100010011000010111010110101100111000110011110001011001101101101110000000110111010000100100110000011110110111011111111100110001110100000000000011100010111010111011111011001001000100010100001111001100000100111010001000001100100010010011001101111010011
10001111100110100111001111010100011011001000000010101010101100111111001101000011100010001110100000100100101100100011110011111010101111101001100000100101010100101001101010010001100011110101111101011100011101101000011101110000101010000110011111110000010000000111011011101110000010100000101110111000111111000110010111001100100011100001100001011001110100110100101101010010110110101000101101010010101001100101110111000111111000010100010111010110010100100110000011011100110011100000011000111001110001110110000100000011100000101011011111010101100101000011111011101100111101000101001010011000111011100001110100110010010010001111111001000101111011011000111100001001000100000000011001110001011111111111100011101000101000100000100110110111011101011110000110011111011000101110111110011011101101100110010000101100
01110000011001011000110000101011100100110111111101010101010011000000110010111100011101110001011111011011010011011100001100000101010000010110011111011010101011010110010101101110011100001010000010100011100010010111100010001111010101111001100000001111101111111000100100010001111101011111010001000101000000111001101000110011011100011110011110100110001011001011010010101101001001010111010010101101010110011010001000111000000111101011101000101001101011011001111100100011001100011111100111000110001110001001111011111100011111010100100000101010011010111100000100010011000010111010110101100111000110011110001011001101101101110000000110111010000100100111000011110110111011111111100110001110100000000000011100010111010111011111011001001000101010100001111001100000100111010001000001100100010010011001101111010011
01110000011001011000110000101011100100110111111101010101010011000000110010111100011101110001011111011011010011011100001100000101010000010110011111011010101011010110010101101110011100001010000010100011100010010111100010001111010101111001100000001111101111111000100100010001111101011111010001000101000000111001101000110011011100011110011110100110001011001011000010101101001001010111010010101101010110011010001000111000000111101011101000101001101011011001111100100011001000011111100111000110001110001001111011111100011111010100100000101010011010111100000100010011000010111010110101100111000100011110001011001101101101110000000110111010000100100111000011110110111011111111100110001110100000010000011100010111010111011111011001001000101010100001111001100000100111010001000001100100010010011001101111010011
01110000011001011000110000101011100100110111111101010101010011000000110010011100011101110001011111011011010011011100001100000111010000010110011111011010101011010110010101101110011100001010000010100011100010010111100000001111011101111000100000001111101111111000100100010000111101011111010001000101000000111001101000110011011100011110011110100110001011001011000010101101001001010111010010101101010110011010001000111000000111101011101000101001101011011001111100100011001100011111100111000110001100001001111011111100011111010100100000101010011010111100100100010011000110111010110101100111000110011110001011001101101101110000000110111010000100100111000011110110111011111111100110000110100000010000011100010111010111011111011001001000101010100001111001100000100111010001000001100100010010111001101111010011
11100101101110101101100110101111111110000010101011111011111100001101001100011011001100111001110010000101010101100000100011001111100011010001010000101100101101110001001000110111011101010100010011111101111000110110001101110000111010100101011010010010001011110010110000011011011110010010101111010011101011011110001111110000111100111111101001011001010110110000011100101110011010110000101001001010010001010001101001100100000000011001000000011011110000100101101011101001101111110011000011101101101000001011000001111001100111010111011000000000011011101011110010001100001001000111001110011100111011001001100111101010111001011110100010010011010010000100000101001010010010011000100100011110111111110110001101010010011100111000101000110011011110010110110110001001110011011001000000110000110101100011011110111111
10001111100110100111001111010100011011001000000010101010101100111111001101100011100010001110100000100100101100100011110011111000101111101001100000100101010100101001101010010001100011110101111101011100011101101000011111110000100010000111011111110000010000000111011011101111000010100000101110111010111111000110010111001100100011100001100001011001110100110100111101010010110110101000101101010010101001100101110111000111111000010100010111010110010100100110000011011100110011100000011000111001110011110110000100000011100000101011011111010101100101000011011011101100111001000101001010011000111001100001110100110010010010001111111001000101111011011000111100001001000100000000011001111001011111101111100011101000101000100000100110110111010101011110000110011111011000101110111110011011101101000110010000101100
01110000011001011000110000101011100100110111111101010101010011000000110010011100011101110001011111011011010011011100001100000111010000010110011111011010101011010110010101101110011100001010000010100011100010010111100000001111011101111000100000001111101111111000100100010000111101011111010001000101000000111001101000110011011100011110011110100110001011001010000010101101001001010111010010101101010110011010001000111000000111101011101000101001101011011001111100100011001000011111100111000110001100001001111011111100011111010100100000101010011010111100100100010011000110111010110101100111000110011110001011001101101101110000000110111010000100100111000011110110111011111111100110000110100000010000011100010111010111011111011001001000101010100001111001100000100111010001000001100100010010111001101111010011
10001111100110100111001111010100011010001000000010101010101100111111001101100011000010001110100000100100101100100011110011111000101111101001100000100101010100101001101010010001100011110101111101011100011101101000011111110000100010000111011111110000010001000111011011111111000010100000101110111010111111000110010111001100100011100001100001011001110100110100111101010010110110101000101101010010101001100101110111000111111000010100010111010110010100100110000011011100110011100000011000111001110011110110000100000011100000101011011111010101100101000011011011101100111001000101001010011000111011100001110100110010010010011111111001000101111011011000111100001001000100000000011001111001011111101011100011101000101000100000100110110111010101011110000110011111011000001110111110011011101101000110010000101100
10001111100110100111001111010100011010001000000010101010101100111111001101100011100010001110100000100100101100100011110011111000101111101001100000100101010100101001101010010001100011110101111101011100011101101000011101110000100010000111011111110000010001000111011011111111000010100000101110111010111111000110010111001100100011100001100001011001110100110101111101010010110110101000101101010010101001100101110111000111111000010100010111010110010100100110000011011100110011100000011000111001110011110110000100000011100000101011011111010101100101000011011011101100111001000101001010011000111011100001110100110010010010001111111001000101111011011000111100001001000100000000011001111001011111101111100011101000101000100000100110110111010101011110000110011111011000101110111110011011101101000110010000101100
10001111000000100110011000001000000011010010110000011011001010111010110010110100010010000110110101111010001011011100000110111111111001000011111011010111011010011110111110010001100001001001001100000100001001011011110110001101110101001011111110001111110110000001110110110011100111111010111100100000011000000000010000001000000001101000011100101010101100101001110101001110101011101111101011011101110100100110110000000111110001110110100111100100010100011100111010011110001000101100001110001010001110110010101100111110110110111111001111010110110100001100001001110111100010100000111010000010010111101100110000110101010010111011101101101000100010100101001000100011001001111011111010101000000011010010110011101101010000101001100011011000111101010011110010110100011010001101101011011011001011011001110010000110
01110000011001011000110000101011100100110111111101010101010011000000110010011100011101110001011111011011010011011100001100000111010000010110011111011010101011010110010101101110011100001010000010100011100010010111100000001111011101111000100000001111101111111000100100010000111101011111010001000101000000111001101000110011011100011110011110100110001011001011000010101101001001010111010010101101010110011010001000111000000111101011101000101001101011011001111100100011001100011111100111000110001100001001111011111100011111010100100000101010011010111100100100010011000110111010110101100111000100011110001011001101101101110000000110111010000100100110000011110110111011111111100110000110100000010000011100010111010111011111011001001000101010100001111001100000100111010001000001100100010010111001101111010011
01110000011001011000110000101011100100110111111101010101010011000000110010111100011101110001011111011011010011011100001100000111010000010110011111011010101011010110010101101110011100001010000010100011100010010111100000001111011101111000100000001111101111111000110100010000111101011111010001000111000000111001101000110011011100011110011110100110001011001010010010101101001000010111010010101101010110011010001000111000000111101011101000101001101011011001111100100011001100011111100111000110001000001001111011111100011111010100100000101010011010111100000100010011000110111010110101100111000110011110001011001101101101110100000110111010000100100111000011110110111011111111100110000110100000000100011100010111010111011111011001001010100010100001111001100000100111010001000001100100010010011001101111010011
11100101101110001011001110101101110110000111101011100000111101000100000010011001101100111001001011000100010101101011001001001010000111110101010000100000101110010000011100110111011100010100010011111011010000100111000101101000001010110100101010010010001111101101010000001000111111010101000111011110001111011110011111110010001100110111101001001101010110110100010100111110001110110011010001011010101001001011001001110110001110010010110000010011110000110111011011110001110011100011000101101101000000001101000101011001100101000101101100011000001011101011011010001100000001110110001110011010101101010011000111001010111100111100000110011001011001001100111111011100001011001100100100011010111111100110000100010010001110111100101100100011110110111101011110001011010111010000100110111000110111110010011100111111
01110000011001011000110000101011100101110111111101010101010011000000110010011100011101110001011111011011010011011100001100000111010000010110011111011010101011010110010101101110011100001010000010100011100010010111100000001111011101111000100000001111101111111000100100000000111101011111010001000101000000111001101000110011011100011110011110100110001011001010000010101101001001010111010010101101010110011010001000111000000111101011101000101001101011011001111100100011001100011111100111000110001100001001111011111100011111010100100000101010011010111100100100010011000110111010110101100111000110011110001011001101101101110000000110111010000100100111000011110110111011111111100110000110100000010000011100010111010111011111011001001000101010100001111001100000100111010001000001100100010010111001101111010011
01110000011001011000110000101011100100110111111101010101010011000000110010011100011101110001011111011011010011011100001100000111010000010110011111011010101011010110010101101110011100001010000010100011100010010111100010001111011101111000100000001111101111111000100100010000111101011111010001000101000000111001101000110011011100011110011110100110001011001010000010101101001001010111010010101101010110011010001000111000000111101011101000101001101011011001111100100011001000011111100111000110001100001001111011111100011111010100100000101010011010111100100100010011000110111010110101100111000110011110001011001101101101110000000110111010000100100110000011110110111011111111100110000110100000010000011100010111010111011111011001001000101010100001111001100000100111010001000001100100010010111001101111010011
01110000011001011000110000101011100100110111111101010101010011000000110010111100011101110001011111011011010011011100001100000101010000010110011111011010101011010110010101101110011100001010000010100011100010010111100010001111010101111001100000001111101111111000100100010001111101011111010001000101000000111001101000110011011100011110011110100110001011001011010010101101001001010111010010101101010110011010001000111000000111101011101000101001101011011001111100100011001100011111100111000110001110001001111011111100011111010100100000101010011010111100000100010011000010111010110101100111000110011110001011001101101101110000000110111010000100100111000011110110111011111111100110001110100000000000011100010111010111011111011001001010101010100001111001100000100111010001000001100100010010011001101111010011
01110000011001011000110000101011100100110111111101010101010011000000110010011100011101110001011111011011010011011100001100000111010000010110011111011010101011010110010101101110011100001010000010100011100010010111100000001111011101111000100000001111101111111000100100010000111101011111010001000101000000111001101000110011011100011110011110100110001011001011000010101101001001010111010010101101010110011010001000111000000111101011101000101001101011011001111100100011001000011111100111000110001100001001111011111100011111010100100000101010011010111100100100010011000110111010110101100111000110011110001011001101101101110000000110111010000100100111000011110110111011111111100110000110100000010000011100010111010111011111011001001000101010100001111001100000100111010001000001100100010010111001101111010011
10001111100110100111001111010100011010001000000010101010101100111111001101000011100010001110100000100100101100100011110011111000101111101001100000100101010100101001101010010001100011110101111101011100011101101000011101110000101010000110011111110000010000000111011011111110000010100000101110111010111111000110010111001100100011100001100001011001110100110100111101010010110110101000101101010010101001100101110111000111111000010100010111010110010100100110000011011100110111100000011000111001110011110110000100000011100000101011011111010101100101000011111011101100111101000101001010011000111011100001110100110010010010001111111001000101111011011001111100001001000100000000011001110001011111101111100011101000101000100000100110110111010101011110000110011111011000101110111110011011101101100110010000101100
10001111100110100111001111010100011011001000000010101010101100111111001101100011100010001110100000100100101100100011110011111000101111101001100000100101010100101001101010010001100011110101111101011100011101101000011101110000100010000111011111110000010001000111011011101111000010100000101110111010111111000110010111001100100011100001100001011001110100110100111101010010110110101000101101010010101001100101110111000111111000010100010111010110010100100110000011011100110111100000011000111001110011110110000100000011100000101011011111010101100101000011011011101100111001000101001010011000111011100001110100110010010010001111111001000101111011011000111100001001000100000000011001111001011111101111100011101000101000100000100110110111010101011110000110011111011000101110111110011011101101000110010000101100
10001111100110100111001111010100011011001000000010101010101100111111001101000011100010001110100000100100101100100011110011111000101111101001100000100101010100101001101010010001100011110101111101011100011101101000011111110000101010000110011111110000010000000111011011101111000010100000101110111010111111000110010111001100100011100001100001011001110100110100101101010010110110101000101101010010101001100101110111000111111000010100010111010110010100100110000011011100110111100000011000111001110111110110000100000011100000101011011111010101100101000011111011101100111001000101001010011000111001100001110100110010010010011111111001000101111011011001111100001001000100000000011001110001011111111011100011101000101000100000100110110101010101011110000110011111011000001110111110011011101101100110010000101100
10001111100110100111001111010100011011001000000010101010101100111111001101000011100010001110100000100100101100100011110011111010101111101001100000100101010100101001101010010001100011110101111101011100011101101000011101110000101010000110011111110000010000000111011011101110000010100000101110111000111111000110010111001100100011100001100001011001110100110100101101010010110110101000101101010010101001100101110111000111111000010100010111010110010100100110000011011100110011100000011000111001110001110110000100000011100000101011011111010101100101000011111011101100111101000101001010011000111011100001110100110010010010001111111001000101111011011000111100001001000100000000011001110001011111111111100011101000101000100000100110110101011101011110000110011111011000101110111110011011101101100110010000101100
01110000011001011000110000101011100100110111111101010101010011000000110010011100011101110001011111011011010011011100001100000111010000010110011111011010101011010110010101101110011100001010000010100011100010010111100000001111011101111000100000001111101111111000100100010000111101011111010001000101000000111001101000110011011100011110011110100110001011001010000010101101001001010111010010101101010110011010001000111000000111101011101000101001101011011001111100100011001000011111100111000110001100001001111011111100011111010100100000101010011010111100100100010011000110111010110101100111000110011110001011001101101101110000000110111010000100100110000011110110111011111111100110000110100000010000011100010111010111011111011001001000101010100001111001100000100111010001000001100100010010111001101111010011
10001111100110100111001111010100011011001000000010101010101100111111001101100011100010001110100000100100101100100011110011111000101111101001100000100101010100101001101010010001100011110101111101011100011101101000011101110000100010000111011111110000010000000111011011101111000010100000101110111010111111000110010111001100100011100001100001011001110100110100111101010010110110101000101101010010101001100101110111000111111000010100010111010110010100100110000011011100110011100000011000111001110011110110000100000011100000101011011111010101100101000011011011101100111001000101001010011000111001100001110100110010010010001111111001000101111011011001111100001001000100000000011001111001011111101111100011101000101000100000100110110111010101011110000110011111011000101110111110011011101101000110010000101100
01110000011001011000110000101011100101110111111101010101010011000000110010111100011101110001011111011011010011011100001100000101010000010110011111011010101011010110010101101110011100001010000010100011100010010111100010001111010101111001100000001111101111111000100100000001111101011111010001000101000000111001101000110011011100011110011110100110001011001011010010101101001001010111010010101101010110011010001000111000000111101011101000101001101011011001111100100011001000011111100111000110001110001001111011111100011111010100100000101010011010111100000100010011000010111010110101100111000110011110001011001101101101110000000110111010000100100110000011110110111011111111100110001110100000000000011100010111010111011111011001001000101010100001111001100000100111010001000001100100010010011001101111010011
01110000011001011000110000101011100100100111111101010101010011000000110010111100011101110001011111011011010011011100001100000111010000010110011111011010101011010110010101101110011100001010000010100011100010010111100000001111011101111000100000001111101111111000110100010000111101011111010001000111000000111001101000110011011100011110011110100110001011001010000010101101001000010111010010101101010111011010001000111000000111101011101000101001101011011001111100100011001100011111100111000110001000001001111011111100011111010100100000101010011010111100000100010011000110111010110101000111000100011110001011001101101101110100000110111010000100100110000011110110111011111111100110000110100000000100011100010111010111011111011001001010100010100001111001100000100111010001000001100100010010011001101111110011
10100101111110101111101101101111111101000011101011100001111100000101000100011001001110111001001101000110010100100010101011100000100111011101010000100000101111100001001100110110011101010100010001111010110010110101001101100001001010110100011001010000001110011110110001001000011111000011100011010111100111011100001111110001101100101111111001011001110010110100001010111110001010110001010111011010101001001000101101101100001110011000101000011111110000000001001111110001100011111011101101101100001000001111000111001001000101000111010000001000001011100001110110001100011011101010001101011100101101010000001100001001101100011100100010011011011110000100101111011100100010011100100101010111111100111111011000000010101110110110001100100011101110101101011110001011000101011101100100110100100001110011011110111011
01110000011001011000110000101011100101110111111101010101010011000000110010011100011101110001011111011011010011011100001100000111010000010110011111011010101011010110010101101110011100001010000010100011100010010111100010001111011101111000100000001111101111111000100100000000111101011111010001000101000000111001101000110011011100011110011110100110001011001011000010101101001001010111010010101101010110011010001000111000000111101011101000101001101011011001111100100011001100011111100111000110001100001001111011111100011111010100100000101010011010111100100100010011000110111010110101100111000100011110001011001101101101110000000110111010000100100110000011110110111011111111100110000110100000010000011100010111010111011111011001001000101010100001111001100000100111010001000001100100010010111001101111010011
10100111001110001011101110111110111100000011101000001010110001101101001000001001101100110010000010010101010100101101100011101110110111100001110000000100110100100001011000010111011000110010110010110011011001100111000101101000110011110111001110110010001111000011010000001001011110010000100000001010001101111111000011011101101001110101111011110001110010110000010100011110101010110001011001000010010010110000100111100111001110000011000101010111011000000111001111000111110011110011001101111101111000001011010011111001101110000001101100000100010111101011100000100100011001000111001110111100111011001000100010101011110001110111100010010001011111001000101101101010000101000001101010101111010111100110011010000011000110101101101101110011100010100110010110001000110111011010100110110000011101110010000101011111
01110000011001011000110000101011100100110111111101010101010011000000110010111100011101110001011111011011010011011100001100000101010000010110011111011010101011010110010101101110011100001010000010100011100010010111100010001111010101111001100000001111101111111000100100010001111101011111010001000101000000111001101000110011011100011110011110100110001011001011000010101101001001010111010010101101010110011010001000111000000111101011101000101001101011011001111100100011001000011111100111000110001110001001111011111100011111010100100000101010011010111100000100010011000010111010110101100111000110011110001011001101101101110000000110111010000100100110000011110110111011111111100110001110100000010000011100010111010111011111011001001000101010100001111001100000100111010001000001100100010010011001101111010011
10001111100110100111001111010100011011001000000010101010101100111111001101000011100010001110100000100100101100100011110011111000101111101001100000100101010100101001101010010001100011110101111101011100011101101000011111110000100010000111011111110000010000000111001011101111000010100000101110111000111111000110010111001100100011100001100001011001110100110101101101010010110111101000101101010010101001100101110111000111111000010100010111010110010100100110000011011100110011100000011000111001110111110110000100000011100000101011011111010101100101000011111011101100111001000101001010011000111011100001110100110010010010001011111001000101111011011000111100001001000100000000011001111001011111111011100011101000101000100000100110110101011101011110000110011111011000101110111110011011101101100110010000101100
01110000011001011000110000101011100100100111111101010101010011000000110010111100011101110001011111011011010011011100001100000111010000010110011111011010101011010110010101101110011100001010000010100011100010010111100000001111011101111000100000001111101111111000110100010000111101011111010001000111000000111001101000110011011100011110011110100110001011001010000010101101001000010111010010101101010111011010001000111000000111101011101000101001101011011001111100100011001100011111100111000110001000001001111011111100011111010100100000101010011010111100000100010011000110111010110101000111000100011110001011001101101101110100000110111010000100100110000011110110111011111111100110000110100000000100011100010111010111011111011001001010100010100001111001100000100111010001000001100100010010011001101111110011
01110110010101111010111110110111101010110111111000001110000011011001111001100110011101100001011111011101000110011110001010100111011000010010001101010100010000111110011101010101111011101011110100100011000101100011101011100011000101101111000110101011111100100000000000100000101111101110010000100101001101110011000000011111110001010110110110100101001000001110011010110001100001000001001000010001010001110100101000110100101010100100001001111000010110100001000100100111001010010100110001010011001101110101011000101110111010000000100111101100111110010000111100110011011110100010100111111101010000111111001011011101000001111001010001110000000100011011100000111110111101100011011011110110000000100001011010111111011110001111011101001111110010000000101101100000111001001011000101010011111000011010101101010110
10001111100110100111001111010100011011001000000010101010101100111111001101100011100010001110100000100100101100100011110011111000101111101001100000100101010100101001101010010001100011110101111101011100011101101000011111110000100010000111011111110000010001000111011011101111000010100000101110111010111111000110010111001100100011100001100001011001110100110101111101010010110110101000101101010010101001100101110111000111111000010100010111010110010100100110000011011100110111100000011000111001110011110110000100000011100000101011011111010101100101000011011011101100111001000101001010011000111011100001110100110010010010001111111001000101111011011000111100001001000100000000011001111001011111101111100011101000101000100000100110110111010101011110000110011111011000101110111110011011101101000110010000101100
10001101001001100111001111010100010010000000000011101010101000111111001101000011100000001110100001110100101100100001110011111010001101101000100000100001110100101001101010010001100001110101011101011100111101101011011100111000111010010100011111110001010001000111011011111110001010100000101110011000110110000110000011001100100111111001000001011000000100110100101101010010111110101001001101010010101010100101110111100111010000010110010111010110011101100110001011011100100011101001001100101001010001110110100100000011100100101011001100010101100101000011110011101100111101000101001010000010111011100001110000110010011010001111111001101111011111111000111011001001000110000000111000101001011111111111100011101000101000100000100110110111011101011110010110010111010111101010111110111011001101100010010100101101
10001111100110100111001111010100011011001000000010101010101100111111001101000011100010001110100000100100101100100011110011111000101111101001100000100101010100101001101010010001100011110101111101011100011101101000011111110000100010000111011111110000010000000111001011101111000010100000101110111000111111000110010111001100100011100001100001011001110100110101101101010010110111101000101101010010101001100101110111000111111000010100010111010110010100100110000011011100110011100000011000111001110111110110000100000011100000101011011111010101100101000011111011101100111001000101001010011000111011100001110100110010010010011011111001000101111011011001111100001001000100000000011001111001011111111011100011101000101000100000100110110101011101011110000110011111011000001110111110011011101101100110010000101100
10001111100110100111001111010100011010001000000010101010101000111111001101100011100010001110100000100100101100100011110011111000101111101001100000100101010100101001101010010001100011110101111101011100011101101000011101110000100010000111011111110000010001000111011011111111000010100000101110111010111111000110010111001100100011100001100001011001110100110100111101010010110110101000101101010010101001100101110111000111111000010100010111010110010100100110000011011100110111100000011000111001110011110110000100000011100000101011011111010101100101000011011011101100111001000101001010011000111011100001110100110010010010001111111001000101111011011000111100001001000100000000011001111001011111101111100011101000101000100000100110110111010101011110000110011111011000101110111110011011101101000110010000101100
10001111100110100111001111010100011010001000000010101010101000111111001101100011000010001110100000100100101100100011110011111000101111101001100000100101010100101001101010010001100011110101111101011100011101101000011111110000100010000111011111110000010001000111011011111111000010100000101110111010111111000110010111001100100011100001100001011001110100110101111101010010110110101000101101010010101001100101110111000111111000010100010111010110010100100110000011011100110011100000011000111001110011110110000100000011100000101011011111010101100101000011011011101100111001000101001010011000111011100001110100110010010010011111111001000101111011011000111100001001000100000000011001111001011111101011100011101000101000100000100110110111010101011110000110011111011000001110111110011011101101000110010000101100
01110000011001011000110000101011100100110111111101010101010011000000110010111100011101110001011111011011010011011100001100000111010000010110011111011010101011010110010101101110011100001010000010100011100010010111100010001111010101111001100000001111101111111000100100010001111101011111010001000111000000111001101000110011011100011110011110100110001011001011010010101101001001010111010010101101010110011010001000111000000111101011101000101001101011011001111100100011001100011111100111000110001100001001111011111100011111010100100000101010011010111100000100010011000010111010110101100111000110011110001011001101101101110000000110111010000100100110000011110110111011111111100110001110100000000000011100010111010111011111011001001010100010100001111001100000100111010001000001100100010010011001101111010011
10011111000101100111001111010110011010010000110001101010100000111111001101100011000100000010100000110010101110100011110010111010101110101001101000100101010101111111100000110101110011110101111100010100101101101000011100110001100010010101010111111111010000000001001011110101000000110000111010101100111100100111001011001100100011101001000110011000010110110101101011010010111111111001001001010010101000110101110111100101110000110100010011010010000110100111101011111000100011001111001100111001110010110010100000100011000110101010001101010100101100011001111101101110101101000101011010011110111010100011110100010011000000100011110001010111011111001000101000001001000100000001011010101000000011101011100011101000001000101001110100110111111100011110010010110110110011101111111110101011101100000010000110101101
10001111000110100111001111011100011010000000000011101010101000111111001100000011100110000010100000110100000100100001110011111010000111101001101000100101110101101001100010010101110001110101011101111100101101100000010000110000111010110100011101111011010001000011011011111111001010110000101110011100111111000110001011001100100111101001100001011000100110110100101101010110111111111000001101010010101010100001110111100111010000010110010101010110010100100110101011011100110111101001001100101001110000110010100001001011100010101011011100010101100101000011110011101100001001000101001010001010111011100001100100110011000000001111111001000111011011111000111101001001000100000001111001101000001111111111100011001010101100101000100100110111111100011110000110011111010111101011111110111011101101000010010100111101
10001101001101100111001111010100010010000000000011101010101000111111001101000011100100001110100001110100101100100001110011111010001101101000100000100001110100101001101010010001100001110101011101011100111101101011011100111000111010010100011111110001010001001111011011111110001010100000101110011000110110000110000011001100100111111001000001011000000100110100101101010010111111101000001101010010101010100101110111100111010000010110010111010110011101100110001011011100100011101001001100101001010001110110100100000011100100101011001100010101100101000011110011101100111101000101001010000010111011100001100000110010010010001111111001101111011111111000111011001001000110000000111000101001011111111111100011101000101000100000100110110111011101011110010110010111010111101010111110111011001101100010010100101101
11110001011110000000100011111110111001100111001110100000111111000100001100001111001110111101001010000101010101001010001001000111000001010101010001101010100101000000010101111010010100010110110011111010010110000011001101010010001000110100110000110010001001011111011000001110111101010111000011011111000111101111011001110011001100011111101011001101001011010110011110110111000100011001010100100010001001010010101011110001000110001010011000000011101000000011001111100011110111010011110101100111100000001001010011011001000001000100100000101101011011110011110010110100000001101010100001111001101000010010011111011010101101011111000010011011011101011100110111111110111110001110100101010111111100100101001111010010110110110110011100000111100110101101010101001001100111111110100100000000011000110111011111111011
10101101101100101110111110101111100110000010111011101010101100111110001100001011011110111000000011000101110101100000000011001101101110110000100000110000100100110001011000010111010101000101000001011001111010100011001101111000111010110100111110101000011001001011010001011001011111010100011111011010101011011010001101111010101111111111101101111001010100110010011100011110001010110001001001011010101010010001011011110101000000010001010000000111000011100110011011011000101111110011000101001110011010001110100101111001101110000111101000010000011011100111110010001100000001001111001110111100101100001111000101001010111100011100110000011011011101100100110101011101010100001101110100101111011011100110000101010000001101111100101100110011110100100100010100000101010011010000110111110000110101100010011110111111
01110000011001011000110000101011100101110111111101010101010111000000110010011100111101110001011111011011010011011100001100000111010000010110011111011010101011010110010101101110011100001010000010100011100010010111100000001111011101111000100000001111101110111000100100000000111101011111010001000101000000111001101000110011011100011110011110100110001011001010000010101101001001010111010010101101010110011010001000111000000111101011101000101001101011011001111100100011001100011111100111000110001100001001111011111100011111010100100000101010011010111100100100010011000110111010110101100111000100011110001011001101101101100000000110111010000100100111000011110110111011111111100110000110100000010100011100010111010111011111011001001000101010100001111001100000100111110001000001100100010010111001101111010011
01000111100111110101101011110110011010001110000011101110110010001111101101001011000100010000000000100100001110100011110011111010000110111001100000000101010101100001101000010101011111110001011110010100001101101001001000111000100010000101011101110011001110010010000001111111011010101000111110111110111010100100001111000110100111101000100010000001010110110101011101011010111111101000001101000010101001010101110111001111010111100010010110010110001100100111101011011101100110001011001000110001110110100000000000110011110010100001001101010111101101010011110001101100101001000111011010111000111011100001110000000011011000000010110001010111011111011000111000001011000100101001011001111001010111101010101011101000101000101011110100110100000111011110010110100010110011111011010110111011111110100010101110001111
01110010110010011000110000101011101101111111111100010101010111000000110010111100011111110001011110001011010011011110001100000101111010010111011111011110001011010110010101101110011110001010100010100011000010010100100011000111000101101011100000001110101110110000100100000001110101011111010001100111001001111001111100110011011000000110111110100111111011001011010010101101000001010111110010101101010101011010001000011000101111101001101000101001100010011001110100100011011100010110110011010110101110001001011011111100011011010100110011101010011010111100001100010011000010111010110101111101000100011110001111001101100101110000000110011000100000000111000100110110111001111111000111010110100000000000011100010111010111011111011001001000100010100001101001101000101000010101000001000100110010011101101011010010
01110000011001011000110000101011100100110111111101010101010011000000110010111100011101110001011111011011010011011100001100000111010000010110011111011010101011010110010101101110011100001010000010100011100010010111100000001111011101111000100000001111101111111000110100010000111101011111010001000111000000111001101000110011011100011110011110100110001011001010010010101101001000010111010010101101010110111010001000111000000111101011101000101001101011011001111100100011001100010111100111000110001000001001111011111100011111010100100000101010011010111100000100010011000110111010110101100111000110011110001011001101101101100100000110111010000100100110000011110110111011111111100110000110100000000100011100010111010111011111011001001010100010100001111001100000100111110001000001100100010010011001101111010011
10001111100110100111001111010100011010001000000010101010101100111111001101100011000010001110100000100100101100100011110011111000101111101001100000100101010100101001101010010001100011110101111101011100011101101000011111110000100010000111011111110000010000000111011011111111000010100000101110111010111111000110010111001100100011100001100001011001110100110101111101010010110110101000101101010010101001100101110111000111111000010100010111010110010100100110000011011100110111100000011000111001110011110110000100000011100000101011011111010101100101000011011011101100111001000101001010011000111011100001110100110010010010011111111001000101111011011001111100001001000100000000011001111001011111101011100011101000101000100000100110110111010101011110000110011111011000001110111110011011101101000110010000101100
00001111100001110110011100000010000011011000010000011110000000111011110001110100010010000010111111111000001010110101010110111001111110101010101110010111011010111111101010000101101011101011001100000101001001111001111110111101110101001011011110001111110110000000001111110001000001101010111110100100111000010000100010001100100011100000000100100010110100101001110101001000110111100110101111011100110100111100110100001110111001110100110111111100010100111100110010011100001000101100001010010000011111110010101100101010111110101011011011010110110100001100001101001011111110010100011010000110010110101110110000110001010010110000111101100110100011100001001000000011001101100001011010101000010011010010110010001101001001101001100011111000111001010010100010110110011000000111011011111111001111101000100000000100
10001111100110100111001111010100011011001000000010101010101100111111001101100011100010001110100000100100101100100011110011111000101111101001100000100101010100101001101010010001100011110101111101011100011101101000011101110000100010000111011111110000010000000111011011101111000010100000101110111010111111000110010111001100100011100001100001011001110100110100111101010010110110101000101101010010101001100101110111000111111000010100010111010110010100100110000011011100110011100000011000111001110011110110000100000011100000101011011111010101100101000011011011101100111001000101001010011000111001100001110100110010010010001111111001000101111011011001111100001001000100000000011001111001011111101111100011101000101000100000100110110111010101011110000110011111011000101110111110011011101101000110010000101100
01110000011001011000110000101011100101110111111101010101010011000000110010011100111101110001011111011011010011011100001100000111010000010110011111011010101011010110010101101110011100001010000010100011100010010111100000001111011101111000100000001111101110111000100100000000111101011111010001000101000000111001101000110011011100011110011110100110001011001011000010101101001001010111010010101101010110011010001000111000000111101011101000101001101011011001111100100011001100011111100111000110001100001001111011111100011111010100100000101010011010111100100100010011000110111010110101100111000100011110001011001101101101100000000110111010000100100111000011110110111011111111100110000110100000010100011100010111010111011111011001001000101010100001111001100000100111110001000001100100010010111001101111010011
01110000011001011000110000101011100100100111111101010101010011000000110010111100011101110001011111011011010011011100001100000111010000010110011111011010101011010110010101101110011100001010000010100011100010010111100000001111011101111000100000001111101111111000110100010000111101011111010001000111000000111001101000110011011100011110011110100110001011001010000010101101001000010111010010101101010110011010001000111000000111101011101000101001101011011001111100100011001100011111100111000110001000001001111011111100011111010100100000101010011010111100000100010011000110111010110101000111000110011110001011001101101101100100000110111010000100100111000011110110111011111111100110000110100000000100011100010111010111011111011001001010100010100001111001100000100111110001000001100100010010011001101111110011
10001111100110100111001111010100011011001000000010101010101100111111001101000011100010001110100000100100101100100011110011111000101111101001100000100101010100101001101010010001100011110101111101011100011101101000011101110000101010000110011111110000010000000111011011101110000010100000101110111010111111000110010111001100100011100001100001011001110100110100101101010010110110101000101101010010101001100101110111000111111000010100010111010110010100100110000011011100110011100000011000111001110011110110000100000011100000101011011111010101100101000011111011101100111101000101001010011000111001100001110100110010010010001111111001000101111011011000111100001001000100000000011001110001011111111111100011101000101000100000100110110101010101011110000110011111011000101110111110011011101101100110010000101100
10001101001001100111001111010100011010000000000011101010101000111111001101000011100000001110100001110100101100100001110011111010000101101000100000100001110100101001101010010001100001110101011101011100111101101011011100111000111010010100011111110001010001001111011011111110001010100000101110011000110110000110000011001100100111111001000001011000000100110100101101010010111110101001001101010010101010100101110111100111010000010110010111010110011101100110001011011100100011101001001100101001010001110110100100000011100100101011001100010101100101000011110011101100111101000101001010000010111011100001100000110010011010001111111001101111011111111000111011001001000110000000111000101001011111111111100011101000101000100000100110110111011101011110010110010111010111101010111110111011001101100110010100101100
10001111100110100111001111010100011011011000000010101010101100111111001101000011100010001110100000100100101100100011110011111000101111101001100000100101010100101001101010010001100011110101111101011100011101101000011111110000100010000111011111110000010000000111001011101110000010100000101110111000111111000110010111001100100011100001100001011001110100110100101101010010110111101000101101010010101000100101110111000111111000010100010111010110010100100110000011011100110011101000011000111001110111110110000100000011100000101011011111010101100101000011111011101100111001000101001010111000111001100001110100110010010010011111111001000101111011011001111100001001000100000000011001111001011111111011100011101000101000100000100110110101011101011110000110011111011000001110111110011011101101100110010000001100
01110000011001011000110000101011100100110111111101010101010011000000110010111100011101110001011111011011010011011100001100000101010000010110011111011010101011010110010101101110011100001010000010100011100010010111100010001111010101111001100000001111101111111000100100010001111101011111010001000111000000111001101000110011011100011110011110100110001011001011010010101101001001010111010010101101010110011010001000111000000111101011101000101001101011011001111100100011001100011111100111000110001110001001111011111100011111010100100000101010011010111100000100010011000010111010110101100111000110011110001011001101101101110000000110111010000100100110000011110110111011111111100110001110100000000000011100010111010111011111011001001010100010100001111001100000100111010001000001100100010010011001101111010011
01110000011001011000110000101011100100110111111101010101010011000000110010111100011101110001011111011011010011011100001100000111010000010110011111011010101011010110010101101110011100001010000010100011100010010111100010001111010101111001100000001111101111111000100100010001111101011111010001000101000000111001101000110011011100011110011110100110001011001011010010101101001001010111010010101101010110011010001000111000000111101011101000101001101011011001111100100011001000011111100111000110001100001001111011111100011111010100100000101010011010111100000100010011000010111010110101100111000110011110001011001101101101110000000110111010000100100111000011110110111011111111100110001110100000000000011100010111010111011111011001001010101010100001111001100000100111010001000001100100010010011001101111010011
01110010110110011000110000101011100101111111111100010101010111000000110010111100011101110001011110001011010011011110001100000101110010010111011111011110001011010110010101101110011110001010100010100011000010010100100011000111000101101011100000001110101110110000100100010001110101011111010001100111001001111001111100110011011000000110111110100111111011001001010010101101000001010110110010101101010111011010001000011000101111101001101000101000100110011001110100100011011100010110110011010110101110001001011011111100011011010100110011101010011010111100001100010011000010111010110101111101000100011110001111001101100101110000000110010000100000000111000100110110111001111111000111010110100000000000011100010111010111011111011001001000100010100001101001101000101000010101000001000100110010011001101011010011
10001111000110100111001111011100010010000000100011101010101000111111001100000011100100000010100001110100100100100001110011111010001111101000101000100001110101101001100010010101110001110111011101011100101101101100011000111000111010010100011101111001010001000011011011101111001010110000101110011100111110000110001011001100100111101001001001011001000100110101101111010011111110111000001101010010101010100101110111100111010000010110010101010110010001100110101011011100100111101001001100101011010001110010000001101011100100101011011100010101000101000011010011101100101001000101001010001010111011100001110000010011000000001111111001000111011111111000101011001001000100000001111001101100001111111111100011101010100000101000100100110111110100011110000110011111010111101011111110111011101101000010010100111101
10001111000000100110011000001000000011010010110000011011001011111011110010110100010010000010110101111110001011011100000110111111111001000011111011010111011000011110111010010001100001001001001100000100001001111011110110101100110101001011011110001111110111000000110110111001100011111010111000100000010000000000010000001100000001110000011100101010101100001001110001101110101011101111101011011101110100100100110100000111111000110110101111110100010100011100110010010110001000101100001110001010001111110011101100111110110110111111001111010110100100001100001001110111101010100000111010000010010111101100100000110101010010111011101101100010100010100101001000100011001001111011111010101000000011010010110011101111010000101001100011011000111101011011110010110100011000001101100011111011001011011001110010000110
01110000011001011000110000101011100101110111111101010101010011000000110010011100011101110001011111011011010011011100001100000111010000010110011111011010101011010110010101101110011100001010000010100011100010010111100010001111011101111000100000001111101111111000100100000000111101011111010001000101000000111001101000110011011100011110011110100110001011001011000010101101001001010111010010101101010110011010001000111000000111101011101000101001101011011001111100100011001000011111100111000110001100001001111011111100011111010100100000101010011010111100100100010011000110111010110101100111000100011110001011001101101101110000000110111010000100100111000011110110111011111111100110000110100000010000011100010111010111011111011001001000101010100001111001100000100111010001000001100100010010111001101111010011
10001111100110100111001111010100011010001000000010101010101100111111001101100011100010001110100000100100101100100011110011111000101111101001100000100101010100101001101010010001100011110101111101011100011101101000011111110000100010000111011111110000010001000111011011111111000010100000101110111010111111000110010111001100100011100001100001011001110100110101111101010010110110101000101101010010101001100101110111000111111000010100010111010110010100100110000011011100110111100000011000111001110011110110000100000011100000101011011111010101100101000011011011101100111001000101001010011000111011100001110100110010010010001111111001000101111011011000111100001001000100000000011001111001011111101111100011101000101000100000100110110111010101011110000110011111011000101110111110011011101101000110010000101100
11101101101110001011000110101101110110000110101011100000111111000100001010001001001100111001001011000101010101101011000001001010100111010101010000100000111100110000011101110111011000010100010011111011010000000111001101111000011010110100101010010010001011101100110000001000111111010101000111011011001111011110011111110010001100111111101001101101010110110110010100111111001110010001100001011010001001000010001001110110001110010000110000010011110000110011011011100001111011100011000101101101000000001101000001011001100001010101101100001000001011101011011010001100000001100111001110011010101101010001000111101010111100111100000110011001011101001100111111011100001111001100100100011010111111101110000101010010001110111100001000100011110110111101011110001011010111011000100110111000110111100011011100111111
01110000011001011000110000101011100100100111111101010101010011000000110010111100011101110001011111011011010011011100001100000111010000010110011111011010101011010110010101101110011100001010000010100011100010010111100000001111011101111000100000001111101111111000110100010000111101011111010001000111000000111001101000110011011100011110011110100110001011001010010010101101001000010111010010101101010111111010001000111000000111101011101000101001101011011001111100100011001100010111100111000110001000001001111011111100011111010100100000101010011010111100000100010011000110111010110101100111000110011110001011001101101101100100000110111010000100100110000011110110111011111111100110000110100000000100011100010111010111011111011001001010100010100001111001100000100111110001000001100100010010011001101111010011
01110000011001011000110000101011100101110111111101010101010011000000110010011100111101110001011111011011010011011100001100000111010000010110011111011010101011010110010101101110011100001010000010100011100010010111100000001111011101111000100000001111101110111000100100000000111101011111010001000101000000111001101000110011011100011110011110100110001011001010000010101101001001010111010010101101010110011010001000111000000111101011101000101001101011011001111100100011001100011111100111000110001100001001111011111100011111010100100000101010011010111100100100010011000110111010110101100111000100011110001011001101101101100000000110111010000100100111000011110110111011111111100110000110100000010100011100010111010111011111011001001000101010100001111001100000100111110001000001100100010010111001101111010011
01110000011001011000110000101011100101110111111101010101010011000000110010111100011101110001011111011011010011011100001100000111010000010110011111011010101011010110010101101110011100001010000010100011100010010111100010001111010101111001100000001111101111111000100100000001111101011111010001000101000000111001101000110011011100011110011110100110001011001011000010101101001001010111010010101101010110011010001000111000000111101011101000101001101011011001111100100011001100011111100111000110001100001001111011111100011111010100100000101010011010111100000100010011000010111010110101100111000110011110001011001101101101110000000110111010000100100111000011110110111011111111100110001110100000010000011100010111010111011111011001001000101010100001111001100000100111010001000001100100010010011001101111010011
10001111000000100110011000001000000011010010110000011011001011111011110010110100010010000010110101111110001011011100000110111111111001001011111011010111011000011110111010010101100001001001001100000100001001111011110110101100110101001011011110001111110111000000110110111001100011111010111000100000010000000000010000001100000001111000011100100010101100001001110001101110101011101111101011011101110100100100110100000111111000110110101111110100010100011100110010010110001000101100001110001010001111110011101100111110110110111111001111010010100100001100001001110111101010100000111010000010010111101100100000110101010010111010101101100010100010100101001000100011001001111011111010101000000011010010110011101111010000101001100011011000111101011011110010110100011000001101100011111011001011011001110010000110
01110000011001011000110000101011100100110111111101010101010011000000110010011100011101110001011111011011010011011100001100000111010000010110011111011010101011010110010101101110011100001010000010100011100010010111100000001111011101111000100000001111101111111000100100010000111101011111010001000101000000111001101000110011011100011110011110100110001011001011000010101101001001010111010010101101010110011010001000111000000111101011101000101001101011011001111100100011001000011111100111000110001100001001111011111100011111010100100000101010011010111100100100010011000110111010110101100111000110011110001011001101101101110000000110111010000100100110000011110110111011111111100110000110100000010000011100010111010111011111011001001000101010100001111001100000100111010001000001100100010010111001101111010011
10001111100110100111001111010100011011001000000010101010101100111111001101000011100010001110100000100100101100100011110011111000101111101001100000100101010100101001101010010001100011110101111101011100011101101000011111110000100010000111011111110000010000000111001011101111000010100000101110111000111111000110010111001100100011100001100001011001110100110101111101010010110111101000101101010010101001100101110111000111111000010100010111010110010100100110000011011100110011100000011000111001110111110110000100000011100000101011011111010101100101000011111011101100111001000101001010111000111001100001110100110010010010011011111001000101111011011001111100001001000100000000011001111001011111111011100011101000101000100000100110110101011101011110000110011111011000001110111110011011101101100110010000001100
10001111100110100111001111010100011011001000000010101010101100111111001101000011100010001110100000100100101100100011110011111000101111101001100000100101010100101001101010010001100011110101111101011100011101101000011101110000101010000110011111110000010000000111011011101110000010100000101110111010111111000110010111001100100011100001100001011001110100110100101101010010110110101000101101010010101001100101110111000111111000010100010111010110010100100110000011011100110111100000011000111001110011110110000100000011100000101011011111010101100101000011111011101100111101000101001010011000111011100001110100110010010010001111111001000101111011011001111100001001000100000000011001110001011111111111100011101000101000100000100110110101010101011110000110011111011000101110111110011011101101100110010000101100
10001111100110100111001111010100011011001000000010101010101100111111001101000011100010001110100000100100101100100011110011111000101111101001100000100101010100101001101010010001100011110101111101011100011101101000011111110000100010000111011111110000010000000111001011101111000010100000101110111000111111000110010111001100100011100001100001011001110100110101111101010010110111101000101101010010101001100101110111000111111000010100010111010110010100100110000011011100110011100000011000111001110111110110000100000011100000101011011111010101100101000011111011101100111001000101001010111000111001100001110100110010010010001011111001000101111011011001111100001001000100000000011001111001011111111011100011101000101000100000100110110101011101011110000110011111011000101110111110011011101101100110010000001100
10001111100110100111001111010100011010001000000010101010101100111111001101100011100010001110100000100100101100100011110011111000101111101001100000100101010100101001101010010001100011110101111101011100011101101000011111110000100010000111011111110000010001000111011011111111000010100000101110111010111111000110010111001100100011100001100001011001110100110101111101010010110110101000101101010010101001100101110111000111111000010100010111010110010100100110000011011100110111100000011000111001110011110110000100000011100000101011011111010101100101000011011011101100111001000101001010011000111001100001110100110010010010001111111001000101111011011000111100001001000100000000011001111001011111101111100011101000101000100000100110110111010101011110000110011111011000101110111110011011101101000110010000101100
10001111100110100111001111010100011011001000000010101010101100111111001101100011100010001110100000100100101100100011110011111000101111101001100000100101010100101001101010010001100011110101111101011100011101101000011111110000100010000111011111110000010001000111011011101111000010100000101110111010111111000110010111001100100011100001100001011001110100110101111101010010110110101000101101010010101001100101110111000111111000010100010111010110010100100110000011011100110011100000011000111001110011110110000100000011100000101011011111010101100101000011011011101100111001000101001010011000111001100001110100110010010010001111111001000101111011011000111100001001000100000000011001111001011111101111100011101000101000100000100110110111010101011110000110011111011000101110111110011011101101000110010000101100
10001111100110100111001111010100011011011000000010101010101100111111001101000011100010001110100000100100101100100011110011111000101111101001100000100101010100101001101010010001100011110101111101011100011101101000011111110000100010000111011111110000010000000111001011101111000010100000101110111000111111000110010111001100100011100001100001011001110100110101111101010010110111101000101101010010101001100101110111000111111000010100010111010110010100100110000011011100110011100000011000111001110111110110000100000011100000101011011111010101100101000011111011101100111001000101001010111000111011100001110100110010010010001011111001000101111011011001111100001001000100000000011001111001011111111011100011101000101000100000100110110101011101011110000110011111011000101110111110011011101101100110010000001100
01110000011001011000110000101011100100110111111101010101010011000000110010111100011101110001011111011011010011011100001100000111010000010110011111011010101011010110010101101110011100001010000010100011100010010111100010001111010101111001100000001111101111111000100100010001111101011111010001000101000000111001101000110011011100011110011110100110001011001011010010101101001001010111010010101101010110011010001000111000000111101011101000101001101011011001111100100011001000011111100111000110001100001001111011111100011111010100100000101010011010111100000100010011000010111010110101100111000100011110001011001101101101110000000110111010000100100111000011110110111011111111100110001110100000000000011100010111010111011111011001001010101010100001111001100000100111010001000001100100010010011001101111010011
01110000111111011001100111110111111100101111001111100100110101000101001101001011101101111001001010000101110100100011111001000000000110111100000100101000100101100001000001101110011110110110110011111011110110100100001001110010001010110100000001110000001001111110001001001100011000000101000011011111100111111111101111110111111110010111100011010101010011010110001010110001010100010000010100100010001011011001001111111000001110001001011000011011101011100011000101100001110111010011110001110101110001001101010011000001001001000000110000101001001011110011110110001000011101011111000101111101101000010011001111001010101101000100010010010111011101011010110111011100110110000100000101010111111100101101001100010010101111010110011100100111000010101100001101001011100101110010010100100100110100100110001101111001
10001111100110100111001111010100011011001000000010101010101100111111001101000011100010001110100000100100101100100011110011111010101111101001100000100101010100101001101010010001100011110101111101011100011101101000011101110000101010000110011111110000010000000111011011101110000010100000101110111010111111000110010111001100100011100001100001011001110100110100101101010010110110101000101101010010101001100101110111000111111000010100010111010110010100100110000011011100110111100000011000111001110001110110000100000011100000101011011111010101100101000011111011101100111101000101001010011000111001100001110100110010010010001111111001000101111011011000111100001001000100000000011001110001011111111111100011101000101000100000100110110101010101011110000110011111011000101110111110011011101101100110010000101100
10001111100110100111001111010100011010001000000010101010101100111111001101100011000010001110100000100100101100100011110011111000101111101001100000100101010100101001101010010001100011110101111101011100011101101000011111110000100010000111011111110000010000000111011011111111000010100000101110111010111111000110010111001100100011100001100001011001110100110100111101010010110110101000101101010010101001100101110111000111111000010100010111010110010100100110000011011100110011100000011000111001110011110110000100000011100000101011011111010101100101000011011011101100111001000101001010011000111011100001110100110010010010011111111001000101111011011000111100001001000100000000011001111001011111101011100011101000101000100000100110110111010101011110000110011111011000001110111110011011101101000110010000101100
10100111001110001011101110111110111100000011101000001010110001101101001000001001101100110010000010010101010100101101100011101110110111100001110000000100110100100001011000010111011000110010110010110011011001100111000101101000110011110111001110110010001111000011010000001001011110010000100000001010001101111111000011011101101001110101111011110001110010110000010100011110101010110001011001000010010010110000101111100111001110000011000101010111011000000111001111000111110011110011001101111101111000001011010011111001101110000001101100000100010111101011100000100100011001000111001110111100111011001000100010101011110001110101100010010001011111001000101101101010000101000001101010101111010111100110011010000011000110101101101101110011100010100110010110001000110111011010100110110000011101110010000101011111
10001111100110100111001111010100011010001000000010101010101100111111001101000011100010001110100000100100101100100011110011111010101111101001100000100101010100101001101010010001100011110101111101011100011101101000011101110000101010000110011111110000010000000111011011111110000010100000101110111010111111000110010111001100100011100001100001011001110100110100111101010010110110101000101101010010101001100101110111000111111000010100010111010110010100100110000011011100110111100000011000111001110001110110000100000011100000101011011111010101100101000011111011101100111101000101001010011000111001100001110100110010010010001111111001000101111011011001111100001001000100000000011001110001011111101111100011101000101000100000100110110111010101011110000110011111011000101110111110011011101101100110010000101100
00011010010001010010011001010000000001111101010100000100000011110010110011100100110011000110001101111010101010011111011100110000011100101110101111010011010010001110110111001000100010101011101100000010000111001001110010001111000101011010100101101101110100001101001111100100100001101101010000101100010100100001110000001111000011000000010110100110101001001111100011010001100101001111010110110101101110101110010110011011111111100110111111100100001111011010010100010110010000001100111100010010010111110100111110000110011000101000100111111111100100010100001101110011110110111000110001100011000100110110011000010101000111100001011101101100101101111011111010110101101101100111011011100001000000001001110010101101100011000111010111001100100001101001001001110110001100100110111111001111001010011100100001000000
10100101111110101111101101101111111101000011101011100001111100000101000100011001001110111001001101000110010100100010101011100000100111011101010000100000101111100001001100110110011101110100010001111010110010110101001101100001001010110100011001010000001110011110110001001000011111000011100011010111100111011100001111110001101100101111111001011001110010110100001010111110001010110001010111011010101001001000101101101100001110011000101000011111110000000001001111110001100011111011101101101100001000001111000111001001000101000111010000001000001011100001110110001100011011101010001101011100101101010000001100001001101100011100100010011011011110000100101111011100100010011100100101010111111100111111011000000010101110110110001100100011101110101100011110001011000101011101100100110100100001110011011110111011
10001111100110100111001111010100011010001000000010101010101100111111001101100011100010001110100000100100101100100011110011111000101111101001100000100101010100101001101010010001100011110101111101011100011101101000011111110000100010000111011111110000010001000111011011111111000010100000101110111010111111000110010111001100100011100001100001011001110100110100111101010010110110101000101101010010101001100101110111000111111000010100010111010110010100100110000011011100110111100000011000111001110011110110000100000011100000101011011111010101100101000011011011101100111001000101001010011000111011100001110100110010010010001111111001000101111011011000111100001001000100000000011001111001011111101111100011101000101000100000100110110111010101011110000110011111011000101110111110011011101101000110010000101100
01011010000010111000011110010100000111111000110100011100100011111010111011100110100011000100110100111100101010011011010110110111111001110100101101010010010000011110110111100001101011101010101100000110000011011100111011100111010101001111000110101001111100000000000110100100100001101000011110100001011100010110110100001110010011000011000110001010001000101101110011100011111101001110100100010101110100111101011010010010101011100101010010101000010101101011100100111110001100001110010000011011010101110100111100100110111000001010101111011111111100010110011101100011111110001000110010011001010100101011011000010100010111100001111101100100110100011111000000110001111101100011011011101000000101101001101010111111001000000011010111011100000101010110100011110110011000000111001001011011110110001101000000000100
01110000111001011000110000100011101101111111011100010101010111000000110011111100011011111101011110001011011011011110001100000101110000010111010111011110001010010110011101101010001110001000100010100011010010010011100111000111000101101011100000000110101110111100100100010000110101001111010001100011000001111001110100110011011000010110110110100111111011001010010000101100000001000111110010101101010101011010001000011000101111101001101010101001101110011001010100100011011000010110110011010100101110001101111110010100011011010100100011101010111010111100101100010011010110111010110101110101000100011110001111101100111111110000000110111000100000000111010100110110111011111110000110010011110000000000011100010101010111010111011011001000001011100001111001100000101000010100000001000100010010111101101011010010
01110000011001011000110000101011100101110111111101010101010011000000110010011100111101110001011111011011010011011100001100000111010000010110011111011010101011010110010101101110011100001010000010100011100010010111100000001111011101111000100000001111101111111000100100000000111101011111010001000101000000111001101000110011011100011110011110100110001011001010000010101101001001010111010010101101010110011010001000111000000111101011101000101001101011011001111100100011001100011111100111000110001100001001111011111100011111010100100000101010011010111100100100010011000110111010110101100111000100011110001011001101101101100000000110111010000100100111000011110110111011111111100110000110100000010100011100010111010111011111011001001000101010100001111001100000100111110001000001100100010010111001101111010011
10001111100110100111001111010100011011001000000010101010101100111111001101100011100010001110100000100100101100100011110011111000101111101001100000100101010100101001101010010001100011110101111101011100011101101000011111110000100010000111011111110000010000000111011011101111000010100000101110111010111111000110010111001100100011100001100001011001110100110101111101010010110110101000101101010010101001100101110111000111111000010100010111010110010100100110000011011100110111100000011000111001110011110110000100000011100000101011011111010101100101000011011011101100111001000101001010011000111001100001110100110010010010001111111001000101111011011000111100001001000100000000011001111001011111101111100011101000101000100000100110110111010101011110000110011111011000101110111110011011101101000110010000101100
01110000011001011000110000101011100100110111111101010101010011000000110010111100011101110001011111011011010011011100001100000111010000010110011111011010101011010110010101101110011100001010000010100011100010010111100010001111010101111001100000001111101111111000100100010001111101011111010001000111000000111001101000110011011100011110011110100110001011001011010010101101001001010111010010101101010110011010001000111000000111101011101000101001101011011001111100100011001100011111100111000110001100001001111011111100011111010100100000101010011010111100000100010011000010111010110101100111000100011110001011001101101101110000000110111010000100100111000011110110111011111111100110001110100000000000011100010111010111011111011001001000100010100001111001100000100111010001000001100100010010011001101111010011
10001111100110100111001111010100011011001000000010101010101100111111001101100011100010001110100000100100101100100011110011111000101111101001100000100101010100101001101010010001100011110101111101011100011101101000011101110000100010000111011111110000010000000111011011101111000010100000101110111010111111000110010111001100100011100001100001011001110100110100111101010010110110101000101101010010101001100101110111000111111000010100010111010110010100100110000011011100110011100000011000111001110011110110000100000011100000101011011111010101100101000011011011101100111001000101001010011000111011100001110100110010010010001111111001000101111011011000111100001001000100000000011001111001011111101111100011101000101000100000100110110111010101011110000110011111011000101110111110011011101101000110010000101100
10001111100110100111001111010100011010001000000010101010101100111111001101000011100010001110100000100100101100100011110011111010101111101001100000100101010100101001101010010001100011110101111101011100011101101000011101110000101010000110011111110000010000000111011011111110000010100000101110111010111111000110010111001100100011100001100001011001110100110100111101010010110110101000101101010010101001100101110111000111111000010100010111010110010100100110000011011100110111100000011000111001110001110110000100000011100000101011011111010101100101000011111011101100111101000101001010011000111011100001110100110010010010001111111001000101111011011001111100001001000100000000011001110001011111101111100011101000101000100000100110110111010101011110000110011111011000101110111110011011101101100110010000101100
10001111100110100111001111010100011011001000000010101010101100111111001101100011100010001110100000100100101100100011110011111000101111101001100000100101010100101001101010010001100011110101111101011100011101101000011111110000100010000111011111110000010000000111011011101111000010100000101110111010111111000110010111001100100011100001100001011001110100110101111101010010110110101000101101010010101001100101110111000111111000010100010111010110010100100110000011011100110011100000011000111001110011110110000100000011100000101011011111010101100101000011011011101100111001000101001010011000111011100001110100110010010010001111111001000101111011011000111100001001000100000000011001111001011111101111100011101000101000100000100110110111010101011110000110011111011000101110111110011011101101000110010000101100
01110000011001011000110000101011100101110111111101010101010011000000110010111100011101110001011111011011010011011100001100000111010000010110011111011010101011010110010101101110011100001010000010100011100010010111100010001111010101111001100000001111101111111000100100000001111101011111010001000101000000111001101000110011011100011110011110100110001011001011000010101101001001010111010010101101010110011010001000111000000111101011101000101001101011011001111100100011001000011111100111000110001100001001111011111100011111010100100000101010011010111100000100010011000010111010110101100111000100011110001011001101101101110000000110111010000100100110000011110110111011111111100110001110100000010000011100010111010111011111011001001000101010100001111001100000100111010001000001100100010010011001101111010011
01110010110110011000110000101011100101111111111100010101010111000000110010111100011011110001011110001011010011011110001100000101110010010111011111011110001011010110010101101110011110001010100010100011000010010100100011000111000101101011100000001110101110110000100100000001110101011111010001100111001001111001111100110011011000000110111110100111111011001011010010101101000000010110110010101101010101011010001000011000101111101001101000101001100010011001110100100011011100010110110011010110101110001001011011111100011011010100110011101010011010111100001100010011000010111010110101111101000100011110001111001101101101110000000110010000100000000111000100110110111001111111000111010110100000000000011100010111010111011111011001001000100010100001101001101000101000010101000001000100110010011001101011010011
10001111100110100111001111010100011010001000000010101010101000111111001101100011100010001110100000100100101100100011110011111000101111101001100000100101010100101001101010010001100011110101111101011100011101101000011111110000100010000111011111110000010001000111011011111111000010100000101110111010111111000110010111001100100011100001100001011001110100110101111101010010110110101000101101010010101001100101110111000111111000010100010111010110010100100110000011011100110111100000011000111001110011110110000100000011100000101011011111010101100101000011011011101100111001000101001010011000111011100001110100110010010010001111111001000101111011011000111100001001000100000000011001111001011111101111100011101000101000100000100110110111010101011110000110011111011000101110111110011011101101000110010000101100
01110000011001011000110000101011100100110111111101010101010011000000110010111100011101110001011111011011010011011100001100000111010000010110011111011010101011010110010101101110011100001010000010100011100010010111100010001111010101111001100000001111101111111000100100010001111101011111010001000111000000111001101000110011011100011110011110100110001011001011010010101101001001010111010010101101010110011010001000111000000111101011101000101001101011011001111100100011001100011111100111000110001100001001111011111100011111010100100000101010011010111100000100010011000010111010110101100111000100011110001011001101101101110000000110111010000100100111000011110110111011111111100110001110100000000000011100010111010111011111011001001000100010100001111001100000100111010001000001100100010010011001101111010011
01011000011010110000010001011000000001001010000110010101011011000010110010110100110010101101110000111010001010010000111100110011001101011111011011011011001011011110100111101010100000011010001110000110000111011100110000001111111101001010101101000111100111110011111110101011100001101011001100100101000010101000111000110011010010100010000001001110111011001001110111000001111111001110110111101101010101001110100000001011100011101110111110101100101100011100110110001110001100001010101010100011010101000001011111110110010001111101000010110111000000000110000101010011100010111100110001000000000101110000011000000101010010000010011110001110100000110001111011100111011010111010000010111000011100011111111000101101110011010010010001001000001111111011111011111011001100111101011011001001001011001101110010000000
01110010110110011000110000101011101101111111111100010101010111000000110010111100011011110001011110001011010011011110001100000101110010010111011111011110001011010110010101101110011110001010100010100011000010010100100011000111000101101011100000001110101110111000100100000001110101011111010001100111001001111001111100110011011000000110111110100111111011001011010010101101000000010111110010101101010101011010001000011000101111101001101000101001100010011001110100100011011100010110110011010110101110001001011011111100011011010100110011101010011010111100001100010011000010111010110101111101000100011110001111001101101101110000000110010000100000000111000100110110111001111111000111010110100000000000011100010111010111011111011001001000100010100001101001101000101000010101000001000100110010011001101011010010
01110000011001011000110000101011100101110111111101010101010011000000110010111100011101110001011111011011010011011100001100000111010000010110011111011010101011010110010101101110011100001010000010100011100010010111100010001111010101111001100000001111101111111000100100000001111101011111010001000101000000111001101000110011011100011110011110100110001011001011010010101101001001010111010010101101010110011010001000111000000111101011101000101001101011011001111100100011001100011111100111000110001100001001111011111100011111010100100000101010011010111100000100010011000010111010110101100111000100011110001011001101101101110000000110111010000100100110000011110110111011111111100110001110100000000000011100010111010111011111011001001000101010100001111001100000100111010001000001100100010010011001101111010011
01110000011001011000110000101011100100110111111101010101010011000000110010011100011101110001011111011011010011011100001100000111010000010110011111011010101011010110010101101110011100001010000010100011100010010111100010001111011101111000100000001111101110111000100100010000111101011111010001000101000000111001101000110011011100011110011110100110001011001011000010101101001001010111010010101101010110011010001000111000000111101011101000101001101011011001111100100011001100011111100111000110001100001001111011111100011111010100100000101010011010111100100100010011000110111010110101100111000100011110001011001101101101110000000110111010000100100111000011110110111011111111100110000110100000010000011100010111010111011111011001001000101010100001111001100000100111010001000001100100010010111001101111010011
01101000111010001010010000001001100101110001111100010001111101110000110010111100101011101101111111011111010001011100001101000101110001000110011111011010101000010000010111101110000000001110000011001011010010010111100111000111011101111010101010001000111111101100111110000000101111010111000001000001000101011010110100111001011100010111011001100110101001001010110110101101000000000111110110101101010110001000001000111010101010011001101001100001110001011000010100100010011001110100110111000110001101001111111111001100101001011111110010111001010010101100001010010111010110111010100101100001000100011110001011011100100111111101001110101000101001100111000111110100111011111110100100000110101000011101011100010111010111010100001011011101001011110001101101001101001100010000000001010100010011011001010001010010
10001111100110100111001111010100011010001000000010101010101100111111001101100011100010001110100000100100101100100011110011111000101111101001100000100101010100101001101010010001100011110101111101011100011101101000011101110000100010000111011111110000010000000111011011111111000010100000101110111010111111000110010111001100100011100001100001011001110100110101111101010010110110101000101101010010101001100101110111000111111000010100010111010110010100100110000011011100110011100000011000111001110011110110000100000011100000101011011111010101100101000011011011101100111001000101001010011000111011100001110100110010010010001111111001000101111011011000111100001001000100000000011001111001011111101111100011101000101000100000100110110111010101011110000110011111011000101110111110011011101101000110010000101100
01110000011001011000110000101011100101110111111101010101010011000000110010011100011101110001011111011011010011011100001100000111010000010110011111011010101011010110010101101110011100001010000010100011100010010111100010001111011101111000100000001111101110111000100100000000111101011111010001000101000000111001101000110011011100011110011110100110001011001011000010101101001001010111010010101101010110011010001000111000000111101011101000101001101011011001111100100011001100011111100111000110001100001001111011111100011111010100100000101010011010111100100100010011000110111010110101100111000100011110001011001101101101110000000110111010000100100111000011110110111011111111100110000110100000010000011100010111010111011111011001001000101010100001111001100000100111010001000001100100010010111001101111010011
01110000011001011000110000101011100101110111111101010101010011000000110010011100011101110001011111011011010011011100001100000111010000010110011111011010101011010110010101101110011100001010000010100011100010010111100000001111011101111000100000001111101111111000100100000000111101011111010001000101000000111001101000110011011100011110011110100110001011001011000010101101001001010111010010101101010110011010001000111000000111101011101000101001101011011001111100100011001000011111100111000110001100001001111011111100011111010100100000101010011010111100100100010011000110111010110101100111000110011110001011001101101101110000000110111010000100100110000011110110111011111111100110000110100000010000011100010111010111011111011001001000101010100001111001100000100111010001000001100100010010111001101111010011
00011110000001110000011010000010000011011000110100011110000011111010111011100110010011000110110100111001101111011101000110010111011001100010101011010111011010011110111010010001100011101011101100000100001101001010110010011110110101001011110110101101110101100000011110111111100001111110111000100000011000000011100000001100010011010000010110100000001000001011110011100010110101001100101001110101010100110101110010110111111001110111011111100001000111011100110010111110001100000100010000011011010111110111111000110110111010111010111111100110110100011100001001110011100110000000110010000011010110101111100011110100000011110011111101100100100000111011000000100011011101000011011010100000000010000001110110111101110001000001100011011100010001010010100011110100011000100111000001001011011111011101000011000100
01110000011001011000110000101011100101110111111101010101010011000000110010011100011101110001011111011011010011011100001100000111010000010110011111011010101011010110010101101110011100001010000010100011100010010111100010001111011101111000100000001111101111111000100100000000111101011111010001000101000000111001101000110011011100011110011110100110001011001011000010101101001001010111010010101101010110011010001000111000000111101011101000101001101011011001111100100011001000011111100111000110001100001001111011111100011111010100100000101010011010111100100100010011000110111010110101100111000110011110001011001101101101110000000110111010000100100110000011110110111011111111100110000110100000010000011100010111010111011111011001001000101010100001111001100000100111010001000001100100010010111001101111010011
10001111100110100111001111010100011011001000000010101010101100111111001101000011100010001110100000100100101100100011110011111010101111101001100000100101010100101001101010010001100011110101111101011100011101101000011101110000101010000110011111110000010000000111011011101110000010100000101110111010111111000110010111001100100011100001100001011001110100110100101101010010110110101000101101010010101001100101110111000111111000010100010111010110010100100110000011011100110011100000011000111001110001110110000100000011100000101011011111010101100101000011111011101100111101000101001010011000111011100001110100110010010010001111111001000101111011011000111100001001000100000000011001110001011111111111100011101000101000100000100110110111010101011110000110011111011000101110111110011011101101100110010000101100
10001111100110100111001111010100011010001000000010101010101100111111001101000011100010001110100000100100101100100011110011111000101111101001100000100101010100101001101010010001100011110101111101011100011101101000011101110000101010000110011111110000010000000111011011111110000010100000101110111010111111000110010111001100100011100001100001011001110100110100101101010010110110101000101101010010101001100101110111000111111000010100010111010110010100100110000011011100110011100000011000111001110011110110000100000011100000101011011111010101100101000011111011101100111101000101001010011000111001100001110100110010010010001111111001000101111011011001111100001001000100000000011001110001011111111111100011101000101000100000100110110111010101011110000110011111011000101110111110011011101101100110010000101100
10111000011000001010010100001001100101110001111100010001001101110000010010110100111011101111111111011011110001011100001100000101111001000110011111111010101010011110010111101010100000001110100001101011110010011110110111000111011101111010100010001100110001101101111110000000100101010111000001000001000101011011110000111001011000010111011101111110101001001010100010100101000000010111110010111101010110101010001000110000101000011101101001101001110011011000010100100010011001110100110111001110001001011111111111001100001101011110110010101000010010101100001110010011010110111000100101000111000100011110001111111100100111111101001110101000100000100111000111110100111011010110100110000110101000010101010100010111010111010100001011001011111000100001101001011101001100000100101001000100000001011101010001110000
10001111100110100111001111010100011011011000000010101010101100111111001101000011100010001110100000100100101100100011110011111000101111101001100000100101010100101001101010010001100011110101111101011100011101101000011111110000100010000111011111110000010000000111001011101111000010100000101110111000111111000110010111001100100011100001100001011001110100110101111101010010110111101000101101010010101000100101110111000111111000010100010111010110010100100110000011011100110011100000011000111001110111110110000100000011100000101011011111010101100101000011111011101100111001000101001010111000111011100001110100110010010010001011111001000101111011011001111100001001000100000000011001111001011111111011100011101000101000100000100110110101011101011110000110011111011000101110111110011011101101100110010000001100
01110000011001011000110000101011100100110111111101010101010011000000110010011100011101110001011111011011010011011100001100000111010000010110011111011010101011010110010101101110011100001010000010100011100010010111100000001111011101111000100000001111101110111000100100010000111101011111010001000101000000111001101000110011011100011110011110100110001011001010000010101101001001010111010010101101010110011010001000111000000111101011101000101001101011011001111100100011001100011111100111000110001100001001111011111100011111010100100000101010011010111100100100010011000110111010110101100111000100011110001011001101101101110000000110111010000100100111000011110110111011111111100110000110100000010000011100010111010111011111011001001000101010100001111001100000100111010001000001100100010010111001101111010011
01110000111110011001100111110111111100101101001111100100110101000100001101001011101101111101001010000101110100100010111001000001000010111100000100101000100101100000010101101110011110110110110011111011110110100100001001110010001010110100100001110000001001011110001001001100011000000101000111011111100111111111101111110111111110010111100011011101010011010110001010110001010100010000010100100010001011011001001111111000000111001001011000011011101011100011000101100001110111010011110001110111111000001100010011000001001001000000110000101001001011110011110110001000010101011111000101111101101000010011001111001010101101001100010010010101011101011010110111011100110110000100100101010111111100101101001100010010101111110110011100100111000010100100001101001011100101110010110100100100110100100110001101111001
01110000011001011000110000101011100100110111111101010101010111000000110010011100011101110001011111011011010011011100001100000111010000010110011111011010101011010110010101101110011100001010000010100011100010010111100010001111011101111000100000001111101110111000100100010000111101011111010001000101000000111001101000110011011100011110011110100110001011001010000010101101001001010111010010101101010110011010001000111000000111101011101000101001101011011001111100100011001100011111100111000110001100001001111011111100011111010100100000101010011010111100100100010011000110111010110101100111000100011110001011001101101101110000000110111010000100100111000011110110111011111111100110000110100000010000011100010111010111011111011001001000101010100001111001100000100111010001000001100100010010111001101111010011
10001111100110100111001111010100011011001000000010101010101100111111001101100011100010001110100000100100101100100011110011111000101111101001100000100101010100101001101010010001100011110101111101011100011101101000011111110000100010000111011111110000010001000111011011101111000010100000101110111010111111000110010111001100100011100001100001011001110100110100111101010010110110101000101101010010101001100101110111000111111000010100010111010110010100100110000011011100110111100000011000111001110011110110000100000011100000101011011111010101100101000011011011101100111001000101001010011000111011100001110100110010010010001111111001000101111011011000111100001001000100000000011001111001011111101111100011101000101000100000100110110111010101011110000110011111011000101110111110011011101101000110010000101100
01110010110010011000110000101011101101110111111100010101010111000000110010111100011011111001011110001011010011011110001100000101110000010111010111011010001011010110010101101110011110001010100010100011100010010111100011000111000101101011100000001110101110111100100100000001110101011111010001100111000001111001111100110011011000010110111111100111011011001010010010101101000000010111110010101101010101011010001000011000101111101001101000101001100010011001010100100011011100010110110011010110101110001001011011111100011011010100100011101010011010111100001100010011000110111010110101111101000100011110001111001100101101110000000110011000100000000111000100110110111001111110000111010110110000000000011100010111010111011111011001001010100010100001111001100000100000010101000001000100010010111001101111010010
01110000111001011000110000100011101101111111011100010101010111000000110011111100011011111101011110001011011011011110001100000101110000010111010111011110001010010110011101101010001110001000100010100011010010010011100111000111000101101011100000000110101110111100100100010000110101001111010001100011000001111001110100110011011000010110110110100111111011001010010000101100000001000111110010101101010101011010001000011000101111101001101010101001101110011001010100100011011100010110110011010100101110001101111110010100011011010100100011101010111010111100101100010011010110111010110101110101000100011110001111101100111111110000000110111000100000000111010100110110111011111110000110010011110000000000011100010101010111010111011011001000001011100001111001100000101000010100000001000100010010111101101011010010
10001111100110100111001111010100011010001000000010101010101100111111001101100011000010001110100000100100101100100011110011111000101111101001100000100101010100101001101010010001100011110101111101011100011101101000011111110000100010000111011111110000010000000111011011111111000010100000101110111010111111000110010111001100100011100001100001011001110100110101111101010010110110101000101101010010101001100101110111000111111000010100010111010110010100100110000011011100110011100000011000111001110011110110000100000011100000101011011111010101100101000011011011101100111001000101001010011000111011100001110100110010010010011111111001000101111011011001111100001001000100000000011001111001011111101011100011101000101000100000100110110111010101011110000110011111011000001110111110011011101101000110010000101100
10001111100110100111001111010100011010001000000010101010101100111111001101000011100010001110100000100100101100100011110011111010101111101001100000100101010100101001101010010001100011110101111101011100011101101000011101110000101010000110011111110000010000000111011011111110000010100000101110111010111111000110010111001100100011100001100001011001110100110100111101010010110110101000101101010010101001100101110111000111111000010100010111010110010100100110000011011100110111100000011000111001110001110110000100000011100000101011011111010101100101000011111011101100111101000101001010011000111001100001110100110010010010001111111001000101111011011000111100001001000100000000011001110001011111101111100011101000101000100000100110110111010101011110000110011111011000101110111110011011101101100110010000101100
01110000011001011000110000101011100100110111111101010101010011000000110010111100011101110001011111011011010011011100001100000111010000010110011111011010101011010110010101101110011100001010000010100011100010010111100000001111011101111000100000001111101111111000110100010000111101011111010001000111000000111001101000110011011100011110011110100110001011001010000010101101001000010111010010101101010110011010001000111000000111101011101000101001101011011001111100100011001100011111100111000110001000001001111011111100011111010100100000101010011010111100000100010011000110111010110101000111000110011110001011001101101101100100000110111010000100100110000011110110111011111111100110000110100000000100011100010111010111011111011001001010100010100001111001100000100111110001000001100100010010011001101111110011
10001111000110100111001111011100010010000000100011101010101000111111001100000011100100000010100001110100100100100001110011111010001111101000101000100001110101101001100010010101110001110111011101011100101101101100011000111000111010010100011101111001010001000011011011101111001010110000101110011100111110000110001011001100100111101001001001011000000100110101101111010011111110111000001101010010101010100101110111100111010000010110010101010110010001100110101011011100100111101001001100101011010001110010000001101011100100101011011100010101000101000011010011101100101001000101001010001010111011100001110000010011000000001111111001000111011111111000101011001001000100000001111001101100001111111111100011101010101000101000100100110111110100011110000110011111010111101011111110111011101101000010010100111101
10001111100110100111001111010100011010001000000010101010101100111111001101100011000010001110100000100100101100100011110011111000101111101001100000100101010100101001101010010001100011110101111101011100011101101001011111110000100010000111011111110000010001000111011011111111000010100000101110111010111111000110010111001100100011100001100001011001110100110101111101010010110110101000101101010010101001100101110111000111111000010100010111010110010100100110000011011100110011100000011000111001110011110110000100000011100000101011011111010101100101000011011011101100111001000101001010011000111011100001110100110010010010011111111001000101111011011000111100001001000100000000011001111001011111101011100011101000101000100000100110110111010101011110000110011111011000001110111110011011101101000110010000101100
01011010000001010000010010010010000010111100010100011110000011111010111011100110110001000110110010111011101011011101010100011111011000100010101111011111010000011110110011001001100010101011101110000101001101001010110010011110110101001011100110101111110001110001001110110111100000111100011000101000011000100011100000001111010011010000000110100110001101001011110101000001110101001110101000100101010110110111010010010011110001100111010111100000001111111110110000001110011100000100010010010011110111110000111000110110111010111000101111100111110100011110001101110011100110010101110010100011010010101111110011110110010011100001011101100100100000111011010000100011011101100011011010101001000011000000100111111101010001000001110011011100010001010011100001110100111010100110011011001011011110001100100001000000
01110000011001011000110000101011100101110111111101010101010011000000110010111100011101110001011111011011010011011100001100000111010000010110011111011010101011010110010101101110011100001010000010100011100010010111100010001111010101111001100000001111101111111000100100000001111101011111010001000101000000111001101000110011011100011110011110100110001011001011000010101101001001010111010010101101010110011010001000111000000111101011101000101001101011011001111100100011001100011111100111000110001100001001111011111100011111010100100000101010011010111100000100010011000010111010110101100111000100011110001011001101101101110000000110111010000100100110000011110110111011111111100110001110100000010000011100010111010111011111011001001000101010100001111001100000100111010001000001100100010010011001101111010011
10101101111101101111000101001111111100000011001011100011001100000101000100011001011000111011001111000011010100100100101001001000100111001001000010101100101111100001001000011110010100010101010011111011111000100001001100111000101010110100111101010010000011111111110101011001010111010011101011011011100111011000001111110001101100101111101101110101110100110010001000001110000010110101011011001010101011000000110101101101011100011001101001011111111010011101011011000001110011110101101111100100101000001011000111001001000111110111010000000000000011101001110111001100010001100111001101010100101011010100100111100011110000011110000010011001011001000100111111001100100011011100100100010111111011010110010000000000011100111100101000100011111010101001010110001011110001001000110110110100100101010010111111111011
10001111100110100111001111010100011010001000000010101010101100111111001101100011100010001110100000100100101100100011110011111000101111101001100000100101010100101001101010010001100011110101111101011100011101101000011101110000100010000111011111110000010001000111011011111111000010100000101110111010111111000110010111001100100011100001100001011001110100110101111101010010110110101000101101010010101001100101110111000111111000010100010111010110010100100110000011011100110011100000011000111001110011110110000100000011100000101011011111010101100101000011011011101100111001000101001010011000111001100001110100110010010010001111111001000101111011011000111100001001000100000000011001111001011111101111100011101000101000100000100110110111010101011110000110011111011000101110111110011011101101000110010000101100
10001111100110100111001111010100011011001000000010101010101100111111001101000011100010001110100000100100101100100011110011111000101111101001100000100101010100101001101010010001100011110101111101011100011101101000011111110000100010000111011111110000010000000111001011101111000010100000101110111000111111000110010111001100100011100001100001011001110100110101111101010010110111101000101101010010101001100101110111000111111000010100010111010110010100100110000011011100110011100000011000111001110111110110000100000011100000101011011111010101100101000011111011101100111001000101001010111000111011100001110100110010010010011011111001000101111011011000111100001001000100000000011001111001011111111011100011101000101000100000100110110101011101011110000110011111011000001110111110011011101101100110010000001100
10001101001101100111001111010100010010001000000011101010101000111111001101000011100100001110100001110100101100100001110011111000000111101000100000100001110100101001101010010001100001110101011101011100011101101001011100111000111010010100011111110000010001001111011011111110001010100000101110011000110110000110000111001100100111101001100001011000100100110110101101010010111111101000001101010010101010100101110111100111010000010110010111010110011001100110001011011100100011101001001100101001010001110110100100000011100100101011011100010101100101000011110011101100111001000101001010000010111011100001110000110010010010001111111001101111011111111000111011001001000110000000111000101001011111111111100011101000101000100000100110110111011101011110010110010111010111101010111110111011001101100110010100101101
10000111000111110101101111110110011010001110000011101110000010001111001101001011010100010011000000100100001110100011110010111010001110111001100000100101010111101101111000010101111111110001111100110100101101100000011000111000100010000101000101110011000000010011010001111101010010101000111110111110111010100101001111000110100011101000100110011001010110110101001001010010111110111000001001010010101001110111110111000101010111100100010110011110001110100111101011011101100110001011001000111001110010110000000000110011000110100000001101000100101101010011110101101000111001000101011010011110111011100001110100000011011000000010110001010111010111011000111000001011000100101001011011111001010111100010100011101000101000101011110100100010100100001110010110110010110011101011110110101011111100100010101110101101
01110000011001011000110000101011100100110111111101010101010011000000110010011100011101110001011111011011010011011100001100000111010000010110011111011010101011010110010101101110011100001010000010100011100010010111100000001111011101111000100000001111101111111000100100010000111101011111010001000101000000111001101000110011011100011110011110100110001011001011000010101101001001010111010010101101010110011010001000111000000111101011101000101001101011011001111100100011001000011111100111000110001100001001111011111100011111010100100000101010011010111100100100010011000110111010110101100111000110011110001011001101101101110000000110111010000100100110000011110110111011111111100110000110100000010000011100010111010111011111011001001000101010100001111001100000100111010001000001100100010010111001101111010011
01110000011001011000110000101011100100110111111101010101010011000000110010111100011101110001011111011011010011011100001100000111010000010110011111011010101011010110010101101110011100001010000010100011100010010111100000001111011101111000100000001111101111111000110100010000111101011111010001000111000000111001101000110011011100011110011110100110001011001010010010101101001000010111010010101101010110011010001000111000000111101011101000101001101011011001111100100011001100011111100111000110001000001001111011111100011111010100100000101010011010111100000100010011000110111010110101100111000110011110001011001101101101110100000110111010000100100111000011110110111011111111100110000110100000000100011100010111010111011111011001001010100010100001111001100000100111010001000001100100010010011001101111010011
00010010010001110100111001010010001001111001010100011111000010111011110101110110110011000110110100111010101010010100111110110101011000101010101111011111010011001111100010001000100111101011101100000100101111111000110010000111100101001011010101101101110100010011001111110111000000101010111000100100110000100001100000001101110011000000010110010010101001001001101011000000110001101110011110100101110110111101110110001001110001101111001111101100001111001100100100011110000100011100111010010010111111110010111110100110011110101010010011110111110100010100100101110011111110011000110001100101010010101110111000010101000010000011111001100110100010110011001000100011110000110011011011100001000000010001111010101101110001000011110111001100001001000010100001110101101000100111011001000111001000011100100011000000
10001111000110100111001111011100011010000001100011101010101000111111001100000011100110000010100001110100100100100001110011111010001111101001101000100001110101111001100010010101110001110101011101011100101101101000011000110000111010100100011111111001010001000011011011101111001010110000101110111100111111000110001011001100100111101001100001011000000100110100101111010010111110111000001101010010101000100001110111100111010000010110010101010110010101100110001011011100100011101001001100101001010001110010100001101011100110101011011100010001000100000111010011101100001001000101001010001010111011100011110000010011000000101111111001000111011111100000101011001001000100000001111001101000001111111111100011101010101100101000100100110111111100011110000110011111010111101011111110111011101101000010010100111100
01110000011001011000110000101011100100110111111101010101010111000000110010011100011101110001011111011011010011011100001100000111010000010110011111011010101011010110010101101110011100001010000010100011100010010111100000001111011101111000100000001111101110111000100100010000111101011111010001000101000000111001101000110011011100011110011110100110001011001010000010101101001001010111010010101101010110011010001000111000000111101011101000101001101011011001111100100011001000011111100111000110001100001001111011111100011111010100100000101010011010111100100100010011000110111010110101100111000100011110001011001101101101110000000110111010000100100111000011110110111011111111100110000110100000010000011100010111010111011111011001001000101010100001111001100000100111010001000001100100010010111001101111010011
01110000011001011000110000101011100100100111111101010101010011000000110010111100011101110001011111011011010011011100001100000111010000010110011111011010101011010110010101101110011100001010000010100011100010010111100000001111011101111000100000001111101111111000110100010000111101011111010001000111000000111001101000110011011100011110011110100110001011001010010010101101001000010111010010101101010111011010001000111000000111101011101000101001101011011001111100100011001100010111100111000110001000001001111011111100011111010100100000101010011010111100000100010011000110111010110101000111000110011110001011001101101101110100000110111010000100100110000011110110111011111111100110000110100000000100011100010111010111011111011001001010100010100001111001100000100111010001000001100100010010011001101111110011
01110000011001011000110000101011100100110111111101010101010011000000110010011100011101110001011111011011010011011100001100000111010000010110011111011010101011010110010101101110011100001010000010100011100010010111100000001111011101111000100000001111101111111000100100010000111101011111010001000101000000111001101000110011011100011110011110100110001011001011000010101101001001010111010010101101010110011010001000111000000111101011101000101001101011011001111100100011001100011111100111000110001100001001111011111100011111010100100000101010011010111100100100010011000110111010110101100111000110011110001011001101101101110000000110111010000100100111000011110110111011111111100110000110100000010000011100010111010111011111011001001000101010100001111001100000100111010001000001100100010010111001101111010011
01100000111010011000110000101001100101111111001110010101011111000000110011011100111011111101011111001001010001011100001101000101010001010110010111011010101010000000011111101010001100001010000011101011010010010111100011000110011001101010101000000000101111110110110100001010111111001111000101010010000011011000110100110001011100010110111001100111101001001110110100101101000000010110110110101100010101001010001000011010001111001011101100101001111001011000010100000111011000110000110011000110001101001101011111011100111001010100110011101011011011100010000010010001010010111010100101100101000101011100011011101100101111111100001110101000100000110111010111110110111011111110000101010111111100001100011100010111110111010110001011001100001011100001101101001001001100010000000001000100010011111001111001010010
10001111100110100111001111010100011011001000000010101010101100111111001101000011100010001110100000100100101100100011110011111000101111101001100000100101010100101001101010010001100011110101111101011100011101101000011111110000100010000111011111110000010000000111001011101111000010100000101110111000111111000110010111001100100011100001100001011001110100110101101101010010110111101000101101010010101001100101110111000111111000010100010111010110010100100110000011011100110011100000011000111001110111110110000100000011100000101011011111010101100101000011111011101100111001000101001010011000111001100001110100110010010010011011111001000101111011011000111100001001000100000000011001111001011111111011100011101000101000100000100110110101011101011110000110011111011000001110111110011011101101100110010000101100
10001111100110100111001111010100011011001000000010101010101100111111001101000011100010001110100000100100101100100011110011111000101111101001100000100101010100101001101010010001100011110101111101011100011101101000011111110000100010000111011111110000010000000111001011101111000010100000101110111000111111000110010111001100100011100001100001011001110100110101101101010010110111101000101101010010101001000101110111000111111000010100010111010110010100100110000011011100110011101000011000111001110111110110000100000011100000101011011111010101100101000011111011101100111001000101001010011000111001100001110100110010010010011011111001000101111011011001111100001001000100000000011001111001011111111011100011101000101000100000100110110101011101011110000110011111011000001110111110011011101101100110010000101100
11101101101110001011101110101101110110000110101011100000111101000100001010001001101100111001001011000101010101101011000001001010100111010001010000100000101100110000011101110111011000010100010011111011010000100111001101101000011010110100101010010010001111101100010000001000111111010101000111011011001111011110011111110010001100111111101001001101010110110100010100111110001110100011000001011010001001001011001001110110001110010000110000010011110000110011011011100001111011100011000101101101000000001101000101011001100101000101101000001000001011101011011010001100010001100110001110011010101101010001100111100010111100111100000110011001011001001100110111011100001011011100100100011110111111101110000101010010001110111100101000110011110110111101011110001011010111010000100110110000110111110011011100111111
10001111100110100111001111010100011011001000000010101010101100111111001101000011100010001110100000100100101100100011110011111010101111101001100000100101010100101001101010010001100011110101111101011100011101101000011101110000101010000110011111110000010000000111011011101110000010100000101110111010111111000110010111001100100011100001100001011001110100110100101101010010110110101000101101010010101001100101110111000111111000010100010111010110010100100110000011011100110111100000011000111001110001110110000100000011100000101011011111010101100101000011111011101100111101000101001010011000111001100001110100110010010010001111111001000101111011011001111100001001000100000000011001110001011111111111100011101000101000100000100110110111010101011110000110011111011000101110111110011011101101100110010000101100
01110000011001011000110000101011100101110111111101010101010011000000110010011100011101110001011111011011010011011100001100000111010000010110011111011010101011010110010101101110011100001010000010100011100010010111100000001111011101111000100000001111101111111000100100000000111101011111010001000101000000111001101000110011011100011110011110100110001011001011000010101101001001010111010010101101010110011010001000111000000111101011101000101001101011011001111100100011001100011111100111000110001100001001111011111100011111010100100000101010011010111100100100010011000110111010110101100111000110011110001011001101101101110000000110111010000100100110000011110110111011111111100110000110100000010000011100010111010111011111011001001000101010100001111001100000100111010001000001100100010010111001101111010011
10100101111010000101100001001100111100001111001111000011111100000101000100011011001101111001000000000110010001100011111001100000000111001101010000101000100101100001100100111110001100010100010011111010011110110101001101011001101010110100011001010010000011011111111001001110011010000101000111011111100111101101011111110010101100101111101001011101111110010000101100011100001110111000011111101010101110000011110101101000000010011010100010000111101000100111001011011101110011111011101111101100100000001010000111000001000101101011000000010001010011101011110010001100011001101111001101001000101011000000111100101011101100001111100010011011011111000100111111001000000010011100100100011101111100111111010001100010100110110100011100110101101110111101000110001011000100111000111110101100100100100010011110111011
10001111100110100111001111010100011011001000000010101010101100111111001101000011100010001110100000100100101100100011110011111010101111101001100000100101010100101001101010010001100011110101111101011100011101101000011101110000101010000110011111110000010000000111011011101110000010100000101110111010111111000110010111001100100011100001100001011001110100110100101101010010110110101000101101010010101001100101110111000111111000010100010111010110010100100110000011011100110011100000011000111001110001110110000100000011100000101011011111010101100101000011111011101100111101000101001010011000111001100001110100110010010010001111111001000101111011011001111100001001000100000000011001110001011111111111100011101000101000100000100110110101010101011110000110011111011000101110111110011011101101100110010000101100
10001111000000100110011000001000000011010010110000011011001010111010110010110100010010000110110101111010001011011100000110111111111001000011111011010111011010011110111110010001100001001001001100000100001001011011110110001101110101001011111110001111110110000001110110110011100111111010111100100000011000000000010000001000000001101000011100101010101100101001110101001110101011101111101011011101110100100110110000000111110001110110100111100100010100011100111010011110001000101100001110001010001110110010101100111110110110111111001111010110110100001100001001110111100010100000111010000010010111101100110000110101010010111011101101101000100010100101001000100011001001111011111010101000000011010010110011111101010000001001100011011000111101010011110010110100011010001101101011011011001011011001110010000010
10001111100110100111001111010100011011001000000010101010101100111111001101100011100010001110100000100100101100100011110011111000101111101001100000100101010100101001101010010001100011110101111101011100011101101000011101110000100010000111011111110000010001000111011011101111000010100000101110111010111111000110010111001100100011100001100001011001110100110101111101010010110110101000101101010010101001100101110111000111111000010100010111010110010100100110000011011100110011100000011000111001110011110110000100000011100000101011011111010101100101000011011011101100111001000101001010011000111011100001110100110010010010001111111001000101111011011000111100001001000100000000011001111001011111101111100011101000101000100000100110110111010101011110000110011111011000101110111110011011101101000110010000101100
11101101101110001011101110101101110110000110101011100000111101000100001010001001101100111001001011000101010101101011000001001010100111010001010000100000101100110000011101110111011000010100010011111011010000100111001101101000011010110100101010010010001111101100010000001000111111010101000111011011001111011110011111110010001100111111101001001101010110110100010100111110001110100011000001011010001001001011001001110110001110010000110000010011010000110011011111100001111011100011000101101101000000001101000101011001100101000101101000001000001011101011011010001100000001100110001110011010101101010001000111100010111100111100000110011001011001001100110111011100001011011100100100011110111111101110000101010010001110111100101000110011110110111101011110001011010111010000100110110000110111110011011100111111
01110000111001011000110000100011100101111111111100010101010111000000110011111100011001111101011111001011111011011110001100000101111000010110010111011010001010010110011101101010001110001010100010000011010010011111101111001111000101001011100010000100101110111100100100000000110101001111010001100011000000111001110100110011011000010110011110100111011001001011010010101001000000000111110010101101010101011110001000011000101111101001101010101001101011011001010100100011001000010110110011010110001111001101011110110100011001010100100011101010011010111100001100010011110110111010110101110101000100011110011011001100111111110000000110111000100100000111000010110110111011111110000110010111110000000000011100110101010011010111011011001000000011100001111001100000101000010100000001000100010010111101101011000010
01011000110001110100010001000001000011111100010111110101001110010010110111110110010011001101111101101010101011010010011100010001001000011110001111111011001011011110100111101000100111001101001101001100100110011000111010010111001100001000110001001101110000111100101111110110100001101111011111110101110010000000111100100010010110001010000100001110001101001111101011100001010101001110100110111101101101001111010000011000110001111100111010101000100111111000110000111000001100001100110010000010000111110100101100000110010001111110010011111011101000010100011111011011100110111000110001000011000100110111011101000100001110001010011101101110100000110111010010010101111010111110010101010000101000011001100001111100111001010010010010001100011101011001101001110111001000100101011001001111100010001101111010100000
10001111100110100111001111010100011011001000000010101010101100111111001101000011100010001110100000100100101100100011110011111010101111101001100000100101010100101001101010010001100011110101111101011100011101101000011101110000101010000110011111110000010000000111011011101110000010100000101110111010111111000110010111001100100011100001100001011001110100110100111101010010110110101000101101010010101001100101110111000111111000010100010111010110010100100110000011011100110111100000011000111001110001110110000100000011100000101011011111010101100101000011111011101100111101000101001010011000111001100001110100110010010010001111111001000101111011011001111100001001000100000000011001110001011111101111100011101000101000100000100110110111010101011110000110011111011000101110111110011011101101100110010000101100
10001111100110100111001111010100011011001000000010101010101100111111001101100011100010001110100000100100101100100011110011111000101111101001100000100101010100101001101010010001100011110101111101011100011101101000011111110000100010000111011111110000010000000111011011101111000010100000101110111010111111000110010111001100100011100001100001011001110100110101111101010010110110101000101101010010101001100101110111000111111000010100010111010110010100100110000011011100110011100000011000111001110011110110000100000011100000101011011111010101100101000011011011101100111001000101001010011000111001100001110100110010010010001111111001000101111011011000111100001001000100000000011001111001011111101111100011101000101000100000100110110111010101011110000110011111011000101110111110011011101101000110010000101100
10001111100110100111001111010100011010001000000010101010101100111111001101000011100010001110100000100100101100100011110011111010101111101001100000100101010100101001101010010001100011110101111101011100011101101000011101110000101010000110011111110000010000000111011011111110000010100000101110111010111111000110010111001100100011100001100001011001110100110100101101010010110110101000101101010010101001100101110111000111111000010100010111010110010100100110000011011100110111100000011000111001110001110110000100000011100000101011011111010101100101000011111011101100111101000101001010011000111011100001110100110010010010001111111001000101111011011001111100001001000100000000011001110001011111111111100011101000101000100000100110110111010101011110000110011111011000101110111110011011101101100110010000101100
01110000011001011000110000101011100100110111111101010101010011000000110010111100011101110001011111011011010011011100001100000101010000010110011111011010101011010110010101101110011100001010000010100011100010010111100010001111010101111001100000001111101111111000100100010001111101011111010001000101000000111001101000110011011100011110011110100110001011001011000010101101001001010111010010101101010110011010001000111000000111101011101000101001101011011001111100100011001100011111100111000110001110001001111011111100011111010100100000101010011010111100000100010011000010111010110101100111000100011110001011001101101101110000000110111010000100100110000011110110111011111111100110001110100000010000011100010111010111011111011001001000101010100001111001100000100111010001000001100100010010011001101111010011
01110000011001011000110000101011100101110111111101010101010011000000110010111100011101110001011111011011010011011100001100000111010000010110011111011010101011010110010101101110011100001010000010100011100010010111100010001111010101111001100000001111101111111000100100000001111101011111010001000101000000111001101000110011011100011110011110100110001011001011010010101101001001010111010010101101010110011010001000111000000111101011101000101001101011011001111100100011001000011111100111000110001100001001111011111100011111010100100000101010011010111100000100010011000010111010110101100111000110011110001011001101101101110000000110111010000100100111000011110110111011111111100110001110100000000000011100010111010111011111011001001000101010100001111001100000100111010001000001100100010010011001101111010011
10001111100110100111001111010100011011011000000010101010101100111111001101000011100010001110100000100100101100100011110011111000101111101001100000100101010100101001101010010001100011110101111101011100011101101000011111110000100010000111011111110000010000000111001011101110000010100000101110111000111111000110010111001100100011100001100001011001110100110100101101010010110111101000101101010010101000100101110111000111111000010100010111010110010100100110000011011100110011101000011000111001110111110110000100000011100000101011011111010101100101000011111011101100111001000101001010111000111001100001110100110010010010011111111001000101111011011001111100001001000100000000011001111001011111111011100011101000101000100000100110110101011101011110000110011111011000001110111110011011101101100110010000001100
11110010011010000101101011111100111001100111001111100010111111000100000010001101101110111101001000000111010101001000001001000111001001000101010001101010100101100010100101011000110100010110110011111010110100000011000001010011001000110100110001110000001001011111111000000110111001010101001011011111000111101111011011100011011100011111101011111101001011010100001110110011000100011001010100100010101011010010101011110001000111001010011000000011101101000010001101100011110101010010110101000110100000001000000011011001000001000100100000111101001011110011110010111000000001111010101001111001101000010000011110011110101101001111000010011011011101011000110111111100111010011110100101010111111100100101101111010010100010110110011100000111100110101001010101001000100101111110111100000100001000010111011111111011
01001111000001111000011110101011000011110000110000111100000001111010111010110100111000000011111111111101000111011111000110101101110000100010111010010101011010111110101010000101111011101001001100000101000001101011100010101110010101001011010110001111110101000000010110111001100111111010111000100000000000010010100000001100110011110000000100100010000111101101110011101101100001100111101011011101010011111100001100011111011000110111011111110000010100110001110011010010011000100100000100001000011110010101111000101110101110101110001111000110101100011100001101110111101110000111101010000011010110101111000011110100010010111000111101100000100000111001000001100011001101001011111010100000000011110000100000011101000001001001101011011010011001010011111110010100011001000111000111111111011011010001100001010110
00010010010001110100010001010010001001111101010100011111000010111011110101110110010011000110110100111010101010010100111110110101011000101110101111011111010011001111100010001000100111101011101100000100101111011000110010010111100101001011010101101101110000010011101111110111000000101010111000100100110000100001100000001101110011000000010110110010101001001011101011000001110001011100111110100101110110110100110110001001110001101111001111101100101111001100100000011110000100011100111010010010111111110010111010100110011010101010010111110111110100010100100101110011111110011001110001100101010010101110011000011101000011000011111001100110100110111011001000100011110100100011011011100001000000010001111010101101110001000011010111001100001001000010100001110100101000101111011001001111001000001100100011000000
10001111100110100111001111010100011010001000000010101010101100111111001101100011000010001110100000100100101100100011110011111000101111101001100000100101010100101001101010010001100011110101111101011100011101101001011111110000100010000111011111110000010000000111011011111111000010100000101110111010111111000110010111001100100011100001100001011001110100110100111101010010110110101000101101010010101001100101110111000111111000010100010111010110010100100110000011011100110011100000011000111001110011110110000100000011100000101011011111010101100101000011011011101100111001000101001010011000111011100001110100110010010010011111111001000101111011011001111100001001000100000000011001111001011111101011100011101000101000100000100110110111010101011110000110011111011000001110111110011011101101000110010000101100
01110000011001011000110000101011100100100111111101010101010011000000110010111100011101110001011111011011010011011100001100000111010000010110011111011010101011010110010101101110011100001010000010100011100010010111100000001111011101111000100000001111101111111000110100010000111101011111010001000111000000111001101000110011011100011110011110100110001011001010000010101101001000010111010010101101010110011010001000111000000111101011101000101001101011011001111100100011001100011111100111000110001000001001111011111100011111010100100000101010011010111100000100010011000110111010110101000111000100011110001011001101101101110100000110111010000100100111000011110110111011111111100110000110100000000100011100010111010111011111011001001010100010100001111001100000100111010001000001100100010010011001101111110011
11110000011110001101100011111100111101100111001111100011111101000100000110001011101111111101000000000111010101001000101001000110000011010101010001101000110101000000010101111010010000010110110011111010110110000110000101000010001010110100110001110100001011111111111000001110111100010001000001010011000111101111011001110011011100011111111011011101001011010110001010110111001000011001010100100011001111000010001001110001000110001011001000000011101001000011001101100011110101010011110111101110100000001100010011011101000001010100100000111001000011110001110010110100000001101011100101111101101001001000011111001110101101011111000010011011011110011110110111111100110010011110100101010111101100110001001101010010110110010110011100000011000110101101011101001001100111011000100100000000000000110111011011111011
01110000011001011000110000101011100101110111111101010101010011000000110010011100111101110001011111011011010011011100001100000111010000010110011111011010101011010110010101101110011100001010000010100011100010010110100000001111011101111000100000001111101111111000100100000000111101011111010001000101000000111001101000110011011100011110011110100110001011001010000010101101001001010111010010101101010110011010001000111000000111101011101000101001101011011001111100100011001100011111100111000110001100001001111011111100011111010100100000101010011010111100100100010011000110111010110101100111000100011110001011001101101101100000000110111010000100100110000011110110111011111111100110000110100000010100011100010111010111011111011001001000101010100001111001100000100111110001000001100100010010111001101111010011
10101101111100101111000101001111111101000011001011100011001100000101001100010001011100111011001111000111010101100100101011001000000111001111000010101100101111100001001000010110011100010101010011111011111010100011000100111000001010010100111001010110010011100110111101001001010111010011101001011011100111011000011111110000101100101111101101110101110100110010001000101100000010110001011001011010101011000001111101101101001100011011101011010111111010011101111011000001110011110101101111100100101000001011000111001001000111110111010000001000000011101000110011001100010001110110001101110100101011010100100111100011110000011110000010010001011001000100111111001100100011011100100100010111111111000110010000010000001101111100101000100011111010101001011110001011100001000000110100110100100001010000011111111011
10001111100110100111001111010100011010001000000010101010101100111111001101000011100010001110100000100100101100100011110011111000101111101001100000100101010100101001101010010001100011110101111101011100011101101000011101110000101010000110011111110000010000000111011011111110000010100000101110111010111111000110010111001100100011100001100001011001110100110100111101010010110110101000101101010010101001100101110111000111111000010100010111010110010100100110000011011100110111100000011000111001110011110110000100000011100000101011011111010101100101000011111011101100111101000101001010011000111001100001110100110010010010001111111001000101111011011000111100001001000100000000011001110001011111101111100011101000101000100000100110110111010101011110000110011111011000101110111110011011101101100110010000101100
10001111100110100111001111010100011010001000000010101010101100111111001101100011000010001110100000100100101100100011110011111000101111101001100000100101010100101001101010010001100011110101111101011100011101101001011111110000100010000111011111110000010001000111011011111111000010100000101110111010111111000110010111001100100011100001100001011001110100110100111101010010110110101000101101010010101001100101110111000111111000010100010111010110010100100110000011011100110011100000011000111001110011110110000100000011100000101011011111010101100101000011011011101100111001000101001010011000111011100001110100110010010010011111111001000101111011011000111100001001000100000000011001111001011111101011100011101000101000100000100110110111010101011110000110011111011000001110111110011011101101000110010000101100
10001111100110100111001111010100011010001000000010101010101100111111001101100011100010001110100000100100101100100011110011111000101111101001100000100101010100101001101010010001100011110101111101011100011101101000011111110000100010000111011111110000010001000111011011111111000010100000101110111010111111000110010111001100100011100001100001011001110100110100111101010010110110101000101101010010101001100101110111000111111000010100010111010110010100100110000011011100110011100000011000111001110011110110000100000011100000101011011111010101100101000011011011101100111001000101001010011000111001100001110100110010010010001111111001000101111011011000111100001001000100000000011001111001011111101111100011101000101000100000100110110111010101011110000110011111011000101110111110011011101101000110010000101100
01110000111110011000110111110101111100101101001111100100110100000110001101001001101111111100001010000101110100100011111001000000000110111100000100101001100111100001010101101010011110110110110011111010110110000000001001010011001010110100100001110000001000011111001001000110011001000101000111011111100111111111111101110011111110011111101011011101000011110110011110010001010100010000010100100010001011011011001111111000100110001001010000001011101011100011000101101001110101010011110001110101110001001100010011000001001001000000110000101001011011110011110110001000010001111111100101111001101000010011011111001010101101001100010010010101111101011010110111011100110110000100000101010111111100101101001100010000101111010110011100100111000010101100001101000011100111110010011100000000110100100110001101111101
10001101001001100111001111010100010010000000000011101010101000111111001101000011100100001110100001110100101100100001110011111010001101101000100000100001110100101001101010010001100001110101011101011100111101101011011100111000111010010100011111110001010001001111011011111110001010100000101110011000110110000110000011001100100111111001000001011000000100110100101101010010111111101001001101010010101010100101110111100111010000010110010111010110011101100110001011011100100011101001001100101001010001110110100100000011100100101011001100010101100101000011110011101100111101000101001010000010111011100001100000110010010010001111111001101111011111111000111011001001000110000000111000101001011111111111100011101000101000100000100110110111011101011110010110010111010111101010111110111011001101100110010100101101
01110000011001011000110000101011100100100111111101010101010011000000110010111100011101110001011111011011010011011100001100000111010000010110011111011010101011010110010101101110011100001010000010100011100010010111100000001111011101111000100000001111101111111000110100010000111101011111010001000111000000111001101000110011011100011110011110100110001011001010000010101101001000010111010010101101010111011010001000111000000111101011101000101001101011011001111100100011001100011111100111000110001000001001111011111100011111010100100000101010011010111100000100010011000110111010110101000111000110011110001011001101101101110100000110111010000100100110000011110110111011111111100110000110100000000100011100010111010111011111011001001010100010100001111001100000100111010001000001100100010010011001101111110011
01110000011001011000110000101011100100110111111101010101010011000000110010111100011101110001011111011011010011011100001100000101010000010110011111011010101011010110010101101110011100001010000010100011100010010111100010001111010101111001100000001111101111111000100100010001111101011111010001000111000000111001101000110011011100011110011110100110001011001011010010101101001001010111010010101101010110011010001000111000000111101011101000101001101011011001111100100011001100011111100111000110001110001001111011111100011111010100100000101010011010111100000100010011000010111010110101100111000100011110001011001101101101110000000110111010000100100110000011110110111011111111100110001110100000000000011100010111010111011111011001001010100010100001111001100000100111010001000001100100010010011001101111010011
10001111100110100111001111010100011011001000000010101010101100111111001101100011100010001110100000100100101100100011110011111000101111101001100000100101010100101001101010010001100011110101111101011100011101101000011111110000100010000111011111110000010001000111011011101111000010100000101110111010111111000110010111001100100011100001100001011001110100110101111101010010110110101000101101010010101001100101110111000111111000010100010111010110010100100110000011011100110111100000011000111001110011110110000100000011100000101011011111010101100101000011011011101100111001000101001010011000111011100001110100110010010010001111111001000101111011011000111100001001000100000000011001111001011111101111100011101000101000100000100110110111010101011110000110011111011000101110111110011011101101000110010000101100
10001111100110100111001111010100011010001000000010101010101100111111001101000011100010001110100000100100101100100011110011111010101111101001100000100101010100101001101010010001100011110101111101011100011101101000011101110000101010000110011111110000010000000111011011111110000010100000101110111010111111000110010111001100100011100001100001011001110100110100101101010010110110101000101101010010101001100101110111000111111000010100010111010110010100100110000011011100110111100000011000111001110001110110000100000011100000101011011111010101100101000011111011101100111101000101001010011000111011100001110100110010010010001111111001000101111011011001111100001001000100000000011001110001011111111111100011101000101000100000100110110111010101011110000110011111011000101110111110011011101101100110010000101100
01110000011001011000110000101011100101110111111101010101010011000000110010111100011101110001011111011011010011011100001100000101010000010110011111011010101011010110010101101110011100001010000010100011100010010111100010001111010101111001100000001111101111111000100100000001111101011111010001000101000000111001101000110011011100011110011110100110001011001011010010101101001001010111010010101101010110011010001000111000000111101011101000101001101011011001111100100011001100011111100111000110001110001001111011111100011111010100100000101010011010111100000100010011000010111010110101100111000100011110001011001101101101110000000110111010000100100110000011110110111011111111100110001110100000000000011100010111010111011111011001001000101010100001111001100000100111010001000001100100010010011001101111010011
01110010110010011000110000101011101101110111111100010101010111000000110010111100011011111001011110001011010011011110001100000101110000010111010111011010001011010110010101101110011110001010100010100011100010010111101011000111000101101011100000001110101110111100100100000001110101011111010001100111000001111001111100110011011000010110111111100111011011001010010010101101000000010111110010101101010101011010001000011000101111101001101000101001100010011001010100100011011100010110110011010110101110001001011011111100011011010100100011101010011010111100001100010011000110111010110101111101000100011110001111001100101101110000000110011000100000000111000100110110111001111110000111010110110000000000011100010111010111011111011001001010100010100001111001100000100000010101000001000100010010111001101111010010
10001111100110100111001111010100011010001000000010101010101100111111001101100011000010001110100000100100101100100011110011111000101111101001100000100101010100101001101010010001100011110101111101011100011101101001011111110000100010000111011111110000010000000111011011111111000010100000101110111010111111000110010111001100100011100001100001011001110100110100111101010010110110101000101101010010101001100101110111000111111000010100010111010110010100100110000011011100110011100000011000111001110011110110000100000011100000101011011111010101100101000011011011101100111001000101001010011000111011100001110100110010010010011111111001000101111011011000111100001001000100000000011001111001011111101011100011101000101000100000100110110111010101011110000110011111011000001110111110011011101101000110010000101100
10001111100110100111001111010100011011001000000010101010101100111111001101000011100010001110100000100100101100100011110011111000101111101001100000100101010100101001101010010001100011110101111101011100011101101000011111110000100010000111011111110000010000000111001011101111000010100000101110111000111111000110010111001100100011100001100001011001110100110101101101010010110111101000101101010010101001000101110111000111111000010100010111010110010100100110000011011100110011101000011000111001110111110110000100000011100000101011011111010101100101000011111011101100111001000101001010011000111001100001110100110010010010001011111001000101111011011000111100001001000100000000011001111001011111111011100011101000101000100000100110110101011101011110000110011111011000101110111110011011101101100110010000101100
10001111100110100111001111010100011011001000000010101010101100111111001101000011100010001110100000100100101100100011110011111000101111101001100000100101010100101001101010010001100011110101111101011100011101101000011101110000101010000110011111110000010000000111011011101110000010100000101110111010111111000110010111001100100011100001100001011001110100110100111101010010110110101000101101010010101001100101110111000111111000010100010111010110010100100110000011011100110111100000011000111001110011110110000100000011100000101011011111010101100101000011111011101100111101000101001010011000111001100001110100110010010010001111111001000101111011011000111100001001000100000000011001110001011111101111100011101000101000100000100110110111010101011110000110011111011000101110111110011011101101100110010000101100
10001111100110100111001111010100011010001000000010101010101100111111001101000011100010001110100000100100101100100011110011111000101111101001100000100101010100101001101010010001100011110101111101011100011101101000011101110000101010000110011111110000010000000111011011111110000010100000101110111010111111000110010111001100100011100001100001011001110100110100111101010010110110101000101101010010101001100101110111000111111000010100010111010110010100100110000011011100110011100000011000111001110011110110000100000011100000101011011111010101100101000011111011101100111101000101001010011000111001100001110100110010010010001111111001000101111011011000111100001001000100000000011001110001011111101111100011101000101000100000100110110111010101011110000110011111011000101110111110011011101101100110010000101100
01110000011001011000110000101011100101110111111101010101010011000000110010111100011101110001011111011011010011011100001100000111010000010110011111011010101011010110010101101110011100001010000010100011100010010111100010001111010101111001100000001111101111111000100100000001111101011111010001000101000000111001101000110011011100011110011110100110001011001011000010101101001001010111010010101101010110011010001000111000000111101011101000101001101011011001111100100011001000011111100111000110001100001001111011111100011111010100100000101010011010111100000100010011000010111010110101100111000110011110001011001101101101110000000110111010000100100111000011110110111011111111100110001110100000010000011100010111010111011111011001001000101010100001111001100000100111010001000001100100010010011001101111010011
01110000011001011000110000101011100101110111111101010101010011000000110010111100011101110001011111011011010011011100001100000111010000010110011111011010101011010110010101101110011100001010000010100011100010010111100010001111010101111001100000001111101111111000100100000001111101011111010001000101000000111001101000110011011100011110011110100110001011001011000010101101001001010111010010101101010110011010001000111000000111101011101000101001101011011001111100100011001000011111100111000110001100001001111011111100011111010100100000101010011010111100000100010011000010111010110101100111000110011110001011001101101101110000000110111010000100100111000011110110111011111111100110001110100000010000011100010111010111011111011001001000101010100001111001100000100111010001000001100100010010011001101111010011
10001111100110100111001111010100011010001000000010101010101100111111001101100011100010001110100000100100101100100011110011111000101111101001100000100101010100101001101010010001100011110101111101011100011101101000011111110001100010000111011111110000010000000111011011111111000010100000101110111010111101000110010111001100100011100001100001011001110100110100111101010010110110101000101101010010101001100101110111000111111000010100010111010110010100100110000011011100110111100000011000111001110011110110000100000011100000101011011111010101100101000011011011101100111001000101001010011000111001100001110100110010010010001111111001000101111011011001111100001001000101000000011001111001011111101111100011101000101000100000100110110111010101011110000110011111011000101110111110011011101101000110010000101100
01110000011001011000110000101011100101110111111101010101010011000000110010011100111101110001011111011011010011011100001100000111010000010110011111011010101011010110010101101110011100001010000010100011100010010110100000001111011101111000100000001111101110111000100100000000111101011111010001000101000000111001101000110011011100011110011110100110001011001010000010101101001001010111010010101101010110011010001000111000000111101011101000101001101011011001111100100011001100011111100111000110001100001001111011111100011111010100100000101010011010111100100100010011000110111010110101100111000100011110001011001101101101100000000110111010000100100111000011110110111011111111100110000110100000010100011100010111010111011111011001001000101010100001111001100000100111110001000001100100010010111001101111010011
01110010110010011000110000101011101101110111111100010101010111000000110010111100011011111001011110001011010011011110001100000101110000010111010111011010001011010110010101101110011110001010100010100011100010010111101011000111000101101011100000001110101110111100100100000001110101011111010001100111000001111001111100110011011000010110111111100111011011001010010010101101000000010111110010101101010101011010001000011000101111101001101000101001100010011001010100100011011100010110110011010110101110001001011011111100011011010100100011101010011010111100001100010011000110111010110101111101000100011110001111001100101101110000000110011000100000000111000100110110111001111110000111010110110000000000011100010111010111011111011001001010100010100001111001100000100000010101000001000100010010111001101011010010
10001111100110100111001111010100011011001000000010101010101100111111001101000011100010001110100000100100101100100011110011111010101111101001100000100101010100101001101010010001100011110101111101011100011101101000011101110000101010000110011111110000010000000111011011101110000010100000101110111000111111000110010111001100100011100001100001011001110100110100101101010010110110101000101101010010101001100101110111000111111000010100010111010110010100100110000011011100110011100000011000111001110001110110000100000011100000101011011111010101100101000011111011101100111101000101001010011000111001100001110100110010010010001111111001000101111011011001111100001001000100000000011001110001011111111111100011101000101000100000100110110101011101011110000110011111011000101110111110011011101101100110010000101100
01110000011001011000110000101011100101110111111101010101010011000000110010111100011101110001011111011011010011011100001100000101010000010110011111011010101011010110010101101110011100001010000010100011100010010111100010001111010101111001100000001111101111111000100100000001111101011111010001000101000000111001101000110011011100011110011110100110001011001011010010101101001001010111010010101101010110011010001000111000000111101011101000101001101011011001111100100011001100011111100111000110001110001001111011111100011111010100100000101010011010111100000100010011000010111010110101100111000100011110001011001101101101110000000110111010000100100110000011110110111011111111100110001110100000000000011100010111010111011111011001001000101010100001111001100000100111010001000001100100010010011001101111010011
